行號,原文,原文長度,重點整理,處理時間,原始_簡述,原始_全段主題,原始_總主題
1,"主席：大家早安，謝謝大家，今天我們換到比較大的會議室，比較大的會議室也不是有大缺點，小缺點就是主席的位置更明顯了，所以之後如果在這個會議室開會的話，我應該就是坐在這個位置。
我們今天的議程，第一個大概是IRM那邊相關資訊的回報，這比較單純，再來就是委員會會議相關的開支跟籌措方式，這也是上一次我們有討論到的一個後續，再來第三個是開放國會行動方案分組組長報告進度，這一塊比較是今天會議的重點，再來是確認下次的開會時間跟地點。所以我想我們就先請蕭新晟回報跟NDI溝通的後續，謝謝。
蕭新晟：關於新型態的IRM，這是NDI他們在OGP新的legislative engagement，就是所謂OGP裡面開放國會的track小組裡面，他們在研究新的IRM的方式，上次就有提出過兩種可能性，第一個是所謂的alternative reporting，就是並不是像OGP一般開放政府的方式，而是用民間組織CSO帶領的方式，就像我們現在正在進行的shadow report即影子報告的方式，然後搭配官方的報告，這個就是他們現在正在中亞的吉爾吉斯實驗進行一種新型態的IRM，這跟我們現在在做的比較像，就像我們公督盟和國會官方這邊，這是我們可以考慮採用的方式。第二個就是之前有提過像是peer review，就是國會to國會，可能是我方國會搭配越南或某一個國家的國會，採互相review的方式，他們叫做third party即第三方IRM",609,"## 會議記錄整理

### 出現人物  
- 蕭新晟 - IRM相關報告組長 / NDIA溝通負責人 - 提出NDI在OGP開放國會track中關於新型態IRM的兩種可能性：一是由民間組織（CSO）帶領的「alternative reporting」模式，類似現行影子報告方式，並以中亞吉爾吉斯為實驗案例；二是「peer review」模式，即國會間互相審查，如我方國會與越南或其他國家國會合作，由第三方進行IRM，並說明此模式為NDI所提倡的第三方IRM。

### 核心要點  
1. 新型態IRM可採用「民間組織帶領的影子報告」模式，結合官方報告，此方式與現行公督盟與國會合作模式相近，且已在中亞吉爾吉斯實驗驗證，具可行性與參考價值。  
2. NDI提出「國會間互評（peer review）」作為第三方IRM模式，建議我方可考慮與越南等國國會進行互評合作，強化透明度與外部監督效果。

### 決策事項  
- 考慮採用民間組織（CSO）帶領的「alternative reporting」模式作為新型態IRM的實施方式，此模式類似現行的影子報告（shadow report）機制，並搭配官方報告，作為未來開放國會行動方案中IRM的參考方向。  
（此決策屬中層重要性，為對策方向的選擇，尚未確立最終執行方案，但已形成具體考量與方向性決議。）

- 對「peer review」（國會間互相審查）作為第三方IRM模式，提出作為未來可能的選項之一，但尚未決定是否採行，僅作為討論與比較對象。  
（此為討論性建議，未形成明確決策，屬初步評估。）

> 補充說明：會議中雖提及兩種IRM模式，並對「alternative reporting」表示具備

### 行動項目  
- 該探討並評估NDI提出的新型態IRM兩種模式（alternative reporting與peer review）的可行性，特別是alternative reporting（由民間組織CSO帶領的影子報告方式）是否可作為我方IRM實踐的參考模式 - 蕭新晟（負責回報與評估）  
- 評估與國會間進行peer review（國會對國會的第三方審查）模式的潛力，包括與越南或其他國家國會合作的可能性 - 蕭新晟（負責評估與後續建議）  
- 確認是否將alternative reporting模式納入未來IRM的推動方向，並規劃相關執行細節（如角色分工、報告流程、時間表等） - 委員會團隊（負責規劃與決策）  
（緊急程度：中等；時間要求：需於下次會議前完成

### 總結  
會議重點討論開放國會行動方案中新型態IRM的兩種模式：由民間組織帶領的影子報告方式，以及國會間相互審查（peer review）的第三方模式，並建議參考NDI在吉爾吉斯的實驗經驗。",2025-09-25 04:25:30,會議重點包括IRM資訊回報、經費籌措與行動方案進度，並探討影子報告及國會互評作為IRM新模式。,IRM資訊回報與經費籌措規劃,「開放國會行動方案：經費規劃、資訊透明、倫理規範與公民參與的制度化推進」
2,"這個是已經在OGP local裡面，就是開放政府，但是是地方政府，所以也是OGP的次團體，都是以地方政府組成的，他們已經在實行第三方，因為畢竟他們是很多小城市組成的OGP local，所以他們就會互相review，他們可能已經有實行過幾年，我有放一些文件在Slack上面，大家可以參考看看，這也是另外一個方式。如果是以這種第三方國會to國會的方式的話，也是另外一個可行性，因為這兩個NDI、OGP都是在實驗中，他們也會跟我們密切互相搭配，然後分享心得，所以我們也可以提供我們的反饋給NDI、給OGP，但也有可能會進入他們這個新型態的IRM裡面，所以也不是我們就要追隨他們的腳步，而是我們這邊如果有什麼想法、有什麼進度，也可以回報給他們，然後一起來打造這個新型態開放國會上面的IRM，以上報告。
主席：我想應該概念上就是說我們現在這樣子繼續進行我們上一次討論的IRM作法，雖然我們不是OGP的會員國，但是即便是這樣，我們現在做的方式也沒有違反他們目前的標準、規範和流程，因為他們也在做新的，而且他們新的IRM內容跟我們現在在做的也沒有互斥，我們做的其實也符合他們其中一個新的嘗試，對不對？應該是這樣。大家針對這一題有沒有什麼意見？君陽和公督盟還沒有來，",525,"## 會議記錄整理

### 出現人物  
- 君陽 - 未明確職位 - 未具體發言內容，僅提及「君陽和公督盟還沒有來」，顯示其可能為參與會議的代表，但無進一步職位或貢獻說明  
- 公督盟 - 未明確職位 - 同樣僅在「君陽和公督盟還沒有來」中被提及，未提供其具體發言或貢獻內容  
- 主席 - 主席職位 - 提出對當前IRM做法的肯定，強調即使非OGP會員國，現行作法仍符合OGP的標準與新嘗試，並引導討論方向，確認當前做法與OGP新發展無衝突，具備概念上的合理性與可行性  

（註：會議中提及「NDI」與「OGP」為組織名稱，非個人，故不視為人物；其他如「我們」、「大家」為泛指，不具體對應個人。）

### 核心要點  
1. 我們的IRM實踐符合OGP Local的標準與新趨勢——儘管非OGP會員國，現行做法未違反其規範，反而契合其新興的第三方互評與國會間審查機制，具備兼容性與可行性。  
2. 可主動參與並貢獻本土經驗至OGP與NDI的新型IRM實驗——透過分享進度與反饋，推動開放國會領域的創新發展，而非單向追隨，實現雙向協作與共同進步。

### 決策事項  
- 維持現行IRM（開放國會）作法，並確認該做法符合OGP（開放政府計畫）最新標準與流程，即使本單位非OGP會員國。  
- 支持以第三方國會對國會（國會to國會）模式作為可行的補充或替代方案，並願意與NDI、OGP等組織進行經驗交流與互補。  
- 允許在實踐過程中主動提供反饋給NDI與OGP，並參與其新型態IRM（開放國會）的發展與建構，不強求追隨其腳步，而是以實際進度與想法進行回報與協作。  

（此決策層級屬中高層級，涉及組織定位、合作模式與未來發展方向，具備戰略性與政策導向，反映對國際實踐的適

### 行動項目  
- 整理並分享OGP Local相關文件至Slack，供團隊參考 - 無明確負責人（推測為會議參與者共同承擔）  
- 考慮將本單位在IRM實踐中的經驗與進度，回報給NDI與OGP，參與其新型態IRM的發展討論 - 無明確負責人（推測為會議參與者共同承擔）  
- 進一步確認本單位現行IRM作法是否符合OGP最新標準與流程，並評估與其新嘗試的兼容性 - 無明確負責人（推測為會議參與者共同承擔）  

（註：會議中提及「君陽和公督盟還沒有來」，顯示部分參與者尚未加入，但未明確指派具體行動或責任單位，故相關行動項目以團隊共識為基礎

### 總結  
本會議確認現行IRM實踐符合OGP Local及NDI新嘗試的標準與流程，並強調可持續分享經驗、互相學習，而非單方面追隨，共同推動開放國會的創新發展。",2025-09-25 04:26:56,OGP local 已實施第三方互評，NDI與OGP仍在試驗新IRM模式，我方現行作法與其新標準並不衝突，仍具參考與回饋價值。,,
3,"不過我想他應該也不會有什麼意見，因為現在我們做的方向並沒有跟他是互斥的，對不對？好，關於剛才的結論、剛才的報告，是不是到時候就我們的會議紀錄以及今天的相關資訊還是cue一下公督盟，讓他們特別看一下，好不好？OK，第二個部分是委員會會議相關開支及籌措方式，這個部分應該由誰報告？
于顥：請曉菁報告一下。
梁專員曉菁：OK。那個excel表的部分，好像于顥已經有放進Slack，所以大家可以參考一下。這個預估表大概分三部分，第一個部分是各式文件的翻譯成本，第二個是IRM的撰寫費用，第三個是開放國會委員會的會議費用。好，先從第一個翻譯成本來看，因為好像目前預估會有四份報告，有兩份是action plan，一個是國會版的，一個是民間版的，在IRM的報告裡面也會分官方跟民間，現在就這每一個報告的翻譯費用去算，標準是照上次在翻譯toolkit時的費用，一個字算3元，然後每頁大概算1,000字，我們如果預估每一份報告大概有40頁的話，那大概就是這個費用。
因為我們預估我們的行動方案應該是12月初會有一個初版，估計初版之後就會進行翻譯，我們現在就是把先把那個翻譯放在2021年的第一季，目前估計大概有12萬元的經費，每一份行動方案大概就是12萬元。IRM這個部分，因為看上次的會議紀錄好像是說第一份的IRM是預計在明年12月會出來",562,"## 會議記錄整理

### 出現人物  
- 于顥 - 委員會成員 / 發言者 - 提出會議方向與開支報告的分工，指出翻譯表單已上傳至Slack，並參與討論翻譯成本與預算分配，強調現行方向與其他單位無衝突，並建議將翻譯費用預估納入2021年第一季經費。  
- 梁專員曉菁 - 專員 / 報告人 - 負責報告委員會會議開支與籌措方式，詳細說明翻譯成本、IRM撰寫費用及會議費用三部分預算，提出每份報告翻譯按「每字3元、每頁1,000字」計算，並預估每份行動方案翻譯費用約12萬元，同時說明IRM報告的預計完成時間為明年12月。  

（註：「公督盟」為組織名稱，非個人，故未列入人物識別；「會議紀錄」與「相關資訊」為內容描述，無具體人物。）

### 核心要點  
1. 翻譯與IRM費用預估為12萬元/份，依每頁1,000字、每字3元標準計算，總經費約12萬元，涵蓋兩份行動方案（國會版與民間版）及IRM報告的翻譯成本。  
2. 會議紀錄與相關資訊應同步提供給公督盟，並由梁專員曉菁負責報告委員會會議開支與籌措方式，含文件翻譯、IRM撰寫及會議費用三大部分。

### 決策事項  
- 會議結論與相關資訊應由會議紀錄及當日內容「cue一下公督盟」，並請其「特別留意」，以確保資訊傳達與協作。  
- 委員會會議相關開支及籌措方式由「梁專員曉菁」負責報告。  
- 翻譯成本的計算標準為：每字3元，每頁約1,000字，每份報告預估40頁，翻譯費用以該標準計算。  
- 預估總翻譯經費為12萬元，涵蓋兩份行動方案（國會版與民間版）及IRM報告中官方與民間版本的翻譯。  
- 行動方案初版預計於12月初完成，翻譯工作將在初版後進行，並預計於2021

### 行動項目  
- 建議將會議紀錄及今日相關資訊轉發給公督盟，請其特別關注並審視 - 無明確負責人（可推測為會議主持人或於顥）  
- 由梁專員曉菁報告委員會會議相關開支及籌措方式 - 梁專員曉菁  
- 整理並提供翻譯成本預估表（包含四份報告的翻譯費用），依據每字3元、每頁約1,000字、每份報告約40頁之標準計算，總預估經費約12萬元（含兩份action plan、國會版與民間版報告） - 梁專員曉菁  
- 整理IRM撰寫費用預估（含官方與民間版本），並納入整體開支計算 - 梁專員曉菁

### 總結  
會議確認翻譯與IRM撰寫費用預估，並建議由曉菁報告相關開支，重點聚焦於行動方案與IRM報告的翻譯成本與時程安排。",2025-09-25 04:28:39,會議討論經費籌措，主要包含翻譯、IRM撰寫與會議費用，初估每份報告翻譯約12萬元，經費安排自2021年起。,,
4,"所以就是把IRM的中翻英費用也是放在明（2021）年11月到12月那一季。
另外，顧問有提到要把速錄師跟手語的翻譯費也都要估進去。速錄師這個部分，我們現在是假設明年公報處的同仁沒有辦法支應的話，我們的開會頻度也還是維持在每個月兩次，然後每個月都要召開的狀況之下，現在是以唐鳳政委常合作的那個速錄師的價格去算，每個小時1,800元，乘以2個小時，每個月兩次，每季3個月，大概就會有2萬1,600元的費用，就是每一季大概都會有同樣的費用。關於手語翻譯費，我們現在搭配的是臺北市政府社會局委託的手譯師來幫我們做合作，一人大概1,500元，然後每次他們會派兩位，2個小時，同樣是以每個月開兩次會議這樣的頻率來算，大概每季會有3萬6,000元的費用，所以在這個費用來講的話，年度費用大概是有53萬400元這樣的經費支出。
第二個大項，就是IRM的撰寫，上次會議有提到好像有民團的代表講IRM的撰寫如果委託第三方來撰寫的話，大概會需要預估50萬元的費用，我們這邊官方版的IRM報告因為以前沒有發生過類似委外去做這個性質的報告，這個經費的預估基本上我們就是按照資訊處在做資安評估的時候，他們為了要達到國際標，也就是ISO標準的時候，他們說大概這個價格就是一年60萬元，所以這個大項在年度來說大概就會有110萬元的費用。",552,"## 會議記錄整理

### 出現人物  
- 唐鳳 - 政委 - 主要貢獻或發言重點：在速錄師費用的估算中被提及為常合作對象，代表其與公報處同仁有長期合作關係，用以作為費用計算的參考基礎。  
- 臺北市政府社會局 - 委託單位 - 主要貢獻或發言重點：被提及為手語翻譯服務的提供單位，負責委託手譯師進行會議翻譯，並作為費用計算的依據。  
- 資訊處 - 職能單位 - 主要貢獻或發言重點：在IRM報告撰寫費用的估算中被引用，其過去進行資安評估時達到ISO標準的經驗被作為年度費用60萬元的參考依據。  

> 註：會議記錄中並未明確提及具體個人姓名（如民團代表等）的姓名，僅提到「民團的代表」，無具體姓名可識別。因此，僅根據可確認之資訊，識別出上述人物或單位角色。  

（說明：雖有提及「民團代表」，但未提供具體姓名，故未列入人物名稱列表。）

### 核心要點  
1. 每季翻譯與速錄費用約新台幣21,600元（速錄）＋36,000元（手語翻譯）＝57,600元，全年約新台幣23萬元，為例行性行政開支。  
2. IRM報告撰寫年度預算約新台幣110萬元，基於類似資安評估成本推估，為目前最主要之經費項目。

### 決策事項  
- 將IRM的中翻英費用納入2021年11月到12月季度的經費規劃中。  
- 决定將速錄師與手語翻譯費納入年度經費預算，其中速錄師費用以每小時1,800元、每月兩次、每次2小時、每季3個月計算，每季約21,600元；手語翻譯費以每場1,500元、每次派兩位譯員、2小時、每月兩次計算，每季約36,000元，兩者合計每季約57,600元，年度總計約534,000元。  
- 確定IRM撰寫費用以資訊處進行資安評估時所參考的國際標準（

### 行動項目  
- 將IRM的中翻英費用納入2021年11月至12月季度的經費規劃 - 無明確負責人  
- 估算並納入速錄師翻譯費用（每小時1,800元，每月2次，每次2小時，每季約21,600元） - 無明確負責人  
- 估算並納入手語翻譯費用（每場2位手語翻譯師，每小時1,500元，每月2次，每次2小時，每季約36,000元） - 無明確負責人  
- 確認年度總經費為53萬4,000元（含速錄師與手語翻譯費） - 無明確負責人  
- 估算IRM

### 總結  
本會議確認IRM中翻英、速錄師及手語翻譯費的季度支出，並預估年度IRM撰寫經費為110萬元，總年度經費約為163.4萬元。",2025-09-25 04:30:25,經費估算新增速錄與手語翻譯，年度約53萬元；IRM撰寫若委外，民間約50萬、官方約60萬，合計年度約110萬元。,,
5,"第三大項就是開放國會委員會會產生的費用，因為我們現在都還是借院內的場地，所以我們就沒有算場地費，我們現在所預估的費用，大部分就是在舉辦院內會議的時候，可能會提供一些咖啡、點心或便當的費用，也都是用委員會在開會的時候的金額，大概一個人90元這樣去算的話，我們每一季大概會估2萬元，這樣加起來的話，每年的費用大概就是有8萬元。把這三大項費用加總起來，現在預估大概會有183萬400元的費用，這個是目前我們所預估的數字，每一項都用最大值去估之後，總共的金額大概是這樣子。
主席：謝謝，我們是不是現在就開放討論一下？針對整個明年度的費用，現在初估是183萬400元，先提醒各位在上個禮拜我們討論到的進度，如果我講的有不對的地方，大家幫我補充一下，我記得上個禮拜關於今年的部分是立法院這邊先cover，因為今年好像是剩下……
于顥：行政費用的部分就是立法院這邊可以cover，包含手語翻譯員的部分，上上禮拜的會議顧問有請示一下秘書長，所以那個部分公報處會處理，目前多出來的費用是手語翻譯員的部分，也是由公報處來cover，這個已經是有確認過的，然後現在討論的是明年的部分，主要是IRM這個費用很大，今天要討論一下我們要怎麼來處理。",510,"## 會議記錄整理

### 出現人物  
- 于顥 - 行政費用負責人 / 公報處協調人員 - 提出行政費用中立法院可承擔的部分，明確指出手語翻譯員費用由公報處負責覆蓋，並說明目前討論重點轉向明年度的IRM費用如何處理。  
- 主席 - 會議主持人 / 費用討論引導者 - 引導會議進入討論階段，確認上週討論進度，提出明年度預估總費用為183萬400元，並邀請與會者補充資訊，確保資訊正確性。  

（註：會議中提及的「立法院」為機構名稱，非個人，故未列為人物。）

### 核心要點  
1. 明年度開放國會委員會運作的總預算為183萬400元，其中最大開支來自IRM費用，需重點討論處理方案。  
2. 今年行政費用（含手語翻譯）由立法院公報處承擔，明年度則需針對IRM費用的來源與分攤方式進行明確決策。

### 決策事項  
- 明年度開放國會委員會相關費用的總預估為新台幣183萬400元，此數字為各項費用以最大值估算後之總和，包含院內會議提供咖啡、點心或便當的費用（每人約90元，每季2萬元，每年8萬元），以及IRM費用等其他項目。  
- 行政費用中，立法院已承擔今年的相關開支，包括手語翻譯員費用，該部分由公報處負責處理，且已確認。  
- 明年度費用中，IRM費用為主要支出項目，會議中明確提出需針對此項費用進行討論與決策，以釐清其處理方式與財源安排。  

（說明：本會議中雖未明確決定具體的財源分配或經費撥付方式，但已

### 行動項目  
- 確認明年度開放國會委員會會產生的費用預算（含場地、咖啡點心、便當等）— 公報處（負責人/單位）  
  （緊急程度：中，時間要求：需於會議後立即確認並釐清細項）  
- 明確釐清IRM費用的處理方式與分擔機制 — 公報處（負責人/單位）  
  （緊急程度：高，時間要求：需在下次會議前提出具體建議與方案）  
- 補充並確認上週討論中關於今年行政費用由立法院cover的內容，特別是手語翻譯員部分 — 公報處（負責人/單位）  
  （緊急程度：中，時間要求：需於會議當日確認無誤）  
- 汇總並核對三大項

### 總結  
本次會議核心為明年度開放國會委員會運作的總預算約183萬400元，其中IRM費用為最大支出，需進一步討論處理方式。",2025-09-25 04:31:45,委員會費用以餐飲為主，年估約8萬，三大項合計183萬400元；今年行政費用由立法院支應，明年IRM費用龐大需討論籌措。,官方報告與IRM獨立報告角色劃分及經費籌措,
6,"主席：我先回溯一下，就是今年的費用立法院這邊會cover，那明年的費用，我剛剛看其實也是IRM的部分，一方面是性質，一方面是費用都會比較大，其他的部分都還比較好處理，例如便當、場地等。所以我們是不是還是針對IRM這個部分來稍微討論一下，優先討論一下，好不好？我說的IRM費用比較大的話，就是我想先確定，官方的IRM的費用是不是就是由……
不對！我們上次有討論對不對？就是應該不是一份是由官方這邊來出，然後由民間出版，因為這樣子好像有點奇怪，所以我們所謂的官方應該是我們自己這個委員會出的這份官方報告，然後，外面的其實也是我們委託外面，是整個委員會委託外面，而不是民間委託外面，對不對？所以如果是在這樣的概念下做的，應該兩份都是整個委員會來cover才對，是不是這樣的意思？
曾柏瑜：它其實沒有分官方的IRM或民間的IRM，IRM的意思是獨立報告（Independent Report-ing Mechanism），所以它不會有官方版本，然後官方本來就要產生一個版本，然後這個就不是由MSF共同組成委員會做的，這個官方的報告就是由所謂的官方，比如假設是行政院的版本就是會由國發會出，所以它會有一個官方的版本，然後這個版本大概就是記錄我們從什麼時候開始召開，它就是一個比較官方告訴大家",540,"## 會議記錄整理

### 出現人物  
- 主席 - 會議主持人 / 負責引導議程 - 提出今年與明年費用的分配問題，特別聚焦於IRM（獨立報告機制）的費用負擔，並釐清官方與民間報告的責任歸屬，強調應由整個委員會共同承擔費用，而非單方面由官方或民間出資。  
- 曾柏瑜 - 委員會成員 / IRM機制專家 - 說明IRM並無「官方」或「民間」之分，其本質為獨立報告機制；進一步指出官方版本（如國發會版本）由行政單位（如國發會）主導製作，並強調該版本用於記錄會議過程與公開資訊，與民間報告分屬不同主體與產出流程。

### 核心要點  
1. IRM並無「官方」與「民間」之分，其性質為獨立報告機制，官方版本由行政單位（如國發會）主導製作，非由委員會自行完成 — 釐清責任主體與報告來源，避免誤會費用分擔方式。  
2. 明年IRM費用規模較大，應由整個委員會共同承擔，而非分由官方或民間單獨負擔，強調費用負擔需統一由委員會整體承擔以確保透明與一致性。

### 決策事項  
- 釐清IRM（獨立報告機制）並無「官方」與「民間」之分，IRM為獨立報告機制，不設官方版本；官方報告應由行政院相關單位（如國發會）獨立製作，而非由本委員會或MSF共同組成委員會所產生。  
- 本委員會所推動之報告應由委員會整體承擔費用，不應採「官方出資、民間出版」之模式，未來所有IRM相關費用（含官方與民間部分）皆應由委員會整體負擔，並由委員會統一委託外部單位執行。  

（此為中高層級決策，涉及報告機制的定義與財務責任歸屬，明確確立了報告製作的主體性與財務承擔方式，具有政策與執行上的重要性

### 行動項目  
- 明確定義IRM（獨立報告機制）的性質與範圍，釐清是否分「官方IRM」與「民間IRM」，並確認未來費用負擔模式 - 主席（提出議題）  
- 確認未來年份（明年）IRM相關費用由委員會整體負擔，而非分由官方或民間單獨承擔 - 主席（提出議題）  
- 明確說明官方報告（如國發會版本）與委員會所製作報告之間的差異與分工，並釐清報告產出責任歸屬 - 曾柏瑜（提出說明）  

（註：會議中未明確指派具體執行單位或設定時間表，亦無明確的緊急程度標註，僅為概念性討論與釐清。）

### 總結  
會議核心議題為釐清IRM（獨立報告機制）費用負擔，確認官方與民間報告應由委員會統一承擔，而非分由官方或民間單獨負擔。",2025-09-25 04:33:06,主席強調IRM費用最大，需優先討論；澄清IRM為獨立報告機制，本就有官方版本由政府單位產出，並非民間或委員會自行分立。,,
7,"我們什麼時候開始做、我們什麼時候揭示、我們做哪些事情這樣。所謂的IRM，委員講的沒錯，在我們的狀態下，上次討論的結論應該是MSF聘一個獨立的機構或是學術機關來做這樣的報告，為了要讓它獨立，所以就會是民間跟官方各一半，或是如果國發會願意follow up的話，就是各三分之一，這是上次討論的一些結論。
主席：我想那這樣的話，我們之後官方不要寫成IRM好了，免得很容易會誤解，就寫官方報告、成果報告都可以，就寫官方報告好了，因為這個就不是另外第三方處理，就是不用外包，而是我們內部去做的報告而已嘛。上次是不是有誰提到，其實立法院裡面本來就有在做……
吳銘軒：那是君陽說的。
主席：就是也有在做專案的……
吳銘軒：法制局。
主席：法制局也有在做專案報告，是不是這樣？
郭專員佳勳：君陽有提到法制局。
吳處長慧玲：我要瞭解一下，我認為法制局應該是針對法案的部分，他們當然有在寫報告，可是要看他們的業務屬性有沒有這一項，我印象中，他們的報告是針對法案的報告或者是他們所做的一些研究，那這個部分我們要再瞭解。
于顥：請賴香伶委員辦公室代表發言。
呂儀恬：法制局除了法案的研究之外，他們會有一個專題報告沒有錯，但是這個開放國會的IRM報告可否委託他們撰寫，這可能要跟法制局那邊釐清",533,"## 會議記錄整理

### 出現人物  
- 吳銘軒 - 職稱未明確提及（可能為委員或相關單位代表） - 提到「君陽說的」，顯示其在會議中引述他人發言，並參與討論法制局是否具備撰寫開放國會IRM報告的資格  
- 主席 - 領導會議並提出建議，主張官方報告應改為「官方報告」而非「IRM」，以避免誤解，強調報告應由內部完成，不外包，並提及立法院內已有專案報告的現況  
- 郭專員佳勳 - 職稱為專員（可能為法制局或相關單位專員） - 認同君陽的提議，指出君陽曾提到法制局有相關業務，並補充說明法制局確實有參與法案相關報告與研究  
- 吳處長慧玲 - 職稱為處長（應為法制局處級主管） - 提出質疑，認為法制局的業務屬性是否涵蓋開放國會IRM報告，並建議進一步釐清其業務範圍與報告類型  
- 于顥 - 職稱未明確提及（可能為會議主持人或協調人員） - 提出請賴香伶委員辦公室代表發言，引導會議流程

### 核心要點  
1. 官方報告應改稱為「官方報告」而非「IRM報告」，以避免誤解並強調報告由內部單位（如法制局）自主完成，非外包或第三方獨立評估。  
2. 法制局雖有進行專案與法案研究，但其業務屬性與開放國會的IRM報告是否相符尚需釐清，建議進一步確認其是否具備承接該類報告的專業能力與資格。

### 決策事項  
- 主席決定：未來官方報告不應使用「IRM」一詞，改寫為「官方報告」或「成果報告」，以避免誤解，強調此報告為內部製作，非外包或由第三方獨立機構執行。  

（重要性層級：高，為會議中明確提出的關鍵決策，影響未來報告命名與定位，避免誤解與外界對獨立性的誤認。）  

本段為討論性質，無具體決策（註：除上述決策外，其他內容如法制局是否可承接報告、業務屬性等，均屬進一步釐清與討論，尚未形成具體決策）  

> 補充說明：雖有提及「法制局是否可撰寫開放國會的IRM報告」等討論，但均未達成具體決策，僅為詢問與釐清，故不列入決

### 行動項目  
- 明確官方報告的命名與內容定義，避免使用「IRM」一詞，改以「官方報告」或「成果報告」呈現，以避免誤解 - 主席（建議）  
- 確認法制局是否具備撰寫「開放國會的IRM報告」之業務屬性與能力，特別是針對專題報告的經驗與範疇 - 吳處長慧玲（負責釐清）  
- 與法制局進一步溝通，評估其是否可承接「開放國會的IRM報告」的撰寫任務，並確認其業務範圍與可行性 - 吕儀恬（建議推動）  
- 由賴香伶委員辦公室代表發言，說明立法院內法制局現有專案報告之實際內容與執行情形 - 于顥（指派）  

（註：上述行動項目中

### 總結  
會議確認官方報告應由內閣部門（如法制局）內部撰寫，不再採用獨立第三方IRMs，以避免誤解並強化透明度與主體性。",2025-09-25 04:34:47,會議結論為官方僅產出「官方報告」避免混淆，IRM則由MSF聘獨立機構撰寫；同時討論法制局能否承擔相關撰寫工作，仍需進一步釐清。,,
8,"但他們確實有在做專題研究沒有錯。
主席：我覺得官方的這個報告是不是請于顥回去跟相關單位溝通，不管是法制局或其他立法院的機構、部門適合去做這樣的成果報告或紀錄，其實這樣的話，我們應該就花不到60萬元，對不對？
于顥：對，如果這是成果報告的話，預算應該都是內化的，只是我覺得如果去找法制局，但是法制局他們沒有參與這個東西，他們也不會知道要怎麼寫，這個東西是不是要由參與這個會的人自己來寫，我詢問一下這樣的概念跟邏輯對嗎？
趙恭岳：主席，我想先確認一下，目前到底有幾份報告？舉例來講，例如官方的報告，就像剛剛柏瑜所提到的，它其實指的是國家單位對於Open Government的進程，那表示是政府在做的事情，所以可能會由國發會來負責。但事實上如果像剛剛講的只有兩份報告，第二份其實就是IRM，就是指Independent Reporting Mechanism，主要是委員會針對國家相關進程所做的stakeholder Enganement，它算是一個獨立的評論報告，所以我想先確認這兩個部分。我會建議官方的報告就讓官方那邊去做處理，然後IRM就是委員會這邊要來協助。
于顥：等一下，在發言前，我先提醒一下，今天一樣會有公報處的同仁來做紀錄，所以請大家發言前稍微提一下自己的名字或單位，我剛剛沒有看到，剛剛那一位是……
趙恭岳：口袋國會趙恭岳。",569,"## 會議記錄整理

### 出現人物  
- 于顥 - 建議者 / 預算與報告流程參與者 - 提出應由參與會議的人自行撰寫成果報告，並質疑法制局因未參與而無法理解報告內容；同時提醒會議參與者發言時應說明姓名與單位，以確保紀錄完整性。  
- 趙恭岳 - 委員 / 會議主席助理（或政策建議者） - 明確釐清「官方報告」與「IRM報告」的性質與責任歸屬，指出官方報告應由國發會負責，IRM則由委員會協助處理，並主動說明自身身份為「口袋國會趙恭岳」。  
- 主席 - 會議主持人 - 提出建議，認為應請于顥與相關單位（如法制局）溝通，並指出成果報告預算可控制在60萬元以內，強調流程效率與成本效益。  
- 柏瑜 - 非直接發言者，但被提及 - 提到「官方的報告」內容，指其為國家單位對Open Government進程的紀錄，作為趙恭岳說明背景之依據，雖未直接發言，但其觀點被引用。  

（註：柏瑜雖被提及，但未在會議中明確發言或提出具體意見，僅作為背景資訊

### 核心要點  
1. 官方報告應由國發會等相關國家單位主責執行，IRM（獨立評估機制）則由委員會自主推動並負責，明確分工以提升報告品質與專業性。  
2. 建議由參與單位自行撰寫成果報告，避免交由未參與的單位（如法制局）處理，以確保內容邏輯與實務相符，預算亦可控制在60萬元內。

### 決策事項  
- 主席建議由于顥負責與相關單位（如法制局或其他立法院機構）溝通，針對官方報告的成果進行報告或紀錄，並認為此做法預算可控制在60萬元以內。  
- 趙恭岳建議將「官方報告」交由政府官方單位（如國發會）負責處理，而「IRM（獨立評論報告）」則由委員會自行協助完成，以明確分工。  

（上述兩項為會議中明確提出的決策或結論，層級上屬於策略性與分工性決策，具備實際執行方向與責任歸屬。）

### 行動項目  
- 請于顥與相關單位（如法制局或其他立法院部門）溝通，確認是否適合由其負責製作成果報告或紀錄 - 于顥（負責溝通與確認）  
- 確認目前共有幾份報告，特別是官方報告（如國發會負責）與IRM（獨立評論報告）的性質與分工，並釐清責任歸屬 - 趙恭岳（負責確認與釐清）  
- 建議官方報告由官方單位（如國發會）負責處理，IRM則由委員會內部協助完成 - 趙恭岳（建議執行單位）  

（緊急程度：中等；時間要求：會議當日或次週內完成確認與溝通）

### 總結  
會議確認官方報告應由國發會主責，IRM獨立評論報告則由委員會自主推動，並強調報告內容需由實際參與單位主導撰寫，以確保專業性與相關性。",2025-09-25 04:36:21,主席建議官方報告可由立院單位承擔以降低成本，並確認應有兩份報告：官方報告由政府處理，IRM則由委員會協助完成獨立評論。,,
9,"于顥：好。
剛剛是誰要發言？阿端嗎？
吳銘軒：我覺得還是釐清一下，剛剛所說的官方，其實我們現在講的是指開放國會的官方，但國發會跟我們現在所討論的開放國會是沒有關係的，所以官方要做的報告，其實就是立法院自己要做個評估，它當時承諾哪些事情、後來執行的進度以及最後的成果是什麼，對嗎？這是最基本的嘛，然後我們現在講的這個IRM，這是大家一起找資源、委託第三方去做，基本上不需要我們裡面的人下去寫任何東西，大概是這樣的意思。
主席：我想立法院的那個報告，不管叫它成果報告還是什麼，請于顥回去以後確定一下有沒有相關單位，因為我覺得不是由我們這個委員會裡面的人來寫，即便立法院本身沒有做任何的追蹤，如果以剛剛阿端處理的狀況，它應該還會牽涉到我們產出這個行動方案以後的執行狀態、內部稽核，就是立法院內部的稽核，所以如果立法院沒有任何人在稽核的話，我們可以想像那個IRM就會很差，就會說立法院不知道在幹嘛之類的，總之立法院自己本身還是要追蹤，像是成果報告以及追蹤報告，這件事情就麻煩于顥回去再跟相關局處確認一下，看是由哪一個局處來處理。那IRM部分現在這裡匡列50萬的預算，我想預算上面應該上次大概就討論過了啦！這個金額應該……上次是有說…",512,"## 會議記錄整理

### 出現人物  
- 于顥 - 立法院委員會成員 / 報告跟進負責人 - 負責確認立法院是否有相關單位負責成果報告與追蹤報告的製作，並釐清執行進度與內部稽核的責任歸屬，確保立法院能有效追蹤其承諾事項與行動方案的執行狀態。  
- 吳銘軒 - 委員會成員 / 問題釐清與政策說明者 - 明確指出「開放國會」與「國發會」無關，強調IRM（獨立評估機制）是由第三方委託執行，不需委員會內部人員撰寫，並說明其運作模式與資源來源，釐清政策執行與評估的分工。  
- 主席 - 委員會主席 / 調度與決策引導者 - 引導討論方向，強調立法院應自行追蹤其承諾事項與成果，並要求于顥確認具體單位責任，同時提及IRM預算50萬的討論背景，顯示對預算合理性與執行可行性之關注。

### 核心要點  
1. 立法院須自行完成成果與執行進度評估報告，並由特定局處負責製作，否則將影響IRM評估的完整性與可信度。  
2. IRM計畫預算匡列50萬元，由第三方委託執行，立法院內部人員不參與撰寫，強調需建立獨立、客觀的評估機制。

### 決策事項  
- 立法院應自行完成成果報告與追蹤報告，包括對其承諾事項的執行進度與最終成果的評估，並由相關局處負責執行與製作，于顥需回歸後確認具體負責單位。  
- 針對開放國會相關的IRM（獨立評估機制）計畫，預算匡列為50萬元，此金額已於上次會議中討論過，目前視為確定。  

（說明：上述兩項為會議中明確提出的決策內容，其中第一項涉及責任單位與報告內容的釐清，屬中層決策；第二項為預算金額的確認，屬執行層級決策。兩者皆具體、可執行，且有明確責任人與行動項。）

### 行動項目  
- 確認立法院是否有相關單位負責製作成果報告與追蹤報告（如承諾事項的執行進度與最終成果），並釐清由哪一局處負責此項工作 - 于顥（負責人）  
（緊急程度：中等，因涉及立法院內部追蹤機制與報告責任歸屬，需及時確認以確保後續IRM規劃有據可依）  

- 評估並確認IRM計畫預算50萬元的合理性與先前討論結果 - 主席（負責人）  
（緊急程度：中等，因預算需與先前決議對齊，屬後續執行基礎，建議盡速確認）  

（註：會議中提及「IRM由第三方委託執行，內部人員不需撰寫」，此為背景說明，未明確指派具體行動或責任單位，故

### 總結  
會議核心確認立法院須自行完成成果與執行追蹤報告，並由特定局處負責，同時IRM預算50萬已通過，強調立法院內部稽核不可或缺。",2025-09-25 04:37:54,與會者釐清「官方報告」應由立法院自行負責，記錄承諾與執行情況；IRM則由委員會籌資委託第三方完成，並已預留50萬元預算。,,
10,"曾柏瑜：上次說50萬，好像是說兩邊出。
主席：對。
曾柏瑜：這個是整體的預算嗎？
主席：對。
曾柏瑜：那就是50萬。
主席：我記得上次是有討論到50萬，我們今天是不是稍微確認一下50萬一半是立法院這邊出，一半是民間這邊出，民間這邊出的話，所有相關單位要怎麼樣去支應？是要在我們今天這個會議討論，還是民間的代表們自己另外討論？現在這個金額評估起來，以這個25萬行情來講的話，所有的這些民間單位，大家認為這個cover應該……我的想像應該不是太……因為我們單位這麼多，每個人好像都有點被強迫點頭的表情這樣。好，反正你們討論一下，我們是不是可以在下次開會的時候，能夠知道民間代表們對這個金額的看法？下次大會應該是1個月後吧！
于顥：兩個禮拜。
主席：好，那就兩個禮拜後再麻煩民間這邊，我們要不要點一個人來回覆一下？民間代表的聯繫窗口本來就是蕭新晟嘛！對啊，你召集一下。OK，那這一題就先這樣好了，其他部分雖然金額不大，但是其他部分減掉官方報告的60，再減掉已經討論完另外民間的50，現在只剩下七十多，對不對？其他剩下來的部分，差不多就是今年立法院cover的一些項目，其實就是這樣嘛，對不對？我本來是想問問看立法院內部有沒有辦法再cover下去。這部分我跟洪顧問討論一下",532,"## 會議記錄整理

### 出現人物  
- 曾柏瑜 - 會議參與者 / 預算提問者 - 提出關於50萬預算分配的疑問，確認是否為雙方分擔（立法院與民間各出25萬），並指出民間單位對25萬金額的擔憂，認為各單位「被強迫點頭」，呼籲民間代表在兩週內回覆意見。  
- 主席 - 會議主持人 / 負責協調者 - 主導會議流程，確認預算分配方式，引導討論民間單位對金額的反應，並決定由蕭新晟召集民間代表回覆；同時提出立法院內部是否能繼續承擔剩餘項目，並與洪顧問討論。  
- 于顥 - 民間代表 / 負責人之一 - 提出「兩個禮拜」的回覆時間，協助明確會議進度，顯示對議程時間的實際參與與調整。  
- 蕭新晟 - 民間代表聯繫窗口 - 雖未直接發言，但被主席明確指出為民間代表的聯繫窗口，負責召集民間代表回覆預算相關議題。  
- 洪顧問 - 立法院內部協調人員 - 被主席提及參與討論立法院是否能繼續承擔

### 核心要點  
1. 50萬預算分擔方案確認：整體50萬預算由立法院與民間各負擔25萬，民間單位需自行評估是否能承擔，並於兩個禮拜內由蕭新晟召集代表回覆意見。  
2. 剩餘預算僅餘七十多萬，將由立法院內部評估是否能繼續承擔，相關事項將由主席與洪顧問進一步討論。

### 決策事項  
- 確認整體預算為50萬，由立法院與民間各負擔一半（即各25萬），並由民間代表單位自行評估該金額是否可負擔，相關單位應於兩個禮拜內透過蕭新晟召集並回覆意見。  
- 對於剩餘約七十多萬元的項目，將由立法院內部進一步評估是否能繼續承擔，此部分將由主席與洪顧問討論後決定。  

（註：第一項為具體行動與時間安排之決策，第二項為內部評估之決議，屬中層決策，未明確決定是否承擔，但已確認將進行討論與評估。）

### 行動項目  
- 確認民間單位對25萬預算的覆蓋看法，並由蕭新晟召集民間代表進行討論並回覆意見 - 蕭新晟（負責人）  
（時間要求：兩個禮拜內回覆）  

- 評估立法院內部是否能繼續承擔剩餘約七十多萬元的項目，並與洪顧問進一步討論 - 主席（負責人）  
（緊急程度：中，需於下次會議前釐清，無明確時間點，但屬當前議題重點）  

本段無具體行動項目（註：上述項目已依會議內容識別並標註負責人與時間要求）

### 總結  
會議確認50萬預算由立法院與民間各負擔25萬，並於兩週內由民間代表透過蕭新晟回覆意見，同時評估立法院是否能再承擔剩餘項目。",2025-09-25 04:39:27,會議確認IRM經費為50萬元，立法院與民間各出25萬；民間部分將由蕭新晟召集協調，其他經費多由立法院承擔，細節待後續討論。,IRM經費分擔方案與協調、行動方案歷程回顧、立院決議背景補充、民主實驗室價值草稿與三大原則,
11,"我們問立法院內部有沒辦法按照今年的第三季、第四季的處理方法來繼續cover，因為主要是一些便當跟會議的費用嘛，對不對？如果立法院這邊覺得可以的跟不可以的，我們到時候再來列好了，例如如果哪一些項目覺得不可以，說不定大家自己帶便當來就沒事了，對不對？所以還OK嗎？
于顥：處長是不是可以先講一下哪些部分是可以cover的？是不是點一下項目？你剛才不是說OK嗎？
主席：或哪一些是不行的？
吳處長慧玲：第四季了嘛！應該只要是一般行政的OK啊！剛剛提到便當之外，還有沒有我漏掉的？還有什麼？
主席：這是明年的喔！
吳處長慧玲：翻譯，可以啊！如果按照我們的規定，超過11點半是可以吃便當的，應該的啦！
吳銘軒：我還想問一個事情，如果未來有一些中南部或是其他地方上來開會的人，我們有可能支應他一些車馬費嗎？
蕭新晟：上次不是說應該由民間湊這個車馬費？
主席：我記得好像有一次討論是說，如果這些的費用支應都變成是官方支出的話，好像性質上面也會有一些問題，會變得好像是官方邀請民間代表來參加諮詢會議的那一種性質，會越來越像是那樣，所以是不是在兩個禮拜後要回報的事情，除了IRM的分攤以外，包括交通費的部分，民間的代表也討論一下。如果覺得有比較好的方式，下次也一起提出來，我們討論一下。",534,"## 會議記錄整理

### 出現人物  
- 吳處長慧玲 - 行政處長（或行政處相關職務） - 提出第四季行政費用中「一般行政項目」可列支，並說明便當費用在超過11點半時可被涵蓋；補充翻譯費用亦可列支，強調依現行規定執行。  
- 于顥 - 個人角色未明確，但為會議中發言者，可能為單位內部人員或協調者 - 問詢處長是否能先說明哪些項目可列支，並要求點出具體項目，顯示對費用規範的關注與確認需求。  
- 主席 - 會議主持人，負責引導討論與釐清議題 - 提出「這是明年的議題」以釐清時間範圍，並引導討論交通費支應的性質問題，強調官方支出可能導致性質變異，呼籲未來回報與民間協調。  
- 吳銘軒 - 發言者，關注會議參與者交通安排 - 問詢未來是否可支應中南部或其他地區來訪者之車馬費，反映對實際運作與地方參與的關切。  
- 蕭新晟 - 發言者，參與討論交通費支應問題 - 提出過去討論中認為車馬

### 核心要點  
1. 一般行政費用可繼續列支，便當費在11點半後可視為合理開支 - 立法院同意一般行政項目（如便當）可繼續列支，並明確規範超過11點半可吃便當，屬正常行政範疇。  
2. 交通費應由民間負擔，避免官方支出導致性質變更 - 會議強調未來中南部或外地代表的車馬費不宜由官方支應，以免被視為官方邀請民間參與，建議兩週內回報更佳的民間共擔方案。

### 決策事項  
- **對於一般行政費用（如便當、會議費用）的支應，立法院內部原則上同意在符合規定的前提下（例如超過11點半可吃便當）予以cover，且此類支出視為可接受。**  
（此為中層決策，屬內部規範確認，具備操作性與執行依據）  

- **針對中南部或其他地區來開會的民間代表所產生的車馬費，決議不直接由官方支應，而是建議由民間自行籌措；若未來有更佳的支應方式，應於兩週內回報並由團隊進一步討論。**  
（此為策略性決策，屬政策方向與責任分攤的明確界定，具有較高層級與長期影響）  

> 說明：  
> 會議中雖有討論與建議，但並無明確「

### 行動項目  
- 評估並列明立法院可支應的行政項目（如便當、會議費用等）—— 吳處長慧玲（負責人）  
- 明確指出哪些項目不符合支應規定（如超過11點半用餐、非一般行政項目等）—— 吳處長慧玲（負責人）  
- 在兩個禮拜內回報關於民間代表交通費支應的建議方案，包括是否由民間湊款或其他替代方式—— 主席（負責單位）  
（緊急程度：中等；時間要求：兩個禮拜內回報）

### 總結  
立法院同意原則上可cover一般行政費用及超過11點半的便當開支，但未來中南部代表的車馬費應由民間負擔，避免官方支出導致性質混淆，並於兩週內提出具體建議。",2025-09-25 04:41:10,立法院可承擔行政與餐飲費用，交通補助恐涉官方邀請爭議，建議民間自行討論並於下次會議提出方案。,,
12,"周韻采：我記得上次主席結論是說，如果民間可以去募款的話，這個ok，但是提供線上的access是必要的，那他們即使暫時沒有交通費或是沒有辦法來的時候，仍然可以開會。
主席：我們再把這個決議確認一次，原則上可以線上開會，如果真的遇到必須要實體開會的時候，民間這邊是不是有辦法支應交通的費用，交給各位在接著的兩個禮拜討論一下。我想我們今天會議的第二項結束了，然後再來關於第三個其實是今天比較重要的，我們是不是請每一個負責小組的成員代表報告。第一個是工作歷程前言章節統整，我們一樣請處長說一下。
吳處長慧玲：請秘書處研考科做簡要的報告。
郭專員佳勳：針對開放國會行動方案，首先是最前端歷程與前言，就歷程部分我們大概按照時序說明一些重要辦理事項，從6月2日的記者會開始，後續到8月份，共有6場籌備會議，到目前為止是第2場的正式會議，這些我們都按照時序記錄下來，中間還包括我們很重要的活動，像是讀書會、各地區的焦點討論會及網路直播會，這些我們都有把名稱以及辦理的一些重點備註下來。另外針對前言部分，我們有尋找相關的文件，針對像工作機制、辦理記者會、院長新聞稿等，釐清說明為何我們要開放國會以及跟開放政府之間的關連、緣起與過程",506,"## 會議記錄整理

### 出現人物  
- 周韻采 - 會議參與者 / 建議提出者 - 提出民間募款可行，並強調即使無交通費或無法實體出席，也應提供線上access以確保參與權，確保會議可及性與包容性。  
- 主席 - 會議主持人 / 決議確認者 - 確認原則上允許線上開會，並要求民間單位在兩週內討論實體會議時交通費用的支應問題，同時引導會議進入下一議程。  
- 吳處長慧玲 - 處級主管 / 報告主持人 - 主導工作歷程前言章節的報告流程，指示秘書處研考科進行簡要報告，並負責引導報告議程。  
- 郭專員佳勳 - 專員 / 報告執行者 - 詳細說明開放國會行動方案的歷程與前言內容，包括從記者會到籌備會議的時序、重要活動（如讀書會、焦點討論會、網路直播）的記錄，並釐清開放國會與開放政府之間的關連與緣起。

### 核心要點  
1. 原則上允許民間募款並線上參與國會開會，但需確認實體會議時民間能支應交通費用 — 線上開會為必要條件，交通費用負擔為關鍵討論議題。  
2. 開放國會行動方案將統整歷程與前言，包含記者會、籌備會議、讀書會、焦點討論會等活動紀錄，並釐清開放國會與開放政府的關聯與緣起。

### 決策事項  
- 原則上允許民間參與者透過線上方式參與開會，即使其暫時無法負擔交通費用或無法親自到場，仍可享有會議參與權。  
- 若未來確實需實體開會，民間單位應具備支應交通費用之能力，相關議題將由各成員在接續兩個禮拜內進行討論並提出回應。  

（此兩項為會議中明確提出的決議與原則性決定，層級上屬於中高重要性決策，涉及參與權與實際執行的可行性，為會議重點議題之一。）

### 行動項目  
- 確認民間是否能支應實體開會時的交通費用，並於兩個禮拜內提出討論結果 - 主席（指派給各負責小組成員）（緊急程度：中，時間要求：兩個禮拜內）  
- 由秘書處研考科製作並提交「工作歷程前言章節」的簡要報告 - 秘書處研考科（時間要求：會議當日或緊接後續）  
- 整理並說明開放國會行動方案的歷程與前言內容，包括時序記錄、重要活動（如讀書會、焦點討論會、網路直播會）及工作機制、記者會、院長新聞稿等背景說明 - 郭專員佳勳（時間要求：即時進行，作為報告內容）

### 總結  
會議確認原則上可線上開會，並要求民間小組在兩週內提出實體會議交通費支應方案，同時由各負責小組報告開放國會行動方案的歷程與前言內容。",2025-09-25 04:42:40,會議確認可線上開會，交通費由民間討論解決；研考科報告行動方案歷程，整理自記者會、籌備會議至各地討論與前言說明。,,
13,"簡要地摘錄在前言或是緣起當中。最後章節統整，就要看各段後續做出來之後，再作討論，以上說明。
主席：現在有檔案可以放在Slack上面讓大家先看一下嗎？
郭專員佳勳：我這邊只有印紙張。
主席：好，沒關係。我剛剛聽下來覺得只有一個要補充，就是開放國會的決議案是5月幾號那個時候在立法院通過的。
郭專員佳勳：我想就是委員提案的嘛，對不對？
主席：對，不一定要寫我提案，但是我要拉每個黨團下水，所以至少要寫到每個黨團的支持啦。
郭專員佳勳：那個是5月，因為記者會是6月2日，應該是5月的事情。
主席：5月底？
郭專員佳勳：我再去找議事處那邊的資料。
主席：好，謝謝。再來我們請民主實驗室講一下開放國會之原則價值。
吳銘軒：先講一下第一組，第一組我們做的跟大家一樣，都是檢視了一下，所有在excel裡面大概130幾個意見，全部都重新再看過，然後順成了今天這份文件，我唸給大家聽，這個是草稿，所以大家可以再改。第一段是前言，大概是這樣子，葛傳宇老師寫的內容是：臺灣面對長年外部嚴重國安威脅，仍堅持民主、人權等多元價值，並且結合公私部門與公民社會，共同推動開放政府，確保政府資訊透明開放，促進民主的深化與實踐，並且強化不分族群取用政府及資訊的公平",515,"## 會議記錄整理

### 出現人物  
- 郭專員佳勳 - 專員（檔案管理與議事資訊提供） - 提供關於開放國會決議案通過時間的資訊，並說明記者會與議案通過時間的關聯，確認決議案於5月通過，並表示將進一步查證議事處資料以確保準確性。  
- 主席 - 會議主持人（會議引導與議程推動） - 引導會議流程，提出是否可將檔案上傳Slack，並針對開放國會決議案的時間點進行確認與討論，強調需涵蓋各黨團支持，以確保提案完整性。  
- 吳銘軒 - 民主實驗室代表（原則價值說明與文件草稿說明） - 說明民主實驗室團隊對130多項意見進行檢視與整合，完成開放國會原則價值的草稿，並由葛傳宇老師撰寫前言內容，強調臺灣在國安威脅下堅持民主與人權價值，推動政府資訊透明與公民參與。  

（註：葛傳宇老師雖在內容中被提及為撰寫前言者，但未以個人名稱直接出現在會議對話中，僅作為內容作者，故未列為獨立人物；若需進一步確認其是否為會議中實際

### 核心要點  
1. 開放國會決議案於5月底在立法院通過，並需明確反映各黨團支持，以強化政治代表性與公信力。  
2. 民主實驗室已完成對130多項意見的系統性檢視與整合，提出草稿文件，強調政府資訊透明、民主深化與族群公平取用資訊的價值。

### 決策事項  
- 主席提出，開放國會的決議案於5月底在立法院通過，並強調該決議案需反映各黨團的支持，因此提案內容應明確寫入各黨團的支持意見。  
- 郭專員佳勳確認該決議案為委員提案，並承諾將進一步查證議事處資料以確認確切日期。  
- 吳銘軒表示，民主實驗室已針對130多項意見進行重新檢視與整合，形成現行草稿，該草稿將作為討論基礎，並開放與會者修改。  

（上述決策事項中，第一項為關於決議案通過時間與黨團支持之明確要求，屬高層級決策；第二項為資訊確認與補充，屬中層決策；第三項為文件內容的整合與

### 行動項目  
- 確認開放國會決議案在立法院通過的具體日期（5月底） - 郭專員佳勳（負責查找議事處資料）  
- 檢視並修正「開放國會之原則價值」文件草稿（第一組檢視130多項意見後整理而成） - 吳銘軒（負責修改與完善草稿內容）  
- 將相關檔案上傳至Slack供團隊參考 - 主席（負責安排檔案共享）  

（緊急程度：中等；上述行動中，確認決議案日期與文件草稿修訂為關鍵後續步驟，需在會議後短時間內完成；檔案上傳為基礎協作動作，可於會議當日或次日完成。）

### 總結  
會議核心確認開放國會決議案於5月底在立法院通過，並強調需明確列舉各黨團支持，以強化決議的代表性與公信力。",2025-09-25 04:44:24,主席補充需加入立院決議案背景並強調各黨團支持；民主實驗室報告原則價值草稿，內容聚焦民主、人權、多元價值及資訊透明公平。,,
14,"國會是監督政府不可或缺的基石，開放國會應以公平近用需求為原則，包括任何族群、語言、性別、教育背景、障礙類別、城鄉與地區等，讓資訊易讀易懂，且降低取得門檻。
我們就分成三大段：第一段是人民有感的開放國會。立法院作為國家政策公共討論的場域，應有責任促進社會多元光譜與利害關係人的討論，並引入相關的會議技術和文化，不鼓勵非黑即白的二元對抗。二、立法院應提供立委、立委辦公室和立法院工作人員更多針對開放文化的學習資源和交流活動。三、立法院應參考國際標準，主動提出「立法委員與立委助理行為準則與倫理規範」。
第二大段是人民有感的開放資訊，可能會跟別組有重複，我們到時候再看怎麼統合。所有跟立法院有關資訊，除涉及國安、機密、犯罪偵查或個資等資訊外，一切都應以「即時開放」為原則，不開放之事項應有明確定義，並且建立當人民不能取得合法公開資訊時之申訴管道。二、立法院的資訊應顧及開放的主動性，鼓勵主動揭露、主動通知相關利害關係人，並增加參與管道，定期主動與民間立法監督團體溝通，建立透明易用的資訊取得管道。三、現行陽光法案要求揭露的相關資訊，應該彙整在立法院的網站，建立即時揭露公費助理的資訊公開",490,"## 會議記錄整理

### 出現人物  
- 無  

### 說明：  
本段會議記錄中並未提及任何具體人物的姓名，所有內容均以機構（如「立法院」、「人民」、「立法委員」、「立委助理」等）或泛稱角色為主，未出現個人姓名或可識別的個人身份。雖然提到「立委」、「立委辦公室」、「立法監督團體」等職務或角色，但這些屬於職位或組織性描述，並無具體個人姓名出現。因此，本段無具體人物提及。

### 核心要點  
1. 國會資訊應全面即時開放，除國安、機密等例外，所有立法院相關資訊須主動揭露並易於取得，並建立明確的申訴管道以保障人民知情權。  
2. 立法院需推動開放文化與倫理規範，包括引入多元對話機制、提供立委及助理開放文化學習資源，並制定「立法委員與立委助理行為準則與倫理規範」以提升透明度與公信力。

### 決策事項  
- 立法院應促進社會多元光譜與利害關係人的討論，引入相關會議技術和文化，不鼓勵非黑即白的二元對抗。  
- 立法院應提供立委、立委辦公室和立法院工作人員更多針對開放文化的學習資源和交流活動。  
- 立法院應參考國際標準，主動提出「立法委員與立委助理行為準則與倫理規範」。  
- 所有與立法院有關的資訊，除涉及國安、機密、犯罪偵查或個資等資訊外，應以「即時開放」為原則，不開放之事項應有明確定義，並建立當人民不能取得合法公開資訊時之申訴管道。  
- 立法院的資訊應顧及開放的主動性，鼓勵主動揭露、主動通知

### 行動項目  
- 建立立法院資訊即時開放原則，除國安、機密、犯罪偵查或個資等例外情況外，所有與立法院相關資訊應公開，並明確定義不開放事項 - 立法院（資訊管理單位）  
- 建立人民無法取得合法公開資訊時的申訴管道 - 立法院（資訊管理單位）  
- 彙整陽光法案要求揭露的資訊，並於立法院網站上公開，包含公費助理資訊 - 立法院（資訊管理單位）  
- 鼓勵立法院主動揭露資訊、主動通知相關利害關係人，並增加參與管道，定期與民間立法監督團體溝通，建立透明易用的資訊取得管道 - 立法院（資訊管理單位）  
- 推動立法院提供立委、立委辦公室及

### 總結  
國會應以公平近用與透明開放為核心，推動多元參與、主動揭露資訊並建立明確的公開與申訴機制。",2025-09-25 04:45:43,民主實驗室提出開放國會三大原則：促進多元討論與倫理規範、強化即時資訊公開與申訴管道、整合揭露機制提升透明度。,,
15,"尤其如果有親屬關係的話，不過就這部分還沒想到wording要怎麼改。
第三大段是人民有感的開放參與，就是立法院應該全面、重新檢討遊說法、公聽會和聽證會相關的權責與規定，完善公民參與、多元意見表達與監督的機制。二、透過各級教育，強化民眾對立法程序、公共政策討論的文化素養，增進立法院對公眾的親近感，並且在立法院增加機制和資源，協助將社會意見和各種公眾情緒轉化為有效意見，納入決策過程之中。
我們認為應該有cover到所有的意見，但是有一些意見，因為後來的討論覺得那完全不是立法院的權責，所以可能之後還是要針對那些沒有拉進來的部分再做一些解釋，針對這部分請大家提問。
主席：我稍微補充一下，這些現在看起來還不順的地方，其實就是先看大家有沒有覺得需要再加入什麼？或是什麼東西不要？之後應該是在9月底那次，本來會再統整一個真正的初稿，所以大家現在先不要針對不順的部分，想進入文字的修改，只是要看有沒有哪一個概念需要再加進去的？或哪個概念其實不用放在那裡？
于顥：立法院應參考國際標準，主動提出「立法委員與助理行為準則與倫理規範」，這是不是應該先對照一下「立法委員行為法」的部分？因為「立法委員行為法」已經cover到委員跟助理，只是要看國際規範是什麼",521,"## 會議記錄整理

### 出現人物  
- 于顥 - 立法院議員（或相關政策提議者） - 提出立法院應參考國際標準，主動制定「立法委員與助理行為準則與倫理規範」，並建議先對照現行「立法委員行為法」的內容，以確保規範的完整性與國際對齊性，強調應涵蓋委員與助理的行為標準。  

- 主席 - 立法院主席（會議主持人） - 主持會議討論流程，補充說明目前議題尚未成熟，不應立即進入文字修改，而是應先檢視是否有需要補充或刪除的概念，並指出未來將於9月底統整初稿，呼籲與會者聚焦於概念性建議而非細節修訂。  

（註：會議中未明確提及其他具體姓名或人物，僅有「于顥」與「主席」兩位人物有明確發言或角色定位。）

### 核心要點  
1. 立法院應全面檢討遊說法、公聽會與聽證會的權責規範，強化公民參與與多元意見表達機制，提升民眾對立法程序的參與感與信任度。  
2. 建議參考國際標準制定「立法委員與助理行為準則與倫理規範」，並對照現行「立法委員行為法」，以提升立法過程的透明度與倫理標準。

### 決策事項  
- 立法院應全面、重新檢討遊說法、公聽會和聽證會相關的權責與規定，完善公民參與、多元意見表達與監督的機制。  
- 透過各級教育，強化民眾對立法程序、公共政策討論的文化素養，增進立法院對公眾的親近感，並在立法院增加機制和資源，協助將社會意見和各種公眾情緒轉化為有效意見，納入決策過程之中。  
- 立法院應參考國際標準，主動提出「立法委員與助理行為準則與倫理規範」，並建議先對照現行「立法委員行為法」的內容，以確認其涵蓋範圍與必要性。  

（上述決策事項中，第一與第二項為政策方向與制度性改革的明確決議

### 行動項目  
- 參考國際標準，草擬並提出「立法委員與助理行為準則與倫理規範」，並比對現行「立法委員行為法」內容以確認完整性與補充空間 - 于顥（建議提出）  
- 在9月底前，統整並提出立法院開放參與相關議題的初稿，聚焦於概念完整性與必要性，不立即進入文字修改 - 主席（統籌安排）  
- 针對遊說法、公聽會、聽證會等機制的權責與規定，進行全面檢討，並完善公民參與、多元意見表達與監督機制 - 立法院（執行單位）  
- 推動各級教育體系，強化民眾對立法程序與公共政策討論的文化素養，並在立法院建立機制與資源，協助將社會意見轉化

### 總結  
會議核心聚焦於強化立法院的公民參與機制與倫理規範，並建議全面檢討遊說法與公聽會制度，同時推動立法委員行為準則與國際標準對照，以提升立法透明度與公眾信任。",2025-09-25 04:47:12,討論開放參與，建議檢討遊說與公聽制度、推動公民教育並納入社會意見；主席強調先確認概念，細節修改留待初稿。,開放參與與公民教育推動、倫理準則建立、資訊公開與親屬關係揭露機制、可行性與制度銜接討論,
16,"可能需要把它界定清楚一點，或是這部法裡面缺少了什麼東西，我們可能再看如何來調整。
吳銘軒：我想這個法的部分，應該是最低的標準，這裡提的其實是大家對於更高倫理標準的一個準則，不是強制他沒做到就一定會怎麼樣。不過這個我們可以再做細部的討論，但主要從整理的那些意見裡面，會感覺到很多是針對立法委員或是立委助理雖不觸法、但是遊走在邊緣的行為，就是感到……。對！就是這樣，我不知道要怎麼說，不要考我。
主席：因為我們的確有看到滿多建議跟討論。另外，我要提一下，就是我們好像在讀書會的時候有提到，應該是英國或哪一個國家的行動報告裡有提到，那時候我們翻譯把它講成是道德，但講倫理會比較好一點，我們畢竟不是在追求道德魔人的那種概念，但我記得應該就是在英國的開放國會行動方案裡面有講到要提升國會議員的倫理準則，這是他需要被期待的，而且他應該也要認知到自己被期待的標準比一般人還高，所以我們有討論到，既然有這麼多這樣的回饋，再加上我們看到其他國家也有寫過類似的東西，所以可以把他們的經驗拿來做參考。做為臺灣的立法委員，至少要有某種準則，它不是法律上面的規定，但是他來擔任立法委員之前至少應該知道自己被賦予了什麼樣子的期待嘛，對不對？",506,"## 會議記錄整理

### 出現人物  
- 吳銘軒 - 發言者 / 建議提出者 - 提出對立法法中「倫理標準」的解釋與討論，強調該標準為非強制性的「更高倫理準則」，並指出許多建議針對立法委員或立委助理「遊走在邊緣」的行為，呼籲進一步細部討論。  
- 主席 - 會議主持人 / 建議推動者 - 主導會議討論，提出將「道德」調整為「倫理」的用詞更準確，並引用英國「開放國會行動方案」中的經驗，說明國會議員應被期待有較高倫理標準，強調此為非法律性但具備期待性的準則，建議將其作為臺灣立法委員應知的期待標準。

### 核心要點  
1. 釐清立法委員應遵守的「倫理準則」而非強制法律條文 - 會議強調，該法並非強制性法律，而是設定立法委員應遵守的高於一般社會的倫理標準，用以規範其職業行為，特別針對遊走於邊緣的不當行為，強調其應知曉並承擔更高的職業期待。  
2. 參考英國等國「開放國會行動方案」經驗，作為臺灣倫理準則的建構依據 - 會議指出，英國等國已有明確的倫理框架，建議台灣可借鏡其經驗，建立符合實際、具可操作性的倫理準則，以提升國會議員的專業與公信力。

### 決策事項  
- 採用「倫理準則」取代「道德」概念，作為立法委員應遵守的非法律性行為標準，以反映對國會議員更高期待的現實，並參考英國開放國會行動方案中的相關經驗。  
（此為中層決策，屬政策方向與概念定義的決議，雖非具體法律條文，但確立了未來推動倫理準則的基礎與框架。）  

說明：會議中雖無明確的法律條文或具體行動計畫，但針對「倫理準則」的定義與來源（英國開放國會行動方案）達成共識，並決定將其作為立法委員應知的期待標準，屬於具有明確決策意涵的政策性結論。此決策層級為概念性與導向性，非強制性法律規範，但

### 行動項目  
- 明確界定立法委員倫理準則的性質與範圍（區分於法律強制規定，作為非法律性但具期待性的道德標準） - 主席（推動單位）  
- 參考英國開放國會行動方案或其他國家相關行動報告中關於議員倫理準則的內容，進行比較與分析 - 吳銘軒（建議與執行單位）  
- 討論並釐清現行法規中對於立委或立委助理「遊走邊緣行為」的處理方式，並評估是否需補足或調整相關倫理準則 - 全體與會者（討論與建議單位）  
（緊急程度：中等；時間要求：需在下次讀書會或相關會議前完成初步討論與參考資料整理）

### 總結  
會議核心議題為：雖無強制法律規範，但應建立立法委員應遵守的倫理準則，以反映其高於一般民眾的職業期待，並參考英國等國經驗作為參考。",2025-09-25 04:48:41,會議討論應建立高於法律的倫理準則，借鏡英國等國經驗，凸顯立委與助理需自覺承擔比一般人更高的公共期待。,,
17,"吳銘軒：我只是把連結貼出來當成參考而已……
王向榮：貼在哪裡？
吳銘軒：現在應該不用看。
主席：所以我們還是回來討論一下剛剛阿端唸的這些第一組整理的東西，大家還有沒有覺得哪個段落其實不用放，或是有沒有你覺得屬於開放國會的原則跟價值、認為要再補充進去的？如果沒有的話，這一組就……
簡信昌：開放資訊第三點我有點看不懂，就是「現行陽光法案要求揭露」跟「建立即時揭露公費助理……」，這兩個是同一件事情嗎？還是陽光法案是陽光法案的內容，然後公費助理跟第一點比較相關，就是立法院所有相關資訊？
吳銘軒：對，你講得對，可以把它分開。對，是兩者不相干的事情。也不是不相干啦！就是是兩件……
于顥：「尤其是親屬關係」指的是公費助理的親屬關係嗎？
吳銘軒：不是。是如果公費助理跟這個委員本身有親屬關係的話，這件事應該揭露，但如果是他跟別的委員有……
我不知道！我不曉得啦！對啊！但是總而言之，我應該先說我沒有……
就是我們是在整理我們蒐集到的意見，我們蒐集到的意見裡面有人很在意如果委員把公費助理的名額用在自己的家人身上。可是我們的討論是覺得，其實用在自己家人身上不是不行，只是它應該要被適度揭露。還有人講得很誇張，就是連助理的財產都要揭露",511,"## 會議記錄整理

### 出現人物  
- 吳銘軒 - 整理意見者 / 參與討論者 - 提供關於公費助理資訊揭露的說明，澄清「陽光法案」與「公費助理親屬關係」的區別，並指出民眾對助理名額用於家人、甚至財產揭露的關注，強調應適度揭露而非完全禁止。  
- 王向榮 - 參與討論者 - 問詢吳銘軒關於連結貼放的具體位置，顯示對資訊流通方式的關注。  
- 主席 - 會議主持人 - 引導會議聚焦於第一組整理內容的討論，詢問與會者對是否應納入開放國會原則的意見，推動議題深化與決策。  
- 簡信昌 - 參與討論者 - 提出對「開放資訊第三點」的疑問，釐清「陽光法案要求揭露」與「建立即時揭露公費助理」之間的關係，認為兩者不完全相同，並質疑其歸屬與邏輯連結。  
- 于顥 - 參與討論者 - 討論「親屬關係」的範圍，明確質疑該條款是否指「公費助理與委員的親屬關係」，並引發對資訊揭露範圍的進一步討論。

### 核心要點  
1. 公費助理與委員之間的親屬關係應被揭露，但不應過度擴大至助理財產等細節，強調「適度揭露」與「平衡透明與隱私」的原則。  
2. 開放資訊的內容需區分「陽光法案要求揭露的資訊」與「公費助理制度的即時揭露」，兩者屬不同範疇，應分別整理與說明以提升透明度與公信力。

### 決策事項  
- 會議決定將「開放資訊第三點」中的「現行陽光法案要求揭露」與「建立即時揭露公費助理資訊」分開處理，認為二者屬不同議題，不應視為同一事項。  
- 會議確認「公費助理與委員之間存在親屬關係」應被視為需揭露的內容，並強調此類關係應適度揭露，而非完全禁止或全面揭露。  
- 會議認為「公費助理名額用於委員家人」在原則上並無禁止，但應透過適當揭露機制來確保透明度與公眾知情權。  

（此為中層決策，屬於對意見整理與原則定義的共識，非最終立法或執行決策，但確立了後續推動方向與價值判準。）

### 行動項目  
- 梳理並釐清「開放資訊第三點」中「現行陽光法案要求揭露」與「建立即時揭露公費助理資訊」的內容關係，區分兩者是否為同一事項或相互獨立的議題 - 簡信昌（負責釐清概念與內容歸類）  
- 明確界定「親屬關係」在公費助理制度中的適用範圍，確認是否指「公費助理與委員本人之間的親屬關係」，並釐清是否需揭露助理的財產資訊 - 吳銘軒（負責提供意見與說明）  
- 根據會議討論結果，評估是否需補充「開放國會原則」相關段落，特別是關於公費助理資訊揭露的價值與原則 - 主席（負責總結與判斷是否補充內容）  

（註：以上行動項目基

### 總結  
會議聚焦於開放國會原則下公費助理資訊的揭露範圍，特別討論「委員與助理間親屬關係應被揭露」的必要性與程度，並釐清陽光法案與公費助理透明度之間的區別與關聯。",2025-09-25 04:50:27,會議釐清開放資訊中「陽光法案」與「公費助理揭露」應分開處理，並討論助理若為立委親屬應揭露關係，避免外界疑慮。,,
18,"但我們就沒有寫這些啦！我們只寫你請了誰，還有可能是這個人的簡歷而已。可以把它分開來。
主席：請口袋國會恭岳發言。
趙恭岳：我覺得第四點可能要思考一下執行上的可能性，例如說「開放的主動性」這個部分，因為裡面還提到說要「主動通知相關利害關係人」，事實上利害關係人可能非常多元，看你怎麼界定。例如說我常常參加聯合國的相關會議，他們理論上是透過一個資訊公開的平臺，讓你很容易有管道去access，可是它不太容易將相關的關係人分為一層、兩層、三層，然後最後全部主動通知。我覺得這點在執行上可能要界定一下；我覺得公開access相對來講是比較重要的。
第二是親屬關係，這個也是一樣，就是你不太可能定義到例如說他是堂叔公的二兒子，然後他必須要被揭露。所以我覺得回過頭來講，例如說你比較容易在看的是，假設你真的覺得事實上他還是可以聘任，可是可能是在委員聘任三等親內必須被揭露等等。我覺得這個部分可能要稍微想一下執行的部分，謝謝。
耿璐：我們在分小組討論的時候其實也有一直在審視，基本上就變成依照我們的理解，現在整理的應該都是民眾的意見，如果進到實質要執行的，其實也是會像趙老師說的，其實應該要確認很多部分，第一個就是跟現行法條的關係；",509,"## 會議記錄整理

### 出現人物  
- 趙恭岳 - 主席指定發言人 / 法律與政策評估專家 - 主要貢獻或發言重點：提出對「開放的主動性」與「親屬關係」在執行上的疑慮，認為利害關係人界定困難，且主動通知機制難以操作；強調資訊公開雖重要，但應先釐清法條基礎與實際執行可行性，建議應聚焦於三等親內聘任須揭露等具體情境。  
- 耿璐 - 小組討論參與者 / 政策審查專家 - 主要貢獻或發言重點：指出小組討論中已持續審視相關議題，強調現行規劃多反映民眾意見，若要實質執行，必須確認與現行法條的關聯性，並與趙恭岳意見呼應，強調執行前需進行法規與操作層面的檢視。  

（註：會議中「主席」為主持角色，非具體人物；「口袋國會」為會議場景描述，非實際人物名稱。）

### 核心要點  
1. 「主動通知相關利害關係人」在執行上存在重大困難，因利害關係人範圍多元且難以明確界定，建議先聚焦於資訊公開的可及性，而非強行推動層層通知機制。  
2. 親屬關係的揭露標準應謹慎定義，建議以實際聘任情境為基礎（如三等親內需揭露），避免過度擴大至如「堂叔公二兒子」等細微且難以操作的關係，以提升執行可行性。

### 決策事項  
- 對「開放的主動性」（如主動通知相關利害關係人）的執行方式提出疑問，建議應進一步界定「利害關係人」的範疇，並強調資訊公開的可及性（access）相對較為重要，應優先落實，而非強行執行層級分類的主動通知。  
- 對「親屬關係」的揭露機制提出質疑，認為難以精確定義如「堂叔公的二兒子」等細節，建議改以實際聘任情境為基礎，例如在委員聘任時，僅要求揭露三等親內的親屬關係，作為執行上的可行範圍。  
- 強調在實質執行前，應審視該規範與現行法條的關係，並確認其法律基礎與可行性。  

（上述決策事項屬

### 行動項目  
- 界定「主動通知相關利害關係人」的執行可行性，包括利害關係人的層級劃分與界定方式（如一層、二層、三層） - 趙恭岳（負責提出執行上的疑慮與建議）  
- 重新審視親屬關係的揭露範圍與執行條件，例如明確規範「委員聘任三等親內必須揭露」等具體情境 - 趙恭岳（負責提出執行上的疑慮與建議）  
- 檢視現行法條與 proposed 政策內容之間的法規相符性，並確認實質執行的法律基礎 - 耿璐（負責提出法條關係審視）  

（緊急程度：中等；建議於下次小組會議前完成初步評估與建議稿）

### 總結  
會議核心議題為「公開透明機制在執行上的可行性與界定難度」，特別針對「主動通知利害關係人」及「親屬關係揭露範圍」提出疑問，強調需進一步釐清法條基礎與實際操作的可行性。",2025-09-25 04:51:59,討論聚焦在資訊公開的可行性與親屬關係揭露範圍，建議以公開平臺為主並明確界定如三等親內揭露，以兼顧透明與可執行性。,,
19,"第二個就是到底立法院、現行行政部門或相關的單位，有沒有可以配合的，因為我們不可能寫一個東西，結果就是要立法院自己再去成立一個新的單位來處理；第三個，因為這畢竟是第一輪，而在這四年可不可以完成呢？其實現在我們在講的比較多都是反映民眾的意見，所以對我來說，主要還是看提到的這個方向是否ok，那細則的部分則可能是要進到工作小組裡面之後再決定，而且可能還要邀立法院相關的同仁來討論，才不會寫出一個差距太大的東西。
于顥：請秘書處說明。
吳處長慧玲：我想跟大家說明一下，的確剛剛有提到就是讓院內各單位來參與，因為原來按照我們的期程，好像這邊要討論兩次，所以要到下下次才會找各單位來，可是剛剛我看了之前寫的第一個開放國會之原則價值，比較多是屬於概念式的，當然也有一些很具體，就是可以去跟法規做連結，所以我會比較建議下一次會議，我會請我們各單位相關的主管列席，希望他們能夠適時提出一些建議，因為這邊所提所有的建議在未來業務執行面上，其中一個會考量到的就是執行的程序，包括在法規上有沒有一些既定的程序要遵循，或者說經費的編列，或者說有涉及到法規修正，或者說大家很辛苦，把這個民意反映出來並做整理",489,"## 會議記錄整理

### 出現人物  
- 于顥 - 議員/會議發言者 - 提出請秘書處說明的請求，引導會議進展，關注政策執行的可行性與跨部門協調問題  
- 吳處長慧玲 - 秘書處處長/行政主管 - 說明院內單位參與的重要性，建議下一次會議邀請各單位主管列席，強調政策建議需結合法規程序、經費編列與法規修正等實際執行考量，並提出具體的會議改進方向  

（註：會議中未明確提及其他個人姓名或職位，僅有上述兩位人物有明確發言與角色說明）

### 核心要點  
1. 需邀請立法院及行政部門單位參與討論 - 為確保政策建議具實踐性與法規可行性，應邀請相關單位主管列席會議，提出關於執行程序、經費編列、法規修正等實際考量的意見，避免內容與現實操作脫節。  
2. 第一輪規劃以概念與民意反映為主，細節待工作小組進一步研議 - 當前重點在確認方向是否符合民眾需求，具體執行細節與配套措施應在後續工作小組中，結合立法機關意見再逐步釐清與完善。

### 決策事項  
- 建議在下一次會議中邀請院內各單位相關主管列席，針對「開放國會之原則價值」的內容提出具體建議，以確保未來業務執行時能考量法規程序、經費編列、法規修正等實際執行問題。  
（此為中層決策，屬程序性與執行導向的決策，旨在提升政策內容與實際操作的契合度，並強化跨單位協作與專業參與。）  

本段雖有討論與建議，但明確提出「下一次會議應邀請各單位主管列席並提出建議」，此為具體且可執行的決策行動，因此屬明確決策事項。

### 行動項目  
- 請院內各單位主管列席下一次會議，並針對「開放國會之原則價值」中的概念與具體內容提出建議（如法規連結、執行程序、經費編列、法規修正等） - 吳處長慧玲（秘書處）  
（緊急程度：中等；時間要求：下一次會議前完成，具體時間未明確，但需於會議前完成單位主管的建議提報）

### 總結  
會議核心為建議由行政部門主管列席，針對開放國會原則的具體實務問題（如法規程序、經費編列與法規修正）提出意見，以確保政策方向可行且與現行制度相符。",2025-09-25 04:53:06,會議強調建議需可行，避免增加新單位；細節應由工作小組與立院同仁討論，秘書處建議下次邀主管列席，確保與法規、程序及經費銜接。,,
20,"可是到底應該要跟哪一個規範做連結，或者說我們是不是應該要去新增什麼樣的規定，或者說在行政命令上、一般的行政規範上，是我們就可以馬上來做的等等，我想這樣子可能會讓這個報告更完整，所以我本來想要建議的是，是不是下次我就請相關單位主管列席？
主席：好，我想就這樣子好了，原則上我們就還是這一個章節，開放國會之原則價值，我們就是繼續把它按照剛剛給的一些回饋來去把它修得比較易讀，但是有一些部分到底會連結到什麼程度，下一次會議的時候，我們再請相關局處來參與。
請周老師發言。
周韻采：關於「人民有感的開放資訊」的第四點，其實我覺得助理的這個部分可能要做比較廣泛的揭露，而且不是只有公費助理，因為其實最有趣的是，很多是有相關關係人，他可能就是定期會付助理的薪水，然後掛在委員的辦公室，這個可能比公費助理還要……但是你出去都是拿同樣的名片，所以其實是看不到的，但是我想我們今天最大的這個資訊公開，尤其是立委助理這個部分，應該最重要的是瞭解立委的政商關係，所以如果從這個角度來看的話，包括立委助理的部分，如果像這樣的情形，通常都會成立一些公司，它可能會跟某一些立委的行為去做交易，譬如說在選舉的時候，就會包給這家公司等等",502,"## 會議記錄整理

### 出現人物  
- 周韻采 - 相關單位主管 / 會議發言人 - 提出關於「人民有感的開放資訊」中立委助理制度的改進建議，強調應擴大揭露立委助理的來源，包括非公費的相關關係人，並指出這些助理可能透過公司與立委產生政商關係，呼籲加強資訊公開以掌握立委的政商互動。

### 核心要點  
1. 應強化立委助理與政商關係的揭露——需擴大資訊公開範圍，不僅限於公費助理，更應涵蓋與立委有利益交換的相關關係人及公司，以掌握政商勾結風險。  
2. 未來會議將邀請相關局處主管列席討論——為釐清規範連結程度與行政可行性，建議下一次會議引入實際主管參與，以提升報告的實務操作性與完整性。

### 決策事項  
- 原則上繼續保留「開放國會之原則價值」這一章節，並依據先前回饋進行修訂，以提升可讀性。  
- 對於「人民有感的開放資訊」第四點中關於立委助理的資訊揭露範圍，決定不於本次會議做出明確決議，將進一步檢視是否需擴大揭露對象（如包含非公費助理、相關關係人所設立之公司等），並於下次會議時請相關局處主管列席參與討論，以釐清資訊公開之連結程度與實務操作方式。  

（決策層級：中層決策，屬方向性與流程性決策，未明確訂定具體規範內容，但確立了未來需由相關單位參與並深化討論的決議方向。）

### 行動項目  
- 補充並擴展「人民有感的開放資訊」章節中關於立委助理的資訊揭露內容，包含非公費助理（如與立委有關係的相關關係人）的揭露，並強調其與政商關係的連結 - 周韻采（建議提出者）  
- 下次會議時邀請相關局處主管列席，參與討論「開放資訊」章節中關於立委助理與政商關係的連結問題，並進一步釐清行政規範或行政命令的適用範圍與執行方式 - 主席（決議提出者）  
（緊急程度：中等；時間要求：下次會議前完成準備，具體時間點待會議日程確認）

### 總結  
會議決議維持現有章節內容，聚焦於提升「人民有感的開放資訊」透明度，特別強調應擴大揭露立委助理與政商關係的資訊，並建議下次會議請相關單位主管列席說明，以釐清規範連結與行政規範的可行性。",2025-09-25 04:54:13,會議建議下次邀相關主管參與，以釐清規範連結與可行性；周韻采強調助理揭露應擴大，不僅限公費助理，更需揭露與立委政商關係相關人員。,助理資訊公開範圍與法源限制、政商關係揭露爭議、透明平臺自律機制及未來可行方案收斂,
21,"我覺得只是立委助理是親屬，其實大部分的狀況應該現在都很少了，所以像這個部分，我覺得之後可能可以去討論，到底立委助理的資訊是哪些部分要去揭露。從最近這幾次立委的一些新聞，其實都可以很明顯看得出來，後面其實都有相關成立的一些公司，然後可能承包一些特定的產業，譬如說綠能，譬如說之前的人力仲介，所以其實你只要看到一個常常需要政府法案通過的，然後它衍生出來的產業，一定都有很多類似這樣的情況，只是這些過去都是undertable，而且要查證的時候其實花了很多、很多的人力。所以如果是這樣的話，我反而會覺得，依照第4點，如果以後真的要要求助理的資訊公開，我覺得這個部分應該好好討論，就是到底是哪一些屬於助理的資訊應該被公開。
主席：好，阿Fi。
曾柏瑜：我是那個……，突然忘記我們組織的名字。我的名字是柏瑜。太多了，我剛才一時想不起來要講哪一個。好，我們其實在做監督議員團體的時候，的確有很多人提到這個部分，就是老師剛剛說的這個部分，可是其實我們也有一個法源上的困難，就是現在之所以我們可以把委員開的公司、他戶頭裡有多少錢、他名下有多少土地都公開出來，雖然在監察院的網站裡，不在立法院的網站裡，可是因為那是我們有一個陽光法案的法源依據",512,"## 會議記錄整理

### 出現人物  
- 阿Fi - 主席 - 引導會議進程，對曾柏瑜的發言做出回應，顯示其在會議中擔任主持角色，確保討論順利進行。  
- 曾柏瑜 - 監督議員團體成員 / 組織代表 - 提出關於立委助理資訊公開的議題，強調現行法源上的困難，並說明監督議員團體在實際操作中發現立委透過公司承包產業（如綠能、人力仲介）的現象，呼籲針對助理資訊公開的範圍進行深入討論，特別指出目前資訊多為「undertable」（隱藏狀態），需透過法源依據（如陽光法案）來推動透明化。  

（註：「阿Fi」為對某位與會者之暱稱或稱呼，雖未明確提供全名，但根據語境與會議流程推斷為主持人，具備主持與引導功能，故歸入人物識別範疇。）

### 核心要點  
1. 立委助理資訊公開需謹慎討論範圍 - 當前缺乏明確法源依據，應釐清哪些助理相關資訊（如公司設立、產業承包）應公開，避免過度擴張或造成行政負擔。  
2. 許多立委透過後續公司承接特定產業（如綠能、人力仲介）形成利益關聯，過去多為隱性操作（undertable），現需建立可查證機制以提升透明度與監督效能。

### 決策事項  
- 未來是否要求立委助理的資訊公開，應進一步討論，並明確界定哪些部分的助理資訊應被公開。  
（此為中層決策，屬於政策方向與資訊透明範圍的釐清，非具體執行決定，但具備明確的決策意圖與討論基礎。）  

> 說明：會議中雖未直接做出「公開」或「不公開」的最終決定，但明確提出「應好好討論」，並聚焦於「哪些資訊應公開」，此為一項具體且有層級的決策議題，屬於政策設計與透明度框架的關鍵討論點，因此歸類為中層決策。其他內容如「立委助理為親屬」、「公司承包產業」、「過去為undertable」等屬觀察與背景說明，非決策內容。

### 行動項目  
- 討論立委助理資訊公開的範圍與內容（例如哪些資訊應被揭露） - 曾柏瑜（負責人）  
（緊急程度：中等；時間要求：無明確期限，建議於未來監督議員團體的會議中進一步討論）  

> 說明：會議中提及未來應針對「立委助理的資訊公開」進行法源與實務上的討論，並指出目前缺乏明確法源依據，且過去多為「undertable」（隱藏）狀態。曾柏瑜提出此議題，並呼籲在監督議員團體時進一步釐清資訊公開的範圍與可行性，因此此為主要待辦事項。雖無明確時間表，但屬長期監督與透明化政策的重要議題，建議列入後續工作議程。

### 總結  
會議核心議題為：應釐清立委助理哪些資訊應公開，並因應法源限制與實際操作難度，推動更具可行性與透明度的資訊揭露機制。",2025-09-25 04:55:38,討論聚焦於立委助理資訊公開，周韻采認為應揭露政商關係與隱性公司連結；曾柏瑜提醒受限於法源，目前公開範圍依賴陽光法案規定。,,
22,"目前的困難是包含犯罪紀錄是屬於敏感性個資、助理的個人個資，我們沒有任何一個法源要求他們揭露，如果是要到這種程度的話，就必須要有一個立法的階段。我們當然可以請他們廣泛……
周韻采：這是道德，不是法律……
曾柏瑜：對。
周韻采：應該是說，未來如果有一個管道，譬如說我們有一個平臺，立委願意去揭露的……
曾柏瑜：我覺得比較像是我們這邊先寫公費助理，是因為他本來就在立法委員行為法裡面的規範，就是如果不是以立委個人的錢去支付他的薪資，而是由立法院支付這些人的薪資，就一定要他公開。除此之外，我當然也同意以道德的角度鼓勵委員們都來做更廣泛的揭露，可是可能就沒有辦法有任何的要求，尤其是個資、開公司這件事情，我覺得這可能有點困難。
周韻采：這倒不是個資，因為在經濟部商業司網站其實都有，包括董監事，全部都查得到，只要它有立案，一定查得到。
曾柏瑜：對，但是只有名字，我沒辦法確定這個「于顥」是不是那個「于顥」。
周韻采：因為他本來就是立委助理，當然是從立委助理的名字直接下去查詢就OK了，因為這個也不是個資，只要到經濟部商業司的網站一定查得到。
主席：我覺得我們現在先不要進入太細的討論，但是概念上應該是像周老師說的",502,"## 會議記錄整理

### 出現人物  
- 周韻采 - 立法委員（或相關政策提議者） - 提出道德層面的揭露觀點，強調若未來有平台，立委可主動揭露助理資訊，並指出經濟部商業司網站可查證董監事名單，強調此為公開資訊，非敏感個資，且助理名稱可直接查詢，強調透明度與可操作性。  
- 曾柏瑜 - 立法委員 - 認同道德鼓勵揭露，但強調目前缺乏法律依據要求助理公開個人資訊或開公司等事項，認為若要強制揭露，需立法支持，並指出僅能透過立法院支付薪資的規範（如公費助理）來要求公開，對個資或開公司等事項持保留態度。  
- 主席 - 會議主持人 - 提出暫緩深入討論，但肯定周韻采提出的概念，認為應以公開透明為方向，呼籲聚焦於可行的公開機制與概念建構。

### 核心要點  
1. 立法必要性 - 當前無法以法律要求立委助理揭露個人或公司資訊，因涉及敏感個資，僅能依道德鼓勵，真正要求須透過立法程序建立明確法源。  
2. 資訊可查性 - 經濟部商業司網站可公開公司董監事名單，助理名單可直接查證，但僅提供姓名無法確認與特定助理的對應關係，存在識別困難。

### 決策事項  
- 未來若要建立揭露立委助理個人資訊（如開公司、董監事等）的管道，應以道德鼓勵為主，而非以法律強制要求，因目前缺乏法源依據，且涉及敏感個人資料，需經立法程序方能推動。  
- 綜合現有規範，僅有立法委員行為法規定，若助理薪資由立法院支付，則須公開相關資訊；其他如個資或開公司等事項，因無法確認為公開範圍內，且存在識別困難（如姓名重複），故不具備強制揭露的可行性。  
- 會議決定暫不深入細部討論個資揭露機制，僅確認概念方向應如周韻采所提，以道德引導為主，並強調需未來透過立法程序才可能擴大實施。  

（此

### 行動項目  
- 建議建立一個公開平台，讓立法委員可主動揭露其助理的相關資訊（如董監事名單等） - 周韻采、曾柏瑜（概念提出與討論）  
- 明確區分助理個人資格與公開資訊的範圍，強調經濟部商業司網站已提供公開查詢管道，僅需透過名稱確認即可 - 周韻采  
- 考慮在立法委員行為法中強化公費助理薪資由立法院支付時，應公開相關資訊的法源規範 - 曾柏瑜  
- 避免過度擴大個人隱私或敏感個資的揭露，強調目前僅能以道德鼓勵而非法律強制推動 - 周韻采、曾柏瑜  

（註：會議中未明確指派具體執行單位或

### 總結  
會議核心議題為：目前缺乏法律依據要求立委助理揭露個人或公司資訊，僅能以道德勸導，未來若要建立揭露管道，需先透過立法明確規範。",2025-09-25 04:57:07,助理資訊揭露面臨法源限制，公費助理須依法公開，其餘僅能以道德勸說；周韻采認為公司登記資訊可查，非屬個資，主席建議暫不深入細節，先確立概念。,,
23,我們希望公費助理及立委自費助理的部分能夠廣泛地揭露，其實還有另外一種是剛剛周老師沒有講的，就是免費的。免費的可能最貴，因為免費的掛各種主任等等之名的狀況也很多，不是每個委員都會……。我不知道不分區的部分會不會有，選過區域立委的就會知道，其實選上以後，地方會有一大堆跟利益相關的人跑來自願幫你服務，希望掛你的主任、顧問等等，有一些人當然就會都拒絕，包括我在內；有一些人會不會因為什麼樣的原因不一定拒絕。這個東西要不要揭露？我覺得可能在一個一定的廣泛揭露，甚至於是剛剛提到至少有一個平臺，讓委員自願去揭露自己的團隊有多少公費助理、多少自費助理、多少顧問，這些顧問是「顧」什麼「問」，委員也很願意寫。相對來講，有些委員看起來全部空白，當然會被人覺得他是不寫，還是真的統統都沒有助理。就像現在幾個監督國會的團體也有鼓勵委員自己去揭露一些並不是在法律上面必須要揭露的資訊，但是他因為配合這些監督團體的要求而揭露某一些其他部分，最後還是可以比較出來哪一些委員比較願意、有比較高的自我要求。也就是說，我現在要提的是，是不是在這些原則裡面去提到鼓勵委員廣泛揭露的原則，應該是這樣,481,"## 會議記錄整理

### 出現人物  
- 周老師 - 未明確職位 - 提到「剛剛周老師沒有講」，暗示其曾於會議中提及與助理制度相關的內容，但未具體說明其發言重點，僅作為對比與補充的對象  
- 我（說話者） - 未明確職位 - 主張拒絕接受免費助理或顧問，並強調個人選擇拒絕的態度，同時提出應建立平台讓委員自願揭露助理與顧問資訊，展現主動監督與自我要求的立場  
- 監督國會的團體 - 非個人，但具體參與推動議題 - 鼓勵委員揭露非法律義務的資訊，作為監督工具，並協助比較委員在透明度上的差異，推動透明化與自我規範  

> 說明：會議中雖未直接命名其他具體個人，但「我」為發言者，代表個人立場與建議；「周老師」為被提及的對話參與者，其未講述之內容被用作對比；「監督國會的團體」雖非個人，但作為推動透明化政策的實體，其角色與貢獻在議題中具關鍵意義，故納入分析。  

（註：因會議中未出現具

### 核心要點  
1. 建議建立公開揭露平台，鼓勵立委自願公開其團隊的公費助理、自費助理及顧問名單與服務內容，以提升透明度並讓公眾判斷其實際服務狀況。  
2. 免費助理或掛名顧問的現象普遍且可能涉及利益關聯，揭露這些資訊有助於監督立委團隊真實運作，並區分「真服務」與「名義掛名」。

### 決策事項  
- 建議在國會監督相關原則中加入「鼓勵委員廣泛揭露其團隊組成資訊」的條款，包括自願公開其公費助理、自費助理及顧問的數量與服務內容（如顧問所「顧」何事、所「問」何事），並建立一個平台讓委員自願上傳相關資訊。  

（此決策屬建議性與原則性決策，層級為中高，屬於政策推動與透明度提升的策略性決策，並非強制性義務，但具備推動監督與提升公信力的潛力。）

### 行動項目  
- 建議在國會監督原則中加入鼓勵委員廣泛揭露其團隊組成（如公費助理、自費助理、顧問等）的條款 - 會議參與者（未明確指派）  
- 推動建立一個公開平臺，讓委員自願揭露其團隊的助理與顧問資訊，包括顧問所「顧」的內容與服務項目 - 會議參與者（未明確指派）  
- 鼓勵委員主動公開其助理配置情況，以提升透明度，並作為監督團體評估委員自我規範程度的參考依據 - 會議參與者（未明確指派）  

（註：所有行動項目均未指派具體負責人或執行單位，僅由會議參與者提出建議與方向，緊急程度屬中等，建議於未來政策

### 總結  
應推動建立公開平台，鼓勵立委自願揭露其團隊中公費、自費助理及顧問的數量與服務內容，以提升透明度並促進國會監督效能。",2025-09-25 04:58:34,建議廣泛揭露立委助理資訊，包含公費、自費及免費掛名顧問，以建立透明平臺讓委員自願公開，提升自律並便於外界比較監督。,,
24,"至於真正要怎麼去處理的時候，我想在原則及價值的部分也不太適合逐條地去寫應該要怎麼去處理，但是因為我們已經訂下這個原則，未來立法院以這個原則來設想我們如何梳理剛剛處長講的他們局處管理的業務裡面去促進這樣的可能性，應該是這樣。
洪國鈞：剛剛有提到對於公費助理的定義，其實現在相關的法規裡面像公職人員利益衝突迴避法第三條有做相關的定義，還是可以先用，因為公費助理這個詞其實定義是更窄更narrow，公職人員利益衝突迴避法第三條後面寫說是指各級民意代表的公費助理，還有加入助理工會之助理，還有其他受其指揮監督之助理，是不是可以先用這個名詞，至少這是法律也有定義，就沒有剛剛那個沒有法律定義的問題。
主席：好，ok，那我們這個第二……
侯宜秀：我想講的是，就是我們討論程序的問題，從剛剛原則這一塊看起來，我們接下來其實原則現在大家寫的這些google document裡面，應該是蒐集我們現在看到所有的需求跟資訊，但是于顥有另外貼一個表格是實際上我們接下來要再narrow down，就是說應該要再寫得更細，實際上要執行那個方案的內容會在那個表格裡面，我猜並不是所有東西都會放到那個表格裡面，所以有一些如果沒被放進去的，可能我們還是要在另外一個地方把它記下來，",525,"## 會議記錄整理

### 出現人物  
- 洪國鈞 - 公職人員利益衝突迴避法相關法規專家 / 原則定義建議者 - 提出應參考《公職人員利益衝突迴避法》第三條對「公費助理」的法律定義，認為該定義更明確且具法律依據，建議在討論中採用此定義，以避免因缺乏法律基礎而產生爭議。  
- 侯宜秀 - 會議程序與需求整理推動者 - 提出應將原則性內容與實際執行方案區分，建議在Google Document中先蒐集整體需求與資訊，再由于顥提供的表格進行細部篩選與聚焦，並強調未納入表格的內容仍需另作記錄，以確保完整性和可執行性。  
- 于顥 - 表格設計與執行方案規劃者（雖未直接發言，但被提及） - 提供實際執行方案的細部表格，作為後續「narrow down」與執行內容的依據，其表格被視為將原則轉化為可操作方案的關鍵工具。  

（註：雖「于顥」未直接發言，但其表格內容被侯宜秀明確提及並作為討論基礎，因此視為會議中具體參與角色，依上下文推斷其職責為方案

### 核心要點  
1. 使用《公職人員利益衝突迴避法》第三條定義「公費助理」——此為具法律依據的明確定義，可避免因詞彙模糊導致的爭議，提升規範的合法性與可執行性。  
2. 原則性文件與執行細節分離：原則部分應聚焦於整體方向與價值導向，實際執行方案則透過專門表格進行細部梳理與精確化，並保留未納入表格之議題於其他記載中，確保完整性與彈性。

### 決策事項  
- 會中同意暫時採用「公職人員利益衝突迴避法第三條」中對「公費助理」的定義，作為現階段的參考與使用，因該定義具備法律依據，避免因缺乏明確定義而產生爭議。  
- 同意在後續執行過程中，以「Google Document」蒐集整體需求與資訊作為原則性基礎，並由于顥所製作的表格作為進一步細部規劃與執行方案的具體落實工具，該表格將用以「narrow down」實際執行內容。  
- 明確指出並區分：原則性內容（如價值與原則）不需逐條細寫，應以整體框架呈現；而具體執行方案則應納入表格中，未納入表格之項目，應另於其他文件或記載中補充說明。

### 行動項目  
- 整理並蒐集目前所有關於公費助理相關需求與資訊，作為後續原則撰寫的基礎 - 會議參與單位（未指定個人）  
- 參考《公職人員利益衝突迴避法》第三條定義，將「公費助理」的範圍明確定為「各級民意代表的公費助理、加入助理工會之助理，及其他受其指揮監督之助理」，作為實際執行的法律依據 - 洪國鈞（建議提出）  
- 由于顥負責整理並建立實際執行方案的細項表格，用以進一步縮減與聚焦需求內容，並釐清哪些項目將納入表格、哪些需另作記載 - 于顥（負責人）  
- 對未納入表格的項目，進行補充記錄，並確保相關資訊完整保存於其他適當

### 總結  
會議確認以「公職人員利益衝突迴避法」第三條定義為公費助理的標準，並建立原則與細部執行方案分離的架構，原則部分蒐集整體需求，細部執行則透過專屬表格精確規劃。",2025-09-25 05:00:14,與會者認為原則層面不必細列處理方式，助理定義可依《利益衝突迴避法》；未來需再收斂需求，將可執行方案與未納入項目分別記錄。,,
25,"就是在現在廣泛蒐集之後有選了一些是有押執行日期的，因為那個表格裡面是有執行日期，所以有執行日期就會時間到了，就要回來檢視執行成效，那有一些可能我們不會押在這一年的執行日期，那可能有另外一個表格我們要留著。那另外就是我覺得大概我們現在這些分類就是要去討論那些表格要怎麼做的細項時，可能每一個分類都需要有一場會議，不是五個分類一場，所以我想我們接下來是不是會有很多分組的會議，就是每一個項目裡面會有不同的……，就是你要去做實際上執行動作的時候討論就會很細，比如說像剛剛的討論可能也會需要邀請立法院實際上執行的人，然後要檢討現在的法制狀況，那所以我在想說後面這個東西就是在討論實際上那個action item的時候所討論的模式是否每一個題目都需要另外再安排會議，或是小組裡面都寫好，然後我們再怎麼進行。于顥貼的那個表格裡面，可能我們需要增加一欄是現在法規的相關規定，大概是這樣。
于顥：現在要先討論這個嗎？
主席：我想這樣的話，我們是不是一樣都把它順完，然後那個表格，我們現在就先記下來，那個表格應該要有一個對照到現在法規的欄位，然後以及剛才侯律師說的進入比較細部的討論，以及跟各個局處的對應，這些會發生在10月份嗎？還是會發生在9月底之前？",518,"## 會議記錄整理

### 出現人物  
- 于顥 - 表格製作與執行規劃參與者 - 提出應在表格中增加「法規相關規定」欄位，並詢問是否應立即討論該議題，顯示其在執行計畫細節與表格設計上的主導角色  
- 主席 - 會議主持人 - 引導會議方向，提出應將表格設計完善（如加入法規對照欄），並詢問細部討論與各局處對應的時間安排（9月底或10月），顯示其在協調議程與時間規劃上的關鍵角色  
- 侯律師 - 法制議題參與者 - 提出「進入比較細部的討論」，涉及法制狀況檢討，顯示其在法律規範與實際執行之間的橋接作用，特別是針對執行成效與法制環境的分析  

（註：雖未明確提及職稱，但根據發言內容可推斷其角色與貢獻）

### 核心要點  
1. 表格需增設「現行法規相關規定」欄位，以建立執行與法制的對照，確保行動項目具備法源依據與可檢視性。  
2. 每個分類項目應獨立舉辦細部討論會議，推動實際執行動作的深入規劃，並建議於9月底前完成各項對應與會議安排。

### 決策事項  
- 在現有的表格中增加一欄「現在法規的相關規定」，以對照當前法規內容。  
- 對於各分類項目，未來需針對實際執行動作進行細部討論，建議每一個項目應另安排專門會議，而非五個分類合併一場會議。  
- 討論實際行動項目（action item）的討論模式，明確釐清是否每一個題目都需要獨立安排會議，或可於小組內預先規劃後統一進行。  
- 該細部討論（包括與各局處對應、檢討法制狀況、邀請立法院實際執行人員參與）的時間安排將於9月底前完成，或於10月份進行，需進一步確認。  

（上述決策涵蓋中層與操作層級，涉及流程設計、表格結構調整與時間

### 行動項目  
- 增加「現行法規相關規定」欄位至於顥貼的表格中 - 于顥（負責）  
- 討論每一個分類項目是否需另安排專門會議，或透過小組討論進行細部執行動作規劃 - 主席（提出建議，需進一步確認）  
- 討論各分類項目與各局處的對應關係，並釐清細部討論時機 - 主席（提出議題）  
- 明確規劃「進入細部討論」與「局處對應」相關工作之時間節點（是否於9月底前或10月份完成） - 主席（需確認時間要求）  

（緊急程度：中等；時間要求：需於9月底前或10月內完成，具體時間待確認）

### 總結  
會議決議需為每項分類安排專門小組會議，並在表格中增設「現行法規規定」欄位，以深化執行動作與局處對應的細部討論，相關進度預計於9月底前完成。",2025-09-25 05:01:35,會議討論如何管理執行表格，建議增設法規對照欄位；各分類需獨立會議深入檢討並邀立法院相關單位，細部討論時程規劃於9月底至10月間。,執行表格管理與流程優化、國會資料公開與法案進度即時性、投票與問政整合、以及公聽會事前公開與影響追蹤機制,
26,"于顥：其實剛剛宜秀提出來的東西，其實是針對後續我們時程安排整個架構的調整，所以我可能等一下……
主席：更務實化……
于顥：應該說我們把5組的東西都順完之後，因為現在大家應該是依照之前vTaiwan整理出來的東西作一個彙整，我們有一個共識是這樣，那下一個步驟，我們先來討論一下我們的記錄方式，因為接下來我們為了之後可以完整生成一份報告，大家寫東西的方式，還是要有一定的邏輯，這樣我們才有辦法最後生成一份文字化的報告，所以那個表格的部分，我剛剛丟到slack的是接下來大家要怎麼把意見分別丟到那些東西裡面，我們才有辦法之後再一個個把它抽出來，最後順成一份報告。然後還有另外因為我們原本排的是每次大會都是5組來做討論，那要不要改成一次會議討論一個項目？因為這個部分也會影響到時程，所以我覺得等一下我們順完之後整體來做個討論，好不好？把議程作這樣的調整，剛才第一組結束，是不是要請第二組？
主席：對，我們請口袋國會來報告下一個章節，便於取得利用的國會資訊。
高宇成：主席、各位伙伴大家好。口袋國會高宇成報告。第一次小組討論後，其實這一組最重要的是，協助國會資料便於公開並取得應用。現在我們主要是依照民眾、從vTaiwan整理民眾的意見，下面整理的是委員提供的意見。",528,"## 會議記錄整理

### 出現人物  
- 于顥 - 會議主持人/時程規劃者 - 提出調整會議架構與記錄方式的建議，強調需建立邏輯清晰的記錄體系以利後續報告生成，並建議將原「每會5組」調整為「每次討論一個項目」，以更有效管理時程與議程流暢性。  
- 主席 - 會議主持人 - 認同於顥提出的務實調整方向，並指示下一組報告單位，推動會議流程的順暢與實際應用。  
- 高宇成 - 口袋國會成員/報告人 - 報告第一組小組討論成果，重點在於協助國會資料的公開與應用，並說明其依據民眾意見與vTaiwan整理內容，進行委員意見的彙整與呈現。

### 核心要點  
1. 調整會議議程結構——由原先「每次會議討論5組」改為「每次會議聚焦單一項目」，以提升討論效率與時程規劃的務實性。  
2. 建立統一記錄規範——要求各組以結構化表格方式整理意見，確保後續能系統性匯整並生成完整報告，強化資料可追溯與應用性。

### 決策事項  
- 將原本每次大會由5組輪流討論的模式，調整為「一次會議討論一個項目」，以更有效地安排時程與提升討論效率。  
- 確定未來會議的記錄方式需具備邏輯性，並依預先設計的表格結構將各組意見分類整理，以便後續完整生成文字報告。  
- 設定由「口袋國會」負責報告下一章節，以確保國會相關資料能更為公開且易於取得與應用。  

（上述決策包含策略性時程調整、記錄流程規範與議程執行分工，屬中高層級決策，影響後續會議運作與報告品質。）

### 行動項目  
- 調整會議議程，由原先「每次大會討論5組」改為「每次會議討論一個項目」，以更符合時程與討論效率 – 于顥（提出建議，需會議決議）  
- 建議建立統一的記錄方式，使意見能有邏輯結構，以便後續整合成完整報告 – 于顥（負責推動）  
- 將各組意見依預設表格格式整理並填入，以利後續報告生成 – 全體參與者（執行單位：各小組，依Slack表格執行）  
- 請口袋國會小組進行下一個章節的報告，內容聚焦於國會資料的公開與應用 – 高宇成（負責報告）  
- 確認國會資料整理內容，包含民眾意見與委員意見的彙整與公開

### 總結  
會議核心決議為調整討論架構，從「每次會議5組並行」改為「單一項目專注討論」，並統一意見記錄方式，以確保後續能有效整合成完整報告。",2025-09-25 05:02:52,于顥建議調整會議流程與記錄方式，以利最終彙整完整報告；口袋國會第二組報告聚焦於提升國會資料公開性與可取得、可應用性。,,
27,"第一個意見提到，立法院應該主動公告法案進度，對於主動，民眾會有兩個想像：一個是他要找得到；一個是他坐在家裡就可以知道。第二個想像會比較困難，但在討論時仍會朝此方向來討論一些東西。至於委員的意見，其實現在立法院已經有法案的追蹤平台，因此法案進度的公開資訊這部分已經有在做。不過民眾為何如此無感？對此，在討論過程中一直會出現的一個東西是：即時性。也就是這東西是否夠快？如果要經過幾個月或半年後，或者一個會期結束後才會上立法院網站，這樣對民眾來說太慢！再來是近用性的優化。
第二，即使已經公告制式法案進度，但這部分仍與識讀教育有關，因為民眾並不知其意義為何，何謂進委員會？何謂一讀、二讀、三讀？何謂逕付二讀？這些可能和另外一組有關，所以我不多談。
民眾反映說，往往法案已經進入審議議程，甚至已經過了，他才知道原來有這個法案！若公民團體有一些想倡議的東西，那就已經來不及了！因此，有無可能做到在法案審議前期通知？譬如行政院已經在研議什麼法案，是不是應公告出來並在立法院看得到？也就是兩院應如何連結？譬如委員或黨團正在研擬何種提案，有無可能在審議前期就先進行公告？這點還滿重要的。",485,"## 會議記錄整理

### 出現人物  
- 立法院委員 - 委員角色 - 提出法案進度應主動公告，強調民眾對「即時性」與「近用性」的期待，指出現有追蹤平台雖存在，但資訊更新過慢、民眾無感，並建議在法案審議前期即公告行政院研議內容與委員黨團提案，以提升民眾參與與倡議時機。  
- 行政院（代表性角色） - 政策研擬單位角色 - 被提及在研議法案，建議應在法案審議前期公告其研議內容，以讓民眾及公民團體提早知悉，並與立法院形成連結，提升透明度與參與度。  

（註：會議記錄中未明確提及具體個人姓名，僅以「委員」、「行政院」等職位或機構代稱出現，因此以職位角色進行識別與歸納。）

### 核心要點  
1. 法案進度需提升即時性與近用性——民眾對法案資訊無感，主因在於資訊更新過慢（如需數月或會期結束後才上網），應優化為更即時、易讀的公開方式，讓民眾能在家即時掌握進度。  
2. 建議建立審議前期公告機制——兩院應加強連結，於法案研擬階段即公開行政院或委員黨團的提案資訊，讓民眾及公民團體提前知悉，避免法案過後才知，錯失倡議時機。

### 決策事項  
- 未來應推動立法院在法案審議前期即公告行政院研擬之法案與委員或黨團的提案，使民眾能在法案進入審議議程前即知悉，以提升資訊的即時性與近用性，避免民眾在法案已過審議後才知悉而錯失倡議時機。  
- 強調法案進度公告應具備「即時性」，避免資訊更新延遲至數月或一個會期結束後才上線，以符合民眾對資訊透明與可及性的期待。  
- 提出應優化法案進度資訊的「近用性」，包括提升民眾對專業術語（如一讀、二讀、三讀、逕付二讀、進委員會等）的理解與識讀能力，並透過更易懂的方式呈現法案進度內容。  
- �

### 行動項目  
- 建立法案審議前期公告機制，讓民眾在法案進入審議議程前即能知悉相關提案內容（如行政院研議或委員黨團正在研擬的法案） - 立法院與行政院（雙方協調）  
- 优化法案進度資訊的即時性，確保民眾能於法案審議過程中快速取得最新進度，避免需等待數月或一個會期後才上線 - 立法院法案追蹤平台團隊  
- 提升法案資訊的近用性與識讀性，針對民眾不熟悉術語（如一讀、二讀、三讀、逕付二讀、進委員會等）進行簡化說明與教育推廣 - 立法院教育推廣單位或公民參與部門  
- 強化立法院與行政院之間的資訊連結，使法案

### 總結  
立法院應提升法案進度公告的即時性與近用性，並在審議前期主動公告行政院研議與委員黨團提案，以彌補民眾資訊落差與倡議時機錯失的問題。",2025-09-25 05:04:19,討論重點在法案進度公開：民眾感受不足主因在即時性與可讀性，建議加強早期公告與兩院資訊連結，避免法案審議後才被知悉。,,
28,"我們有看了一下法案追蹤平台，也是主動觸及民眾、即時性等問題，其實最重要的是即時性與前期告知。還有，資料雖有公開，但相對應用性仍然不足，所以建議可以舉辦一些活動，可以提升相關能力。
下一個民眾的意見是，立委個人資料整合與立委團隊資料整合。我們提出應該把立委相關資料整合在一起，這樣也許一個頁面就可以找到，方便民眾取得委員所有問政表現與紀錄。特別是投票紀錄仍無法完全資訊化，但唯有透過長期的投票紀錄才可以看到這個委員所關注的議題與其問政取向，其所長期關注的議題態度、立場是否一貫？所以還是希望可以把委員相關問政資料都整合在一起。至於應該要公開的資料，譬如助理，我們就不再贅述。
下一個民眾意見是法案於審議期間要有參與管道，好讓他們於審議期間就能有所瞭解。這就涉及一個東西，也就是民眾一直反映的公聽會問題！現在公聽會往往只見逐字稿會議紀錄，但民眾一直希望的，我們也應該做到的是，可否做到公聽會後續的影響追蹤與成效評估？譬如一場公聽會開完後，也對法案審議發揮功效，但哪些專家學者在公聽會上的意見被採用了？這就是公聽會的影響追蹤與成效評估，而不是只有當天的會議紀錄。否則大家只看到會議當天誰講了什麼話而已",497,"## 會議記錄整理

### 出現人物  
- 立委 - 未明確姓名，職位/角色：立法委員（代表民眾提出意見） - 主要貢獻或發言重點：提出立委個人資料與團隊資料整合的建議，強調應將立委的問政表現、投票紀錄等資訊整合於一個平台，以便民眾掌握其長期關注議題與立場一致性；並指出現有投票紀錄資訊化程度不足，呼籲建立完整問政資料庫。  
- 民眾 - 未明確姓名，職位/角色：社會大眾/意見提供者 - 主要貢獻或發言重點：提出法案審議期間應設置參與管道，呼籲改善公聽會的後續追蹤與成效評估機制，強調僅提供會議紀錄不足以反映公聽會實際影響，希望了解專家學者意見是否被法案採納，以提升透明度與參與感。  

（註：會議記錄中未提及具體個人姓名，僅以「立委」與「民眾」作為角色歸納，基於語境推斷其為意見提出者，並依其發言內容歸類職位與貢獻。）

### 核心要點  
1. 整合立委問政資料（含投票紀錄）－建置一體化平台，讓民眾可即時掌握立委長期問政立場與議題關注，提升資訊透明度與可比性。  
2. 建立公聽會後續影響追蹤與成效評估機制－不僅公開會議紀錄，更應說明專家意見是否被採納，強化民眾參與的實際影響與回饋。

### 決策事項  
- 將立委個人資料與團隊資料進行整合，建立一個統一平台，讓民眾能於單一頁面查詢立委的問政表現與紀錄，特別是投票紀錄，以評估其議題關注與立場一致性。  
- 建議推動公聽會後續的「影響追蹤與成效評估」機制，明確記錄並公開公聽會上專家學者意見的採納情況，以提升民眾對公聽會參與價值的認知與信任。  
- 考慮舉辦相關活動，以提升民眾對法案追蹤平台的應用能力，強化其即時性與前期告知功能，彌補現有資料應用性不足的問題。  

（上述決策事項中，「整合立委資料」與「推動公聽會影響追蹤與成效評估」為較高

### 行動項目  
- 整合立委個人與團隊問政資料，建立單一平台讓民眾可查詢立委的問政表現、投票紀錄與長期議題立場 - 負責單位：法案追蹤平台團隊（或相關政策資料整合單位）  
（緊急程度：中等，需長期推動，建議優先規劃資料整合架構與技術可行性）  

- 建立公聽會後續影響追蹤與成效評估機制，記錄並公開專家學者意見是否被法案審議採納，提升民眾對公聽會參與價值的認知 - 負責單位：法案審議與公聽會管理單位  
（緊急程度：中等偏高，建議在未來公聽會流程中逐步實行，作為即時性與透明度提升的關鍵行動）  

- 推動法案追蹤平台功能優化

### 總結  
會議核心聚焦於提升法案審議透明度與民眾參與，強調需整合立委問政資料並建立公聽會後續影響追蹤與成效評估機制。",2025-09-25 05:05:52,建議強化法案追蹤即時性與前期告知，並整合立委投票與問政資料；另呼籲建立公聽會後續影響追蹤與成效評估機制，提升民眾參與實質性。,,
29,"其實並不太能知道公聽會的效果何在！再來，公聽會的辦理有無開放其他機制？現在大概就是委員會舉辦或委員個別舉辦，但這涉及民眾參與，屬於另外一組的東西，我們就不多談，這可能需要整合性地一起談。
立院公聽會資料應該在公聽會前即對外開放，譬如該次公聽會有哪些已經有的法案版本？或者是專家學者的相關意見有沒有可能提前，或者是委員會對於這個法案的一些分析評估有沒有可能提前公布讓民眾知道，而不是只告訴你有個會議、有誰會來，但是這個會議的相關資訊都完全沒有，其實應該是在會議開會前有一些資訊，而這些資訊是否可以在會議前就公開。還有就是行政院送立法院審議的法案有沒有可能在審議之前就符合開放資料原則？比如說行政院正在審議中的法案有哪些，有沒有一個公告？不然我們都不知道行政院正在研議哪些法案，忽然「怦」就丟到立法院，然後民眾或是公民團體都不曉得。
民眾還有一個意見是中央法案跟各地方政府執行的落差，這個可能不完全是資料開放的問題，我們委員的討論反而是中央跟地方法案的落實要有一些說明的問題或立法意旨說明的問題，或者是至少應該可以連接相關法律跟地方政府的施行細則。民眾的反映是說，這個法是這樣規定的，但是在臺南、在臺北、在臺中為什麼執行是這樣",511,"## 會議記錄整理

### 出現人物  
- 委員 - 委員會成員（未具體命名） - 提出公聽會資訊應提前公開，建議在會議前公開法案版本、專家意見及委員會分析評估，強調現行僅告知會議資訊卻無內容，缺乏民眾參與基礎；並指出中央法案與地方政府執行之間的落差問題，呼籲應加強中央與地方立法意旨的說明，並建立法律與地方施行細則的連結。  
- 行政院 - 行政機關（未具體命名） - 被提及為法案送審單位，被質疑在送立法院審議前未依開放資料原則公開正在研議的法案內容，導致民眾與公民團體無法事先知悉，呼籲應建立法案公告機制以提升透明度。  

（註：會議記錄中未提及具體個人姓名，僅以「委員」、「行政院」等職位或機構稱呼，故以職位/角色代稱，並根據其發言內容歸納貢獻與重點。）

### 核心要點  
1. 公聽會前應公開法案版本、專家意見及委員會評估資料 - 為提升民眾參與品質，應在公聽會前公開相關法案內容與專業分析，避免僅以「有會議」為資訊，缺乏具體內容與背景。  
2. 行政院審議中的法案應依法公開，並建立中央與地方執行落差的說明機制 - 應推動法案審議前的開放資料，並強化中央法規與地方施行細則之間的連結，以解決實際執行上的不一致問題。

### 決策事項  
- 立院公聽會的相關資料（如法案版本、專家學者意見、委員會分析評估）應在公聽會前對外公開，以提升民眾參與度與透明度。  
- 行政院送立法院審議的法案，應在審議前符合開放資料原則，並公告正在研議中的法案內容，使民眾及公民團體能事先知悉。  
- 中央法案與地方政府執行之間的落差，應透過立法意旨說明或建立中央法規與地方施行細則的連結，以提升政策落實的透明性與一致性。  

（上述決策事項屬於中高層級決策，涉及政策透明度、民眾參與機制與法規落實的整合，具有制度性與長期影響力。）

### 行動項目  
- 公聽會相關資料應於會議前對外公開，包括法案現行版本、專家學者意見及委員會分析評估，以提升民眾參與度與透明度 - 委員會（或相關立法單位）  
- 探討行政院送立法院審議的法案是否可在審議前符合開放資料原則，並建立審議中法案的公開公告機制 - 行政院與立法院協調單位  
- 整合中央法案與地方政府執行之間的落差，建立中央立法意旨與地方施行細則之間的連結機制，並提供民眾可查詢的說明資料 - 委員會與地方政府協作單位  

（註：以上行動項目皆無明確指定個人負責人，執行單位為立法與行政機關協調體系；緊急程度依序為中高，其中「法案公開公告機制」

### 總結  
公聽會應提前公開法案版本、專家意見及審議進度，並加強中央與地方立法意旨及執行落差的說明，以提升民眾參與與透明度。",2025-09-25 05:07:20,建議公聽會應於會前公開法案版本與專家意見，行政院法案研議亦應提早公告；另指出中央法案與地方施行落差大，需加強法規與細則連結與說明。,,
30,"比如說美豬，地方是零檢出，但中央已經開放了，這到底是怎麼回事？到底是零檢出還是我可以使用？我可以吃？可能民眾會有這個問題，這個可能一部分牽扯到資料的開放。
另外很重要的，我們提出的是，立法院預算中心有定期相關的評估報告，這個部分是不是應該也要可以公開？我們建議是要公開，不是是不是也要公開，我們建議要公開，比如說公開研究的時程等等。
再來是民眾有反映說委員會辦的跟立委自己辦的公聽會資料開放程度不同，有一些委員自辦公聽會也是用立院的資源開的，有些是用委員的身分召開的，但是可能就沒有完整的會議紀錄，或者是有一些相關的資訊就沒有充分揭露，所以應該是要一致的。
另外，民眾有反映公聽會是不是可以開放民眾報名參與或是開出名額讓NGO自己主動報名？我們的建議是立院應該要有一個完整的議事行事曆，對於這個部分，立法院現在的確會公告下一週的議程，前兩週或前一週會公告下一週的一些主要議程，但是好像沒有一個完整整合性的行事曆，我們建議公聽會至少要在一週前公告，因為有些公聽會召開可能是比較臨時的，但至少能在一週前可以詳實公布議事的行程，讓民眾可以提早得知，至於是不是民眾可以參與則是另外一組，那就大家一起整合來討論",500,"## 會議記錄整理

### 出現人物  
- 立法院預算中心 - 預算評估單位 / 建議提出者 - 提出應公開相關評估報告（如研究時程），並強調資料透明化的重要性，以回應民眾對資訊公開的疑問與期待  
- 立法院委員 - 公聽會辦理者 / 資料公開責任人 - 被提及參與公聽會的舉辦，但部分自辦公聽會缺乏完整會議紀錄與資訊揭露，反映在資料開放程度上存在不一致問題，引發民眾關注  
- 立法院 - 議事運作單位 / 政策制定者 - 被建議應建立完整整合性的議事行事曆，並提前一週公告公聽會議程，以提升民眾參與與資訊透明度，同時應統一公聽會的資料開放標準  

（註：會議記錄中並未明確出現具體個人姓名，僅以「立法院預算中心」、「立法院委員」、「立法院」等機構或職能性角色出現，因此人物識別以職能角色為基礎，並依其貢獻與發言重點歸納。）

### 核心要點  
1. 公聽會資訊應公開透明且具預告性 – 建議立法院建立完整整合性的議事行事曆，至少提前一週公告公聽會議程，確保民眾能及時知悉，並提升資訊透明度與參與機會。  
2. 公聽會資料與評估報告應統一公開 – 建議所有公聽會（含委員自辦）應有完整會議紀錄，且立法院預算中心的相關評估報告亦應公開，以確保資訊對等、避免資源使用不透明。

### 決策事項  
- 立法院預算中心定期發布的相關評估報告應公開，包括研究時程等資訊。  
- 公聽會應建立一致的資料開放標準，確保無論是由立法院主辦或委員自辦，皆應有完整會議紀錄與相關資訊揭露。  
- 立法院應制定並公告完整的議事行事曆，公聽會至少應於一週前公開公告，以讓民眾及時知悉議程。  
- 公聽會是否應開放民眾報名參與，或讓NGO主動報名，建議另組專案進行整合討論（此為建議性討論，尚未形成決策）。  

（說明：上述決策事項中，前三大項為明確提出之建議並具備執行方向，屬具體決策；第四項為進一步討論議題，尚未達成結論，屬討論

### 行動項目  
- 公開立法院預算中心定期評估報告（含研究時程等內容） - 立法院預算中心（建議公開）  
- 建議統一公聽會資料開放標準，確保委員會辦公聽會與立委自辦公聽會的會議紀錄與資訊揭露程度一致 - 立法院相關單位（如議事處、各委員會）  
- 建議建立立法院完整整合性議事行事曆，並至少於公聽會開會前一週公告詳細議程 - 立法院議事處  
- 探討並規劃公聽會是否應開放民眾報名參與，或開放名額由NGO主動申請 - 立法院相關單位（與社會參與部門協調）  

（註：部分行動項目的緊急程度未明確提及，僅依議題重要

### 總結  
會議核心為推動立法院公聽會資訊透明化，強調應公開評估報告、統一議程公告時程，並建議建立完整議事行事曆以提升民眾參與與知情權。",2025-09-25 05:08:53,建議公開立院預算中心評估報告，並統一委員會與立委自辦公聽會資訊揭露；同時推動完整議事行事曆，至少提前一週公告，提升民眾知情與參與機會。,立院資料與預算公開、議事行事曆與公聽會透明化、遊說法落實與資料整合、分階段開放及著作權標示規劃,
31,"另外，我們也建議公聽會要開放民眾報名、NGO報名，再來是公聽會應該開放直播跟線上參與，這個是資料開放可以做到的。
再來是民眾有反映資訊釋出的時間跟正確有落差，導致倡議的時候資料是不同的，資料的定義也不明確。這個也跟即時性有關，之前立院可能會公告要開什麼會、有什麼資料，但等到正式開會的時候，網路上的資料跟現場提供的資料又不一樣了，這個就造成一些問題，所以資料即時開放的部分，我們覺得要彌補那個落差，建議要去盤點現在資料更新的時間頻率跟時間落差。立法程序中的各種相關質詢跟政府提供的資料，應該開放民眾能夠近用，因為我們有去查了，其實立法院網站有公布一個很完整的立法程序，但是這個圖畫成這樣，民眾其實也很難看得懂或是不一定看得懂。所以我們的建議是，其實在所有的立法過程中，可以公開的相關資料就應該公開給民眾能夠在方便的管道或者是平臺上都可以取得。
再來就是預算相關的資料需要公開，這個是現在立法院一直沒有公開的部分，就是預算相關的資料，應該進一步針對不同立法程序中各項法案的相關資料做到開放跟透明。
接下來是委員提的一些意見，就是立院法制局跟預算中心會提供一些委員修法相關的研析資料，這個應該也要公開",498,"## 會議記錄整理

### 出現人物  
- 立法院立法程序相關單位（未具體命名） - 資料開放與透明化推動者 - 提出立法程序中資料公開的建議，強調應公開立法過程中的質詢資料、政府提供的資料，並指出現有立法院網站資料圖示難以理解，建議改善為更易取得且易懂的管道，以提升民眾參與與理解。  
- 立院法制局 - 資料提供與研析單位 - 建議其在委員修法過程中所產生的研析資料應公開，以促進透明度與民眾參與。  
- 立院預算中心 - 資料提供單位 - 建議其預算相關資料應進一步公開，特別是在不同立法程序中各項法案的預算內容，以提升預算透明度與公眾監督能力。  

（註：會議記錄中未提及具體個人姓名，僅提到「立法院」內部單位，因此以單位角色代稱，並依其職能歸納其角色與貢獻。）  

本段無具體個人姓名提及，僅涉及立法院內部單位的建議與角色。

### 核心要點  
1. 資料即時性與透明度不足導致資訊落差 — 建議盤點資料更新頻率與公開時程，彌補立法院公告與實際現場資料不一致的問題，並公開立法程序中的質詢、研析資料，提升民眾對立法過程的理解與信任。  
2. 預算相關資料應全面公開 — 強調現行立法院未公開預算資訊的缺憾，建議在各立法程序中同步開放與透明化預算資料，並透過易懂平台讓民眾能方便取得與近用。

### 決策事項  
- 公聽會應開放民眾及NGO報名，並開放直播與線上參與，以提升參與便利性與透明度。  
- 盤點現有資料更新的時間頻率與實際發布之間的時間落差，以彌補資訊釋出時間與內容不一致的問題。  
- 在立法程序中，應公開相關質詢與政府提供的資料，並改善資料呈現方式，使其更易被民眾理解與取得。  
- 預算相關資料應進一步公開，針對各項法案在立法程序中的預算內容進行透明化與開放。  
- 委員修法相關的研析資料（由立院法制局與預算中心提供）應予以公開，以提升立法過程的透明度與公眾參與。  

（上述決策事項均基於會議中提出的具體建議，並以「應」、「

### 行動項目  
- 開放公聽會民眾及NGO報名機制 - 無明確負責人（建議由議會辦公室或相關單位執行）  
- 開放公聽會直播與線上參與功能 - 無明確負責人（建議由資訊處或議會數位服務單位執行）  
- 盤點現有資料更新的時間頻率與實際發布與現場資料之間的時間落差 - 無明確負責人（建議由資料管理單位或立法委員會辦公室執行）  
- 公開立法程序中相關質詢與政府提供的資料，並改善資料呈現方式，使其更易理解 - 無明確負責人（建議由立法院資訊處或法制局執行）  
- 公開預算相關資料，並針對各法案的預算內容進行透明化開放 - 無明

### 總結  
會議核心建議為：應全面開放立法程序、預算及質詢相關資料，並強化資料即時性與透明度，以彌補資訊落差，提升民眾可近用性與理解度。",2025-09-25 05:10:25,建議公聽會應開放民眾與 NGO 報名，並提供直播與線上參與；同時強化資料即時更新，避免公告與現場資料落差。另提預算及法制局研析資料應公開，提升透明度與可近用性。,,
32,"這是立法院提供給委員參考的資料，是不是應該要公開？我們就抓了一、兩個例子，大家可以點進去看一下，這種相關的資料雖然是供委員參考的資料，但既然是立法院的資料，這個部分我們建議就要公開。
再來就是各黨團其實也是用公共預算來運作的，所以黨團的資料應該要公開，包括黨團的助理，黨團開黨團會議的會議紀錄、會議資訊等等，黨團的經費運用應該也要透明，因為這個其實是立法院編列預算讓黨團去使用的，所以民眾應該也可以順利地取得相關的資料。過去黨團在幹嘛其實民眾不太知道，一個黨團大概聘請多少個助理，我們也不知道；黨團開會形成什麼決議、黨團要提出什麼提案、黨團在立院裡面要推動運作什麼政策，我們也都不知道，所以黨團資訊應該是要公開的。
再來就是政治獻金、財產申報這部分，目前的職權在監察院，但是馬上修憲委員會就要召開了，還有很多廢考、監的聲浪，所以有委員就提到立院至少要做好準備，是不是將來這個東西會到立法院來，或者監察院還在運作的時候有沒有一些連結，可以串連委員完整的相關的資料。
再來還有一個就是遊說法應該要落實，到底有多少人來立法院找委員，然後談什麼事情，然後遊說的公開機制應該要建立",485,"## 會議記錄整理

### 出現人物  
- 馬上修憲委員會相關委員 - 修憲議題參與者 / 建議者 - 提出關於政治獻金與財產申報未來可能由立法院接管的議題，並呼籲立法院應做好準備，強調應思考未來相關資料的串聯與透明化，特別是在監察院職權可能被調整的情況下，立法院需提前規劃相關機制。  
- 立法院委員 - 會議參與者 / 發言者 - 在會議中提出多項關於資料公開的建議，包括立法院內部資料（如黨團資訊、會議紀錄、經費運用）應公開，並呼籲建立遊說活動的公開機制，強調民眾應能取得黨團運作、提案內容與政治獻金等資訊，以促進透明與監督。  

（註：會議中未明確提及具體個人姓名，僅以「有委員」、「立法院委員」等泛稱描述參與者，因此僅能根據語境推論其角色與貢獻，並以職務或角色代稱呈現。）  

> 補充說明：會議記錄中並未出現具體可識別的個人姓名（如張三、李四等），所有提及皆為「委員」或「有委

### 核心要點  
1. 雖然屬內部參考資料，立法院的黨團運作資訊（如助理人數、會議紀錄、經費運用與政策提案）應公開透明，以讓民眾了解黨團實際運作與預算使用情況。  
2. 應推動政治獻金與財產申報資料的公開機制，並預先規劃未來可能由立法院主責相關職權，強化與監察院的資料串聯與透明度。

### 決策事項  
- 建議立法院應公開其提供的供委員參考資料，例如具體案例，使民眾可點進查看，強調立法院資料應公開透明。  
- 建議黨團資料應公開，包括黨團助理人數、黨團會議紀錄與資訊、黨團經費運用等，因黨團使用公共預算運作，民眾應有權取得相關資訊。  
- 建議建立遊說法的公開機制，明確記錄有多少人到立法院找委員遊說、談論何種事項，並公開遊說內容與過程。  
- 建議立法院應就政治獻金與財產申報等事項做好準備，考慮未來相關職權可能轉移至立法院，或在監察院仍運作時，建立與立法院資料的串聯與整合機制，

### 行動項目  
- 公開立法院提供給委員參考的資料（如具體案例），並建立公開查詢機制 - 立法院（建議執行單位）  
- 公開黨團相關資料，包括助理人數、黨團會議紀錄、會議資訊及經費運用情況 - 立法院（建議執行單位）  
- 建議推動政治獻金與財產申報資料的整合與公開機制，並評估未來是否由立法院承接相關職權，或與監察院建立資料串連 - 立法院（建議執行單位）  
- 建立遊說法的公開機制，明確記錄並公開委員遭遊說的人次、內容與時間，並推動相關制度落實 - 立法院（建議執行單位）  

（緊急程度：中高；上述行動項目的時間要求未明確提及，

### 總結  
立法院應推動黨團資料、政治獻金與遊說活動的公開透明，以提升立法過程的透明度與公眾監督。",2025-09-25 05:12:00,建議公開立院提供委員參考的研析資料；黨團助理、會議紀錄與經費運用也應透明化。另強調政治獻金與財產申報資料應與立院連結，並落實遊說法，建立公開機制。,,
33,"雖然有遊說法，但是都沒有落實，因為我們都不知道哪些團體、哪些人來找委員，然後關心什麼樣的法案、推動什麼樣的法案。
最後一個是行政院的開放資料跟立法院的開放資料有相對的落差，行政院的開放資料以立院的預算為主，立法院以委員相關法案為主，建議只要有相關的，是開放國會行動方案裡面可以要求的，我們希望立法院跟行政院，就是我們的開放國會跟開放政府這邊其實應該要做一個好的協調跟統整。以上是我們這一組提出來的意見，請大家可以提供一些高見來討論。謝謝。
主席：請大家……還有意見的意思是什麼？因為大家還是要看一下……
吳銘軒：可以把這個檔案丟到slack嗎？
高宇成：有。
主席：我先講一個意見，就是可能要注意一下于顥剛剛給的那個表格喔，最後還是要收斂到一個又更narrow一點的。好，剛剛是不是有誰？好，LuLu。
耿璐：大家好，我是開放文化基金會的耿璐。其實只是補充一下，我覺得當然民眾想要立法院開放的東西很多元，那我覺得也不是在第一輪就全部都要做到，所以我們在討論裡面有提到，就是立法院不是有議會的階段表嗎？那我們是不是在第一輪先檢視這個過程當中有哪些應該被開放的還沒有開放，不見得是可能會加很多東西，先就現在的議程，這也是其中一個意見",514,"## 會議記錄整理

### 出現人物  
- 吳銘軒 - 會議參與者 / 資料協調者 - 提出將會議檔案上傳至 Slack，以促進資訊流通與團隊協作  
- 高宇成 - 會議參與者 / 技術或行政支援人員 - 肯定吳銘軒的建議，表示可執行將檔案上傳至 Slack  
- 主席 - 會議主持人 - 引導討論，提醒與會者注意于顥提供的表格，並呼籲進一步收斂議題範圍，推動討論聚焦  
- 于顥 - 會議參與者 / 議題提供者 - 提供表格作為討論基礎，內容涉及開放資料與法案推動的落差問題（雖未直接命名，但從語境可推知為提出表格者）  
- 耿璐 - 開放文化基金會代表 / 公眾參與倡議者 - 補充意見，強調立法院開放資料應以現行議程為基礎，先檢視尚未開放的項目，避免過度擴張，主張分階段推動  

> 備註：於顥雖未明確出現於姓名列表中，但其「剛剛給的那個表格」為會議討論核心，且為主持人特別提及，故視為關鍵參與者，應納入識別。

### 核心要點  
1. 立法院與行政院開放資料內容存在落差，應協調統整——行政院以預算資料為主，立法院以法案為主，建議針對「開放國會行動方案」內相關項目，由兩方進行有效協調，提升資料透明度與一致性。  
2. 首輪開放應聚焦現行議程中的缺漏項目，避免過度擴張——應依據議會階段表，先檢視已有的議程中哪些資料尚未開放，逐步推動，確保可行性與實務落實。

### 決策事項  
- 建議立法院與行政院在開放資料的範疇上進行良好的協調與統整，特別是針對「開放國會行動方案」中可要求的內容，彌補兩者之間的落差（行政院以預算為主、立法院以委員法案為主）。  
- 提出在第一輪推動中，應聚焦於現有議程中尚未開放的項目，並非一次性全面開放所有民眾期待的內容，建議依據議會階段表進行檢視與規劃。  

（上述兩項為會議中明確提出的具體建議與方向，雖未以「決議」形式表達，但具備明確的行動導向與決策意涵，屬於中高層級的政策協調與執行策略決策。）

### 行動項目  
- 將會議中關於行政院與立法院開放資料落差的討論內容，以及開放國會行動方案的協調建議，整理成文件並上傳至 Slack - 高宇成（執行單位：會議紀錄整理組）  
- 檢視立法院現行議會階段表，識別第一輪應開放但尚未開放的議程項目，提出初步建議清單 - 耿璐（負責單位：開放文化基金會）  
- 收斂於顥提供的表格內容，聚焦於更精確、具體的議題範疇，並進行後續討論與調整 - 主席（負責單位：會議主導單位）  

（註：上述行動項目基於會議中提及的意見與建議推論，雖未明確指派具體執行人，但根據語境推斷責任單位與行動內容。緊急程度：中

### 總結  
立法院與行政院開放資料內容存在落差，應協調統整並聚焦於現行議程中尚未開放的項目，逐步推動開放國會與開放政府的實踐。",2025-09-25 05:13:38,建議強化遊說法落實，公開遊說對象與法案關聯；並促進行政院與立法院資料協調整合。與會者提醒第一輪先聚焦檢視現行議程中尚未開放的部分，再逐步擴展。,,
34,"就是先看現在的議事流程表裡面，是不是有哪些東西還沒有開放，也是開放資料我們第一個想到的部分，所以才會在討論裡面補了那張表。
主席：那個補充的表格在最後一頁，在雲端的最後一頁，那個圖大家可以看一下，就是那個流程圖。因為有一部分可能會是已經有開放，但是其實民眾不容易搜尋、不容易找的；有一部分是還沒有開放，所以可能還是要把它稍微整理成比較短期跟比較長期的，以及只是要優化目前的程序跟被近用的模式的簡易度。大家還有沒有什麼意見？沒有的話，接著可能就要請這個組別的人，要把這些真的是很豐富的意見濃縮到表格裡面。
王文岳：我只是要補充一個意見，這也是我們另外一組在討論的時候發現的一個問題，就是有關立院的資料，我們有時候不太知道到底什麼樣的資料，它的license狀態是什麼，我覺得這件事情可以讓便於取得利用的國會資訊這一組和數位化國會這一組一起來討論看看，是否在著作權法上面去看看立院到底哪些資料是得為著作標的，以及哪些是不為，不為的範圍在跟民眾宣導的時候是不是要講一下？或者要標示清楚比如這份文件或文獻是屬於不受著作權保護，因為它不是著作權標的，或者是說它有著作權，像是直播的影片，那都是會有著作權的",497,"## 會議記錄整理

### 出現人物  
- 主席 - 會議主持人 - 提出補充表格的討論方向，說明流程圖位於雲端最後一頁，並指出民眾難以搜尋某些已開放資料的問題，強調需將資料分為短期、長期及程序優化三類，並邀請與會者提出意見，最後確認無異議後轉交組別進行整理。  
- 王文岳 - 國會資訊組或數位化國會組成員 - 補充意見指出立法院資料的授權狀態（license）不透明，建議由「便於取得利用的國會資訊組」與「數位化國會組」共同討論著作權法相關問題，釐清哪些資料屬著作權標的、哪些不屬，並提出應在公開時明確標示，例如標示「不受著作權保護」或「受著作權保護（如直播影片）」，以提升民眾使用透明度與正確理解。

### 核心要點  
1. 整理議事流程表的開放狀態與應用層級 - 將現有議事流程中已開放與尚未開放的資料，依「短期」、「長期」及「程序優化」分類，提升民眾搜尋與使用便利性，並由專責組別濃縮意見後納入正式表格。  
2. 明確標示立法院資料的著作權狀態 - 建議由「便於取得利用的國會資訊」與「數位化國會」兩組協作，釐清哪些資料屬著作權標的、哪些不受保護，並在公開時明確標示，以提升民眾對資料使用權益的認識與正確運用。

### 決策事項  
- 將立法院資料的著作權狀態（是否為著作標的）進行釐清，並由「便於取得利用的國會資訊」與「數位化國會」兩組共同討論，釐定相關資料的著作權歸屬。  
- 對於不受著作權保護的資料（如議事紀錄、議案文本等），應在公開時明確標示或宣導，讓民眾清楚知悉該資料不具著作權，避免誤解；對於具著作權的資料（如直播影片），則應依規定處理，並標示其著作權狀態。  

（此為中層決策，屬於流程優化與資訊透明度提升的具體行動，涉及跨組別協作與公開資訊的標示規範，具有明確執行方向與責任分工。）

### 行動項目  
- 將現有議事流程表中尚未開放的資料進行整理，區分為短期、長期及程序優化類型，並以簡明方式呈現給民眾 – 負責單位：會議中提及的「組別」（具體單位未明確指派）  
- 與「便於取得利用的國會資訊」組與「數位化國會」組合作，檢視立法院資料的著作權狀態（是否為著作標的），並釐清哪些資料不受著作權保護 – 負責單位：便於取得利用的國會資訊組、數位化國會組  
- 在公開資料中，針對不受著作權保護的資料（如議事記錄、議案文書等）進行標示說明，並在民眾使用時清楚宣導其著作權狀態 – 負責單位：便於取得利用的國會資訊組、

### 總結  
會議核心聚焦於優化議事流程資料的開放與可及性，並提出應明確區分立院資料的著作權狀態，以提升民眾對資料使用權益的認知與運用便利性。",2025-09-25 05:15:01,建議整理議事流程表，區分短期可優化與長期待開放項目；另提出立院資料應明確標示著作權狀態，方便民眾理解與使用，並建議與數位化國會組別協作討論。,,
35,"所以說後續各式各樣的錄影、錄音或是文件等等，有關license的部分可能要注意一下。做以上補充。
主席：這要在哪裡注意？
王文岳：第一個我們要先去盤點，到底不受著作權標的文件有哪些，再來就是對於有著作權的東西，在這些檔案或資料釋出的時候，就要在它的metadata上明確的輸入，比如立院願意怎麼樣開放它，是CC嗎？還是別的license？是政府開放資料授權一版嗎？諸如這些等等的。我覺得實際上怎麼做是可以討論的，不過到時候我們在做資料釋出時……，因為目前我看立院的網站，那些有所謂的開放資料，其實在license上面好像都沒有很清楚標示，頂多就是講通通都用政府開放資料授權一版，但事實上有些是不得為著作標的。我目前觀察到的狀況是這樣。
主席：所以在便於取得利用的國會資訊以及數位化的國會可能都要去討論出來，之後在立法院資料開放的時候，應該要做這樣的標示。
王文岳：對，可能兩邊，甚至是多邊，可能包含連國會識讀的部分，在推廣時可能都要做這樣的推廣。
主席：三個小組的組長都先記起來。
于顥：對，有關的建議應該是有關的小組自己要把它叼走。繼續我提一下，公聽會是不是可以開放民眾報名參與這個部分應該不屬於這個項目，這應該是第三組的。
主席：應該是……
于顥：就是公聽會報名參與的部分應該是……",543,"## 會議記錄整理

### 出現人物  
- 王文岳 - 資料開放與著作權政策建議者 - 主要貢獻或發言重點：提出應先盤點不受著作權保護的文件，並強調在釋出資料時必須於metadata中明確標示授權方式（如CC或政府開放資料授權一版），指出現行立院網站對授權標示不清晰，部分資料不得為著作標的，呼籲未來在資料開放時應加強授權標示與推廣。  
- 于顥 - 公聽會相關事項負責人 - 主要貢獻或發言重點：建議公聽會的民眾報名參與事項不屬於本項目範疇，應由第三小組負責，並強調此部分應由相關小組自行處理。  
- 主席 - 會議主持人 - 主要貢獻或發言重點：引導討論，提出應在國會資訊與數位化資料開放時加強授權標示，並要求三個小組的組長記住相關建議，確保事項落實。

### 核心要點  
1. 資料釋出時必須在metadata中明確標示著作權授權方式（如CC或政府開放資料授權一版），並區分哪些內容不得視為著作標的，以確保開放資訊的透明與合法使用。  
2. 立法院應系統性盤點不受著作權保護的文件，並在國會資訊數位化與公開推廣過程中，同步建立清晰的授權標示機制，提升資料可取得性與利用便利性。

### 決策事項  
- 對於立法院公開的資料，應進行著作權標的盤點，明確區分哪些檔案不受著作權保護，哪些屬於著作權範圍。  
- 對於具有著作權的檔案或資料在釋出時，必須在metadata中明確標示其授權方式，例如是否採用CC授權、政府開放資料授權一版或其他授權方式，並依據實際情況決定授權條款。  
- 在立法院資料開放時，應清楚標示各資料的授權條件，避免僅以「通通使用政府開放資料授權一版」等模糊陳述，特別是針對「不得為著作標的」的內容需特別註明。  
- 有關國會資訊與數位化資料的取得與利用，應進行專項討論與規劃，並在推廣過程中同步強調授權標示的重要性。  
- 三個小組的組長應記

### 行動項目  
- 盤點立法院現有檔案或資料中，不受著作權保護的文件項目 - 王文岳（負責）  
- 在開放資料釋出時，於metadata中明確標示相關資料的授權方式（如CC、政府開放資料授權一版等） - 王文岳（負責）  
- 檢視立法院網站現有開放資料，確認其授權標示是否清晰，特別是針對「不得為著作標的」之資料 - 王文岳（負責）  
- 推動並在國會資訊、數位化國會資料的推廣過程中，強化授權標示的透明度與可讀性 - 王文岳（負責）  
- 三小組組長需記住並落實相關建議，並由各小組自行推動執行 - 三小組組長（共同負責）  
-

### 總結  
立法院在釋出數位化資料時，應明確標示各檔案的著作權授權方式（如CC或政府開放資料授權一版），並針對不受著作權保護的文件進行盤點，以提升資訊可取得性與使用透明度。",2025-09-25 05:16:32,建議立院釐清各類文件、影音之著作權與授權方式，於資料釋出時明確標示 license；此事宜應由「便於利用資訊」、「數位化國會」等小組協同處理並推廣。,文件與影音著作權標示、資訊公開即時性與正確性、公聽會透明度與人民參與限制、國會資料檢索與整合改善,
36,"主席：便於人民參與的國會……
于顥：我先大概順一下這幾個意見。立院應主動公告法案進度，這個我覺得原則上還屬於這一組，但細部的部分，可能到時候再跟行政單位討論。有關立委個人資料整合、立委團隊資料整合，看起來也是屬於這組沒有錯，這也是到時候再跟資訊處那邊做討論。
主席：那公聽會的部分歸入便於人民參與的國會，應該是比較對。
于顥：有關行政院的部分，我想要討論一下，這要不要算在我們的行動方案裡面，因為行政單位應該自己也要出一份行動方案，我覺得不能因為他們沒出，我們就幫他們出，我自己覺得啦！這是我自己的想法。
高宇成：主席，我補充一下。有關公聽會的部分，的確會有兩個部分，一個是民眾便於參與，一個是資訊公開，有關便於參與的部分，我們就不多討論，但是資訊公開的部分，其實現在立院的公聽會應該都是只給會議紀錄文字檔，就是詳細會議紀錄文字檔，可是也不完整。比如你現在隨便去看立院第9屆公聽會的會議紀錄，可能只有第1會期、第5會期、第7會期，不是所有會期都有，所以也不完整，所以第一個就是資訊公開。第二個部分，我們剛剛提到怎麼樣更提早進行法案前期相關資料的通知，或是公聽會前期相關資料的通知，我覺得這個比較困難，但是不是有可能朝這個方向努力",514,"## 會議記錄整理

### 出現人物  
- 于顥 - 立法院議員（或相關政策推動者） - 提出立院應主動公告法案進度與立委個人資料整合的建議，強調細部內容需與行政單位討論；並提出應由行政單位自行制定行動方案，不應由立院代為出稿，表達對行政合作機制的思考。  
- 高宇成 - 立法院議員（或相關政策推動者） - 補充公聽會的資訊公開問題，指出現行公聽會僅提供部分會期的會議紀錄，內容不完整；並提出應加強法案前期資料通知的可行性，強調資訊公開與民眾參與的改善方向。  
- 主席 - 國會會議主持人 - 主導會議流程，確認公聽會歸屬「便於人民參與的國會」，並引導討論方向，確保議題聚焦於人民參與與資訊透明。  

（註：會議中未明確提及人物的正式職稱，如「秘書長」、「委員會召集人」等，僅依語境推斷其為立法院議員或政策推動者角色。）

### 核心要點  
1. 立院公聽會資訊公開不完整，僅提供部分會期會議紀錄，應加強資訊透明度與完整性，確保民眾能取得完整、及時的法案前期資料。  
2. 建議立院主動公告法案進度與提前發布公聽會相關資料，並強調行政單位應自主制定行動方案，避免由立委單方面代為推動。

### 決策事項  
- 會議認為「公聽會的資訊公開」應納入便於人民參與的國會行動方案，並指出現行公聽會僅提供部分會期的會議紀錄文字檔，內容不完整，需改善資訊公開的完整性與可及性。  
- 會議討論是否應將行政院的行動方案納入本組行動方案，但最終未形成明確決議，僅提出「不應因行政單位未出方案而由立院代為制定」之意見，屬建議性看法。  

（說明：上述兩項中，第一項為具體行動方向與問題認定，屬中層決策；第二項為意見交換，未達決議標準，僅為討論性內容。）

### 行動項目  
- 主動公告法案進度（包含立委個人資料整合與立委團隊資料整合） - 于顥（建議與資訊處進一步討論）  
- 提升立院公聽會資訊公開完整性（補充所有會期的詳細會議紀錄文字檔） - 高宇成（建議推動資訊公開改善）  
- 探討是否將行政院行動方案納入本組行動方案（需評估行政單位是否自備方案） - 于顥（個人意見，建議進一步討論）  
- 尋求更提早進行法案或公聽會前期相關資料通知的可行性 - 高宇成（視為方向性建議，具挑戰性）  

> 備註：上述項目中，「主動公告法案進度」與「資訊公開」為明確行動方向，「行政院行動方案是否納入」為討論性建議，「提早通知資料」

### 總結  
立法院應加強公聽會的資訊公開完整性與提前通知機制，並推動法案進度主動公告，但不應替代行政單位自行制定行動方案。",2025-09-25 05:17:57,會議確認公聽會屬於「便於人民參與」範疇，但其資訊公開亦應加強；另強調法案與公聽會資料應更完整且提前通知，避免紀錄缺漏並提升透明度。,,
37,"行政院的部分我也再說明一下，我剛剛報告時也有提到，其實開放國會行動方案跟開放政府行動方案在某些部分可能要有一個統整與配合，謝謝。
周韻采：我們整理了一些意見，其實發現有一些小組可能比較需要一些groundwork，就是比較地毯式的苦力，也就是需要一些智慧功能的處理，因為有一些是已經開放了，可是可能不完善，譬如立法院的議事紀錄本來就有，但是你要是每一個字都去唸，找到每個委員的講法或當時的情況，其實是很耗工的，但是目前立法院沒有做tag的動作，以至於你真的要了解他們當時開會的情形，就變成每一個字全部逐字唸完以後，才有辦法找到委員講了什麼。
其實就變成哪一些部分是我們未來可能需要做一些改善，不只是增加新的資料，而是在現有的資料上面可不可以把它變得更容易懂、更快擷取某些資訊。可能之後就變成我們這組需要比較密切的跟立法院資訊處來做，針對某一些他們已經有的，我們可能要進去看以後，大家去討論看看有沒有更好的一個開放形式出來。
主席：于顥先說。
于顥：我只是單純提個建議，我覺得這些意見maybe可以大概融進幾個大項裡面，譬如資訊公開的即時性，包含第一項提到的，還有後面資訊釋出的時間和正確性的部分，其他的部分想到再講，因為我剛剛只想到一半而已，不好意思",525,"## 會議記錄整理

### 出現人物  
- 周韻采 - 領導小組成員 / 行動方案推動者 - 提出立法院議事紀錄缺乏標記（tag）的問題，強調現有資料需透過智慧功能提升資訊擷取效率，建議未來應與立法院資訊處密切合作，優化現有資料的開放形式與可讀性。  
- 于顥 - 建議者 / 政策整合推動者 - 建議將各項意見歸納為幾個大項，特別提出「資訊公開的即時性」作為重點方向，涵蓋資訊釋出的時間與正確性，並表示僅提出初步想法，需進一步討論。  
- 主席 - 會議主持人 - 負責引導議程，於會議中點名於顥發言，顯示其在會議流程中具有調度與引導角色，但未具體提出內容或貢獻。  

（註：會議中提及「行政院」與「立法院資訊處」為機構或單位，非個人姓名，故不列入人物識別。）

### 核心要點  
1. 現有議事資料需加強標註與結構化處理 - 現有立法院議事紀錄雖已存在，但缺乏標籤（tag）功能，導致資訊擷取耗時耗力，未來應推動標註與結構化，提升資料可讀性與即時查詢效率。  
2. 需統整開放政府與國會行動方案，強化跨單位協作 - 開放國會與開放政府方案應在資訊即時性、釋出時間與正確性等面向進行整合，並與立法院資訊處密切合作，共同優化開放資料的呈現與使用方式。

### 決策事項  
- 未來應針對現有開放資料（如立法院議事紀錄）進行改善，提升資訊的可讀性與資訊擷取效率，特別是在缺乏標籤（tag）的情況下，需發展更有效的智慧功能來協助快速定位委員講話內容。  
- 建議將相關意見整合為幾個大項，其中首推「資訊公開的即時性」，包含資訊釋出的時間與正確性等面向，作為未來推動開放政府行動方案與國會行動方案協調與統整的重點方向。  

（說明：上述內容雖未以明確「決議」或「投票通過」形式出現，但會議中多個參與者提出具體行動建議與方向，並由於顥提出「整合為幾個大項」的建議，顯示已有明確的決策意圖與結構化方向，屬於中

### 行動項目  
- 整合開放國會行動方案與開放政府行動方案，加強各小組間的統整與配合 - 行政院（無明確負責人）  
- 探討立法院議事紀錄的資料結構優化，針對現有議事資料進行tag化處理，以提升資訊擷取效率與可讀性 - 周韻采團隊（與立法院資訊處密切合作）  
- 將相關意見歸納為幾個大項，特別是資訊公開的即時性（含資訊釋出時間與正確性）進行系統性整理與討論 - 于顥（建議提出者，負責初步歸納）  

（緊急程度：中等；時間要求：未明確，屬後續持續討論與規劃項目）

### 總結  
會議核心聚焦於現有議事資料的結構化與資訊可擷取性改善，強調應針對立法院已有的議事紀錄進行tag化與智慧化處理，以提升資訊即時性與查詢效率，並建議將相關意見歸納為「資訊公開的即時性」等幾大主軸進行統整與推動。",2025-09-25 05:19:29,會議指出國會與政府開放方案需統整配合，並強調改善現有資料檢索性，如議事紀錄加標籤提升可讀性；建議將意見整合為資訊公開即時性與正確性等大項。,,
38,"主席：但是剛才講有關公聽會的部分，我覺得有分成幾個層次啦！一個是資料的即時開放，即時開放和整合的部分可能就是在這一組─便於取得利用的國會資訊；但是如果都是在公聽會的層次，哪一些應該要歸於便於人民參與的國會？我覺得乾脆現在口袋國會代表的這一組直接把屬於便於人民參與的國會部分切給他們，不要把整個公聽會弄在一起，我們先切開，到時候在寫報告、行動方案的時候，再決定有沒有調整的必要，但是就把它切開。
另外，我認為有一些網站上面，畢竟我們並不是在幫立法院做網站的優化，讓人民更容易的看到、看懂，有更好的表現方式，這當然是我們追求的一個目標；但是理論上我們如果能夠讓所有的資訊都即時開放，包括文字檔、影片的開放程度都是做到最大化，以及機器可判讀的話，其實每一個厲害的人認為怎麼做會是人民更容易看得懂的模式，就會自然展現在不管是監督團體，或是對立法院有興趣的人，他就會做出那樣的東西，他認為他最想要被看到的是什麼東西，他就會做出來，只要我們的資料真的能夠即時且更廣泛的開放。
所以我個人認為，這部分大家在濃縮的過程裡面，儘量不要一直掉到怎麼樣讓立法院網站更優化的狀態，因為我相信高手跟在外面的人會覺得，",495,"## 會議記錄整理

### 出現人物  
- 主席 - 會議主持人 / 政策建議者 - 提出將公聽會內容按層次區分，建議將「便於人民參與的國會」部分交由口袋國會代表組負責，並強調應優先推動資料即時開放與機器可判讀，而非過度著重立法院網站的外觀優化；認為開放資料能激發外部專業人士創造更符合人民需求的資訊呈現方式。

### 核心要點  
1. 將「便於人民參與的國會」功能獨立劃歸至口袋國會代表組，避免與公聽會等議程混雜，提升參與設計的專注與實效性。  
2. 強調資訊應實現即時、全面且機器可判讀的開放，讓民間創作者與監督團體自然發展出符合需求的呈現方式，而非過度聚焦於立法院網站的技術優化。

### 決策事項  
- 將「便於人民參與的國會」相關內容（特別是公聽會中屬於人民參與的部分）從整體公聽會議題中分離，直接歸屬於「口袋國會代表」這一組負責推動，並在後續撰寫報告與行動方案時再視情況調整。  
（此為中層決策，屬於議題分工與責任區隔，具體明確且具執行導向）  

- 建議在資料開放政策上，優先推動「資料即時開放」與「最大化開放程度」（包括文字檔、影片等），並強調資料應具備「機器可判讀」特性，以促進民間團體與個人根據自身需求創造更適合的呈現方式，而非過度聚焦於立法院網站本身的優化。  
（此為策略性決策，屬於方向性與原則性

### 行動項目  
- 將公聽會中「便於人民參與的國會」相關內容，劃歸給口袋國會代表組負責執行 - 口袋國會代表組  
（緊急程度：中等；時間要求：無明確期限，建議於報告與行動方案撰寫前完成劃分）  
- 推動立法院資訊的即時開放，包含文字檔、影片等多種格式，並提升機器可判讀程度，以促進民間團體與監督者自行開發更易理解的呈現方式 - 立法院資訊推動小組（或相關技術單位）  
（緊急程度：中高；時間要求：應於即時開放機制建立過程中持續推進，建議設立階段性里程碑）  

註：會議中未明確指派具體執行單位，僅提出概念與方向，故部分行動項目的負責單位依語

### 總結  
應將公聽會相關議題按「資料即時開放」與「人民參與」分層處理，並优先推動資料的即時、完整且機器可判讀開放，讓外部群體自然創造更符合需求的參與模式。",2025-09-25 05:20:39,主席建議將公聽會分為「資訊即時開放」與「人民參與」兩部分分別處理，並強調重點在於資料完整、即時且機器可判讀，而非著重於網站優化，由外部自然發展多元呈現。,,
39,"你只要東西開給我，就可以弄得比你還要更容易看得懂之類的。
ok，我們這一組差不多是到這邊，下一組是便於人民參與的國會，我們請賴香伶委員辦公室代表，謝謝。
呂儀恬：可以幫我切個畫面嗎，謝謝。
我們是第三組，主要是講便於人民參與的部分，我們統整了一下，在那個表格裡面，大概有48則都是關於便於人民參與的國會。這邊我們是以四個項目為主，一個是人民的參與門檻，人民主要是針對資訊的部分，還滿多是針對資訊無法取得，或者是他們不曉得從哪邊取得。像是一些議題的部分，他們比較難以理解。假設是法案的話，他們怎麼進入這個脈絡，是有十分地困難。假設美豬、美牛這個案子好了，在現在的立法院網站上面可能沒辦法瞭解，在幾年前某個政黨曾經反對過，目前執政黨他們是通過的，就是希望往這個方向推動，這個歷程怎麼變化，人民沒辦法去理解這件事情。另外，剛剛提到公聽會的部分，是在人民如何參與開放國會這件事情，有一個實體跟網路。實體的話，因為立法院都在北部，除了NGO在北部有辦公室之外的，可能中南部或者是東部的NGO他們要參與會比較困難，尤其是收到通知的時候可能已經是前幾天了，他們可能就沒辦法有即時性的。除了時間上的限制之外，可能也有預算上的困難",506,"## 會議記錄整理

### 出現人物  
- 賴香伶 - 委員辦公室代表 - 代表賴香伶委員出席會議，負責參與「便於人民參與的國會」相關議題討論，並由其辦公室代表出面說明內容。  
- 呂儀恬 - 會議參與者 - 在會議中提出請求，要求「幫我切個畫面」，顯示其在會議中積極參與並需要視覺資料支持，可能為會議記錄或影片製作相關人員。  

（註：會議中提及「我們是第三組」、「我們統整了一下」等語句，未明確指出其他具體人物姓名，僅有賴香伶與呂儀恬被明確提及姓名。）

### 核心要點  
1. 人民參與門檻高：民眾難以取得國會資訊，如法案演變過程（如美豬、美牛案）與議題背景不明，導致理解困難，且現有立法院網站缺乏透明化與歷史脈絡呈現。  
2. 實體公聽會參與不均：因立法院集中於北部，中南部及東部NGO難以及時參與，受限於時間與預算，影響人民參與的公平性與廣度。

### 決策事項  
- 本段為討論性質，無具體決策

### 行動項目  
- 統整「便於人民參與的國會」相關資訊，整理出48則案例，並以四個項目（人民參與門檻、資訊取得困難、議題理解困難、公聽會參與機制）為主軸進行歸類與分析 - 第三組團隊（負責單位未明確指定）  
- 提供立法院網站上法案議題演變歷程（如美豬、美牛案）的可讀性改進建議，協助民眾理解政策變遷過程 - 第三組團隊（負責單位未明確指定）  
- 建議優化公聽會參與機制，包含實體與網路雙軌設計，解決中南部及東部NGO參與困難問題（如時間與預算限制） - 第三組團隊（負責單位未明確指定）  
- 帮助切取會議畫面

### 總結  
本會議核心聚焦於人民參與國會的門檻問題，特別是資訊不透明與參與管道不均，導致中南部及東部民眾難以掌握議題脈絡與參與公聽會。",2025-09-25 05:21:39,第三組報告聚焦「便於人民參與」，指出人民在資訊取得與理解上有困難，法案歷程不透明；公聽會則因地理與通知時間限制，致中南部及東部 NGO 參與受阻。,,
40,"這是比較多在提供意見上面提到的，大概有10個以上是關於公聽會立法院地點不變的事情。
網路參與的部分，主要是在立法倡議平臺。民眾希望能像行政院公共政策網路參與平臺，人民會提供一些提案在上面，但是立法院可能就沒有這樣，讓大家發表意見的地方，所以希望可以建立一個立法倡議平臺。除了這個之外，還有一些是關於IVOD系統的強化，像是逐字稿、提供意見留言，在網路上面他們可以及時地參與，就像一些youtube大家可以在上面即時留言，但是在立法院IVOD上面是沒辦法的，主要是類似這樣子。
其他的話，有幾個是我們認為沒辦法接納這個意見的，其中一個是開放政府，他們希望可以作為一個衝突教練，提供服務給立委，讓立委團隊有能力面對衝突。這部分我們是不予採納，因為基於行政立法的分立，我們沒有把這個意見列入在裡面。還有另外一個，是希望議事暨公報管理系統可以整理每個委員的量表，就是可能像一些雷達圖、甘特圖等等。這部分因為立法院上面的議題其實還滿多元的，所以這部分沒有辦法窮盡，我們也沒有納入在裡面。除此之外，還有一個就是遊說登記的部分，遊說登記的話，都是希望除了有登記遊說法的團體之外，希望委員都可以正式的回覆他們，不管是拒絕還是給予拜訪時間等等",512,"## 會議記錄整理

### 出現人物  
- 電子參與民眾 - 一般民眾 / 網路參與者 - 希望建立立法倡議平臺，類似行政院公共政策網路參與平臺，讓民眾能提出提案並發表意見，強調立法院缺乏這樣的平台。  
- IVOD系統使用者 - 網路參與者 / 公眾意見代表 - 提出希望強化立法院IVOD系統，加入逐字稿與意見留言功能，使民眾能如YouTube般即時互動與回應。  
- 開放政府團體 - 非立法院內部團體 / 政策倡議組織 - 建議設立「衝突教練」服務，提供給立委團隊以提升其處理衝突的能力，但此建議被立法院否決，因基於行政與立法分立原則。  
- 議事暨公報管理系統使用者 - 委員或議事相關人員 / 政策建議者 - 建議系統應整理每位委員的量表，例如使用雷達圖、甘特圖等工具，以更清晰掌握議題進度，但因議題多元、難以全面整理，此建議亦未被納入。  
- 遊說登記相關團體 - 外部遊說團體 / 政策參與者 - �

### 核心要點  
1. 建立立法倡議平臺 - 民眾期盼設立類似行政院公共政策網路參與平臺的系統，讓公眾能提出提案並參與立法過程，提升透明度與參與感。  
2. 強化IVOD系統功能 - 提議增設逐字稿、意見留言等互動功能，使民眾能如YouTube般即時參與並回饋立法院議事內容，提升數位參與體驗。

### 決策事項  
- 建立立法倡議平臺，讓民眾能像行政院公共政策網路參與平臺一樣，提出提案並發表意見。  
- 強化立法院IVOD系統，增加逐字稿與意見留言功能，使民眾能如YouTube般即時參與並留言。  
- 不予採納「開放政府」提出的「作為衝突教練，提供服務給立委」之建議，理由為基於行政與立法分立，無法納入。  
- 不予採納「議事暨公報管理系統整理委員量表」（如雷達圖、甘特圖等）之建議，理由為立法院議題多元，難以全面整理，故無法納入。  
- 对遊說登記部分，原則上不採納「委員應正式回覆遊說團體」之建議（如拒絕或安排拜訪時間

### 行動項目  
- 建立立法倡議平臺，讓民眾能像行政院公共政策網路參與平臺一樣，提出提案並發表意見 - 立法院（相關單位）  
（緊急程度：中等，需長期規劃與資源投入）  
- 強化立法院IVOD系統，加入逐字稿功能及民眾意見留言功能，讓民眾能即時參與討論，類似YouTube留言機制 - 立法院（IVOD系統負責單位）  
（緊急程度：中等，可分階段推動）  
- 設定遊說登記後，立委應正式回覆遊說團體的拜訪請求（同意或拒絕） - 立法院委員會（各委員個人或相關單位）  
（緊急程度：高，需即時落實以確保透明度與規範）  

（註：關於「開放政府

### 總結  
民眾主要呼籲建立立法倡議平臺與強化IVOD系統的意見回饋功能，並希望提升公聽會參與便利性，但關於開放政府衝突教練與議事系統量化管理等議題因行政立法分立原則被拒絕採納。",2025-09-25 05:23:15,第三組意見包含建立立法倡議平臺、強化 IVOD 系統並允許即時互動；另對部分提案如衝突教練、議員量表圖示不予採納；遊說登記則建議委員應正式回覆。,立法倡議平臺與遊說登記機制、數位化國會跨組整合、網站與法案搜尋優化、開源與直播授權、永久網址與API建置,
41,"而不是……因為目前很多可能提供了遊說登記，希望可以拜會委員，可是還滿多可能都是不了了之等等。所以在這部分一些民間團體希望的是，除了落實遊說登記之外，也希望可以增加，因為它都是紙本，希望增加線上登記的機制，主要是這些。謝謝。
主席：大家有什麼意見？
吳銘軒：補充一下，剛剛說的那個就是衝突教練，因為那時候有被assign到我們第一組，我們也看了那個，所以我們後來把它轉化成提供一些學習資源跟交流的機會，針對不管是……我們就把它寫成開放文化，就是那個是補充一下。
主席：好，還有沒有其他人？好，還有沒有其他的意見？對啊！如果這樣子的話，一樣也請接著這一組可以進入濃縮那個文字，然後還對照表格化。
好，再來我們請下一組─數位化的國會，王向榮。
王向榮：大家好，我是王向榮，我們這一組是數位化的國會。另外，我剛剛順便也把我們五組的討論都補在我們原來的表中，所以之後大家要找這五組的討論會比較好找。我們這一組討論的作法是，我們並沒有針對此次標記成我們這一組的那些項目，我們是把所有的項目都看了一遍，然後我們速速看一遍其他組的，如果覺得跟我們也有關係的，我們就把它納進來；如果我們自己組的，我們覺得好像有點模糊……因為我們在討論過程有發現到",514,"## 會議記錄整理

### 出現人物  
- 吳銘軒 - 討論參與者 / 小組成員 - 補充說明「衝突教練」項目，提出將其轉化為提供學習資源與交流機會，並強調推動「開放文化」的構想，作為對原有議題的再詮釋與實踐方向。  
- 王向榮 - 小組負責人 / 數位化國會組代表 - 介紹本組主題為「數位化的國會」，並說明團隊做法為全面檢視所有項目，主動納入相關議題，針對模糊議題進行釐清與討論，強調跨組整合與討論的廣度與深度。  
- 主席 - 會議主持人 - 提出引導性問題，邀請與會者發表意見，並協調會議流程，包括邀請特定小組（如吳銘軒、王向榮）進行發言與討論，確保會議順利進行與意見交換。  

（註：會議中雖提及「民間團體」與「委員」等泛稱，但未提供具體姓名，故不列入人物識別。）

### 核心要點  
1. 增加線上遊說登記機制 - 民間團體呼籲除現行紙本遊說登記外，應推動線上登記，以提升透明度與執行效率，避免「不了了之」的情況。  
2. 推動數位化國會建設 - 本組提出將所有相關議題全面檢視並整合，不僅聚焦標記項目，更擴展至相關議題，強調跨組協作與表格化整理，以提升議題處理的系統性與效率。

### 決策事項  
- 民間團體希望在落實遊說登記的基礎上，增加線上登記機制，以改善目前僅依紙本登記導致成效不佳（如「不了了之」）的問題。  
（此為具體決策內容，屬於政策改善與機制優化層級，重要性中高，反映民間團體對流程效率與可及性的期待。）  

- 將「衝突教練」相關議題轉化為提供學習資源與交流機會，並納入「開放文化」的框架進行推動。  
（此為具體決策內容，屬於議題轉型與資源再設計層級，重要性中等，體現從問題處理到教育促進的策略調整。）  

- 各組在討論過程中，若發現議題與本組相關，即納入本組討論範疇；若

### 行動項目  
- 增加線上遊說登記機制（補充紙本遊說登記之不足） - 民間團體（建議提出）  
- 將「衝突教練」相關議題轉化為提供學習資源與交流機會，並納入「開放文化」框架 - 吳銘軒（負責人）  
- 將各組討論內容整合並濃縮為文字，並對照表格化呈現 - 全體討論組（含第一組與數位化的國會組）  
- 王向榮團隊將五組討論內容整合至原表中，以利後續查找與對照 - 王向榮（負責人）  

（註：部分行動項目的時間要求或緊急程度未明確提及，僅依語境推測為會議中即時推動之議題，屬中短期後續行動

### 總結  
民間團體呼籲推動遊說登記線上化，並建議將數位化國會議題擴大涵蓋其他組別討論內容。",2025-09-25 05:24:49,民間建議遊說登記應增設線上機制並確保委員回覆；主席請各組持續濃縮並表格化。隨後「數位化國會」組報告，強調跨組檢視並納入相關議題以避免遺漏。,,
42,"其實有一些項目組別有一點難界定，有一點跨組別，我們怕說會不會其實兩組都以為是別組的，就沒有被納進來，所以我們自己也有講我們這一組，我們覺得其實不是我們這一組的東西，可能他貼錯地方，我們有在表格的備註後面補上它是哪一組。
所以根據我們瀏覽過一遍之後，我們把我們這一組的東西主要就是收斂成五個大項目。五個大項目分別是第一個，線上系統整合的部分，主要是因為有看到有非常非常多的民眾提的需求─他希望有個什麼樣的功能。我們在討論過程中就有發現到，其實這些功能好像都已經有網站，很多民眾也都有，但是民眾自己不知道這些網站在哪裡，所以一個很重要的需要做的項目，就是可能立法院必須要做好網站的整合、優化。剛好我們在討論過程中有發現到，資訊處最近有一個標案是做資訊處議事網站整合改版的規劃案，所以或許也需要跟這個整合，瞭解一下他們的規劃案的進度到哪裡、是否規劃案能跟到我們這部分，把我們這邊的一些想法、收集到的意見採納進去。
再來一個是討論到更容易搜尋到的系統。其實目前立法……像前面其實其他組別也有提到，法案的搜尋有時候你必須要很精準的搜尋，像是勞基法，你不能用「勞基法」三個字，要用「勞動基準法」，或工輔法，你要用工廠輔導法",505,"## 會議記錄整理

### 出現人物  
- 會議參與者（未具體命名） - 會議討論者 / 項目組代表 - 主要貢獻或發言重點：提出線上系統整合與搜尋功能優化的建議，指出民眾對網站功能需求高但不知網站位置，強調立法院應整合各網站並優化搜尋體驗；提及資訊處目前有進行議事網站整合改版規劃案，建議進一步了解該案進度並納入本組意見。  

（註：會議記錄中未提及具體個人姓名，僅以「我們」、「我們這一組」、「其他組別」等泛稱描述參與者，因此無法確認為特定人物姓名。）

本段無具體人物提及

### 核心要點  
1. 線上系統整合與優化 – 民眾普遍希望有更易使用的整合平台，現有功能分散於各網站，導致不知所措；建議立法院推動網站整合，並結合資訊處的整合改版規劃案，納入民眾需求與意見，提升使用體驗。  
2. 搜尋機制需精準化 – 目前法案搜尋需使用特定術語（如「勞動基準法」而非「勞基法」），顯示搜尋系統缺乏直覺性與易用性；應優化搜尋功能，建立更直覺、語意理解的搜尋機制，降低民眾使用門檻。

### 決策事項  
- 本組將其負責範圍內的項目收斂為五個大項目，其中第一項為「線上系統整合」，主張立法院應推動網站整合與優化，以解決民眾不知各功能網站位置的問題，並建議主動了解資訊處「議事網站整合改版規劃案」的進度，並將本組收集的民眾需求與意見納入該規劃案考量中。  

（說明：此為明確的決策，屬於中層級決策，涉及跨部門協作與政策建議，具體行動為「了解規劃案進度」與「納入意見」，具有實際執行方向與責任歸屬。）  

> 備註：後續關於「法案搜尋難度」的討論雖具參考價值，但未形成具體決策或行動方案，僅為問題描述與觀察，故不

### 行動項目  
- 整合立法院各線上系統，優化民眾對網站功能的認識與使用體驗，並推動資訊處議事網站整合改版規劃案的進度追蹤與需求採納 - 資訊處（資訊處議事網站整合改版規劃案團隊）  
（緊急程度：中等；時間要求：需於下次跨組會議前完成進度追蹤與需求對接）  

- 建議建立更直覺、易搜尋的法案搜尋機制，例如調整搜尋關鍵字（如「勞基法」應支援「勞動基準法」或「工輔法」等正確用語），並與其他組別協調統一搜尋規則與標準 - 資訊處（或相關業務組別，需進一步釐清責任單位）  
（緊急程度：中等；時間要求：

### 總結  
會議核心結論為：應推動立法院網站系統整合與優化，並加強法案搜尋的易用性，以提升民眾對資訊的可及性與正確理解。",2025-09-25 05:26:11,數位化國會組將意見收斂為五大項，首重網站整合與優化，因民眾多不知相關平臺已存在；並建議改善法案搜尋系統，避免需使用過度精準詞彙才能找到資料。,,
43,"如果你沒有想到那個完整的名字的時候，很多相關的討論你不一定找得到，所以這部分可能是要做的一個改進方向。
第二部分是開源，開源就是說，目前立法院的資訊系統是否能開源？我們在討論過程也有想到，如果全數做開源或許會有技術上的困難，或許能做的方向是說，未來新開的標案以開源為原則，舊的話就是在再看怎麼……再來，開源還有另一個部分是直播影片的開放授權，就是能夠讓每個民間或是其他單位可以做更多的應用。
第三個大類是百年不變的網址，就是永久網址，我們弄一個比較炫一點的title，然後這邊主要……對，想一個比較炫、百年不變的網址。主要這部分就是因為其實很多的民間意見有提到，就是網址很容易失效，或者是說立法院網站有時候網址可能十分鐘後就失效，因為立法院有幾個網站，不知道為什麼設計成過一會玩那個東西就不能看了，那所以就彙整到的意見包含一是議案、委員、法案或各種屬於獨立個體的東西，它應該有一個自己的代碼跟一個永久的網址，這個網址就是一來可以方便分享，二來是方便區別，然後而且也希望能做到就算網站改版了，這些網址的規則也要延續下去，這樣就不會因為網站改版後，很多的外部連結、分享因此失效。再來也有意見提到希望下載的檔名能夠更容易辨識",509,"## 會議記錄整理

### 出現人物  
- 未明確提及具體人物姓名 - 會議參與者（無具體姓名） - 在討論中提出立法院資訊系統是否可開源、未來新標案應以開源為原則、舊系統需評估、直播影片開放授權、永久網址設計、網址失效問題、議案與法案應有獨立代碼與永久網址、下載檔名應易辨識等議題，並反映民間意見與技術可行性，顯示參與者對資訊系統透明度、穩定性與開放性的關切與建言。

（本段無具體人物提及，所有發言均屬會議討論內容，未出現可識別的個人姓名或職稱。）

### 核心要點  
1. 推行新標案以開源為原則、舊系統逐步評估開放 – 針對立法院資訊系統，提出未來新標案應以開源為基礎，因全數開源可能技術困難，但可透過分階段推動提升透明度與應用彈性，並開放直播影片使用開放授權，促進民間進一步應用。  
2. 建立永久網址與獨特代碼機制 – 為解決網址易失效問題，建議為每項議案、委員或法案設置獨立、永續的永久網址與辨識代碼，確保內容即使網站改版仍可穩定連結與分享，提升資訊可及性與外部連結穩定性。

### 決策事項  
- 未來新開標案應以開源為原則，舊有系統則視情況評估是否可行開源。  
- 直播影片將採用開放授權方式，以允許民間或其他單位進一步應用與再利用。  
- 設計並建立「百年不變的網址」（永久網址）機制，針對議案、委員、法案等獨立內容，賦予其獨特代碼與永久網址，以確保連結穩定、方便分享與區別，並在網站改版時維持網址規則的連續性。  
- 建議優化下載檔名的命名方式，使其更易辨識與理解。  

（上述決策涵蓋技術方向、原則性規範與具體功能改善，屬於中高層級決策，具備可執行性與長期影響力。）

### 行動項目  
- 設計並推動立法院資訊系統未來新標案以開源為原則，舊系統則視情況評估是否開源 - 技術團隊/資訊處（緊急程度：中）  
- 推動直播影片的開放授權，讓民間或其他單位可自由應用 - 資訊處/數位內容團隊（緊急程度：低）  
- 設計並建立「百年不變的網址」機制，為議案、委員、法案等獨立內容賦予永久網址與唯一代碼，確保網站改版後連結不失效 - 資訊處/網站工程團隊（緊急程度：高）  
- 建議並實踐下載檔案的檔名命名規範，使其更易辨識與分享 - 資訊處/檔案管理單位（緊急程度：中）

### 總結  
會議核心聚焦於改善立法院資訊系統的永續性與開放性，重點推動新標案採用開源原則、開放直播影片授權，並建立具永久性的網址與清晰檔名規則，以解決網址失效與連結難以分享的問題。",2025-09-25 05:27:34,數位化國會組提出改進方向：改善法案搜尋便利性；推動新系統以開源為原則並開放直播影片授權；建立永久網址與穩定代碼，避免網站改版導致連結失效，並優化檔案命名。,,
44,"譬如它是什麼樣的法案、它是哪個黨團提出來的，就是說方便下載之後可以整理這樣檔案，所以後面也有提到網址的部分可以參考DOI的機制。
第四個分類是立法院對外網站功能許願，因為在這個分類中有很多民眾提到很希望有什麼樣的功能，所以我們統整了立法院網站的法案查詢要有機器可讀的API可以使用，以及有民眾希望有網路數位看板，可以知道各法案現在進度走到哪裡，或是各委員目前提案的情況，提案能夠走進一讀、二讀、三讀的比例有多高。
第五個部分是國會討論流程的數位化，其中就有人提到，因為國會討論過程現在雖然有影像直播，但是影像直播並不完全等於數位化，很多事情其實距離數位化還有落差，例如現在是由司儀唸出最後版本，但是如果能夠在螢幕上顯示出文字，甚至這些文字是能夠被大家複製、貼上帶走的，那就是更好的數位化方法。我們在討論過程中知道教育及文化委員會已經有做到這件事情，那我們是否能夠把教育及文化委員會的作法擴大到整個立法院？以上就是我們這個小組針對這些項目整理出來的大概內容。
主席：請大家補充一下。
洪國鈞：其實就針對他們有一個模糊搜尋，基本上國會圖書館的法案搜尋系統其實已經有做模糊搜尋了，譬如剛剛說的勞動基準法，其實搜尋勞基法就可以找到相關的法案",516,"## 會議記錄整理

### 出現人物  
- 洪國鈞 - 國會圖書館相關技術或業務負責人 - 提出國會圖書館的法案搜尋系統已具備模糊搜尋功能，並以「勞動基準法」為例說明搜尋勞基法即可找到相關法案，強調系統在法案查詢上的實用性與易用性，反映對法案資訊可及性的支持。

### 核心要點  
1. 推動立法院網站建立機器可讀的API與數位看板功能 - 民眾期盼法案查詢能透過API實現自動化調用，並設置實時進度看板，顯示法案審議階段與委員提案走勢，提升透明度與可及性。  
2. 推廣國會討論過程的數位化，實現討論內容文字化與可複製 - 建議將教育及文化委員會現有做法擴大至全院，讓討論現場的內容以文字形式實時顯示於螢幕，並可被公眾複製下載，提升資訊可及性與參與度。

### 決策事項  
- 推動立法院對外網站功能的數位化，包含建立可機讀的API以供法案查詢，並設置網路數位看板，讓民眾能即時掌握各法案進度及委員提案的審查流程（如一讀、二讀、三讀比例）。  
- 探討將教育及文化委員會現有的國會討論過程文字實時顯示與可複製貼上之數位化作法，擴大應用至整個立法院的討論流程中。  
- 建議在立法院網站中實行模糊搜尋功能，以提升法案查詢的便利性與使用者體驗，並參考國會圖書館現有系統實作經驗。  

（上述決策內容屬中高層級決策，涉及制度性功能設計與跨單位作法擴展，具備實際推動與執行意義。）

### 行動項目  
- 提供立法院對外網站功能許願的整理與檔案下載，並建立可參考DOI機制的網址連結 - 立法院小組（負責單位）  
- 開發法案查詢之機器可讀API，以支援第三方應用程式調用與資料整合 - 立法院小組  
- 建置網路數位看板，實時顯示各法案進度（如一讀、二讀、三讀）及委員提案走勢與通過比例 - 立法院小組  
- 推廣並擴大教育及文化委員會現有討論過程文字顯示與可複製貼上功能至全院議事流程，實現國會討論流程的數位化 - 立法院小組  
- 優化國會圖書館法案搜尋系統，強化模糊搜尋功能（如搜尋「

### 總結  
本會議核心聚焦於推動立法院網站與國會流程的數位化，重點包括建立機器可讀的法案API、設置法案進度數位看板，以及擴大教育及文化委員會的實踐至全院，並強調模糊搜尋功能已具備基礎。",2025-09-25 05:28:52,數位化國會組建議：建置API與數位看板、提供可複製文字顯示以推動流程數位化，並參考DOI機制確保檔案與網址穩定。,,
45,"；甚至比如搜尋同婚，沒有一個法案裡面寫同婚法、什麼公投法、什麼七四八施行細則，但他可以把那一串全部搜尋出來，所以國會圖書館有做。我覺得這個地方的難度在於大家甚至說不出同婚，一般人啦，他可能找的是什麼更奇怪的、你沒有辦法想像的詞去搜尋，他可能甚至想不到，譬如你這邊舉例工輔法，其實一般人也不知道什麼工輔法，他可能搜尋農地工廠，類似這種東西，但是這個又更遠，那我剛剛有試過，搜尋農地工廠確實搜尋不到，或者可能就是另外的問題，他們現在有做模糊搜尋。
主席：那可能就寫加強特模糊搜尋，所以這個部分大家沒有意見的話，我們再……
于顥：我們那個關鍵字的部分，好像有跟剛剛那個第二組的部分有重複，是不是派出我們的組長去協調，謝謝。
主席：好，是否請Ronny去跟第二組再協調一下那個關鍵字的部分？
于顥：就你們再討論一下，那剛剛那個雨蒼先，然後再文岳。
林哲瑋：我想要確認一下那個第四組之後會跟資訊處還有議事處來討論這件事情嗎？
于顥：我們計畫是有要約。
王文岳：關於關鍵字的部分，我其實還有一個想法是，因為這個關鍵字某種程度上對於民眾，它是針對民眾，因為民眾會用這些詞，我們才需要去設計這些事情嘛，所以我覺得這個到最後可能也會到國會識讀那一組",515,"## 會議記錄整理

### 出現人物  
- 于顥 - 會議組長 / 協調者 - 提出關鍵字部分與第二組存在重複，建議派組長協調；並提及關鍵字設計應針對民眾用語，強調需與國會識讀組進一步討論  
- 主席 - 會議主持人 - 提出「加強特模糊搜尋」的建議，並指示Ronny與第二組協調關鍵字部分  
- Ronny - 協調人員（未明確姓名，推測為第二組成員） - 被主席指派與第二組協調關鍵字部分  
- 林哲瑋 - 第四組成員 - 問詢第四組是否將與資訊處及議事處討論關鍵字相關事項，確認計畫安排  
- 王文岳 - 第二組成員 / 關鍵字設計建議者 - 提出關鍵字應反映民眾實際使用語詞，強調民眾用語的重要性，並指出最終可能由國會識讀組負責整合  

（註：「雨蒼」為誤寫或口誤，會議中僅提及「雨蒼先」，無具體人物對應，故不列入正式識別）

### 核心要點  
1. 需加強模糊搜尋功能以捕捉民眾非標準或隱晦的關鍵字查詢 - 民眾常使用無法預期或不常見的詞彙（如「農地工廠」而非「工輔法」）進行搜尋，現有系統難以匹配，應透過模糊搜尋技術提升搜尋準確性與完整性。  
2. 關鍵字設計應以民眾實際用語為基礎，並由國會識讀專組負責最終協調與優化 - 為確保關鍵字貼近民眾語境，需整合國會識讀組的專業能力，避免與其他組別重複，提升整體搜尋系統的貼近性與有效性。

### 決策事項  
- 加強特模糊搜尋功能，以提升民眾在搜尋時能搜尋到相關法案或政策的機會。  
- 請Ronny前往與第二組協調關鍵字部分的重複與整合問題。  
- 計畫由第四組與資訊處、議事處進行進一步討論，以釐清關鍵字設計與實際應用的細節。  
- 強調關鍵字設計應以民眾實際使用語詞為基礎，並建議最終由「國會識讀」組負責相關設計與優化。  

（上述決策涵蓋技術功能強化、跨組協調機制與責任分工，屬於中高層級決策，具體明確且具執行方向。）

### 行動項目  
- 加強模糊搜尋功能 - 國會圖書館（技術實現與測試）  
- 協調關鍵字設計與重複內容 - Ronny（負責與第二組協調關鍵字部分）  
- 確認第四組將與資訊處及議事處進行討論 - 林哲瑋（確認議程與協作安排）  
- 關鍵字設計應以民眾實際使用語詞為基礎，最終由國會識讀組參與規劃 - 王文岳（提出建議與後續參與方向）  

（緊急程度：中等；時間要求：會議當場決定，需於會後立即執行協調與確認）

### 總結  
會議聚焦於提升國會圖書館關鍵字搜尋系統的模糊搜尋能力，並建議由國會識讀組整合民眾實際用語，以更準確捕捉民眾搜尋意涵。",2025-09-25 05:30:25,討論聚焦於模糊搜尋不足，需加強關鍵字設計以符合民眾習慣；建議跨組協調並納入國會識讀組，提升搜尋友善度與實用性。,模糊搜尋與關鍵字優化、跨組協調與國會識讀教育、法案流程科普與CC授權素材、國會資訊宣傳與多元溝通管道,
46,"就在終端教育的時候，因為他們可能會站在比較第一線的地方，就是說會真的有碰到民眾的話，那這部分可能也需要多方來討論看看，如果我們到之後，我們第二組跟第四組討論出來的關鍵字，某些可能也不是民眾真的會去用的關鍵字，好像也沒有真的幫助到這一塊，我的想像是這樣子。
主席：但到底關鍵字是什麼，也不會是我們討論啦！所以我們應該原則性地寫是特模糊或者超模糊。我補充一下，我們這組在討論這一題時的確有講到說會不會有涉及歧視的，因為民眾想到的特模糊或者超模糊的字，例如同婚法案，大家都知道，關於同婚，反同那邊會有比較多歧視性的文字，所以下意識就是搜尋「歧視性」，那我們要把這種歧視性的文字放到標籤嗎？這一定是不行嘛！所以我是說有必要在這個原則性裡面去強調要避開這一種的，還是說這就是未來自然就應該會避開的詞？
曾柏瑜：一般關鍵字的產生應該不會依據民眾的搜尋，關鍵字的產生應該是依據比如報紙，就是新聞怎麼報導這個法案，它就使用這個關鍵字，我覺得這樣比較合理。
主席：沒關係，我想這個我們還是會原則性地寫，真的遇到類似剛剛的狀態的時候，再來比較細部的處理。這一題這樣子的話，大家還有什麼意見嗎？沒有的話，也是一樣",495,"## 會議記錄整理

### 出現人物  
- 曾柏瑜 - 討論參與者 / 關鍵字產生觀點提出者 - 提出關鍵字應依據新聞報導（如報紙如何報導法案）而非民眾搜尋行為，認為這樣更合理，強調關鍵字應反映媒體語境，而非民眾潛意識中的歧視性用語。  
- 主席 - 會議主持人 / 原則性決策推動者 - 主導討論方向，提出應原則性地避免標註「歧視性」關鍵字（如同婚法案相關的反同言論），並強調在未來若出現類似情境，應再細部處理，同時引導團隊達成共識。  

（本段中雖未明確提及其他人物姓名，但根據語境可確認僅有「曾柏瑜」與「主席」為具體出現的人物名稱。）

### 核心要點  
1. 原則性避免使用可能涉及歧視的關鍵字（如「同婚法案」、「反同」等）－為防止觸及敏感議題與歧視性言論，應在標籤規範中明確排除可能引發歧視的詞彙，即使民眾可能搜尋，也應以原則性規範加以避開。  
2. 關鍵字應基於新聞報導而非民眾搜尋行為來產生－關鍵字的來源應參考媒體對法案或議題的實際報導方式，而非直接反映民眾的搜尋習慣，以確保內容的中立性與真實性。

### 決策事項  
- 原則性地在關鍵字設定中強調避開「歧視性」的文字，特別是民眾可能因社會敏感議題（如同婚法案）而產生的反同相關歧視性用語，例如「反同」等詞，應不列入標籤。  
- 關鍵字的產生應以新聞報導（如報紙）的實際用語為基礎，而非直接依據民眾的搜尋行為。  

（此決策為中層重要性決策，屬於原則性規範，旨在確保關鍵字設定的中立性與社會敏感度，避免產生歧視或誤導性內容。）

### 行動項目  
- 原則性地規範關鍵字應避免使用「特模糊」或「超模糊」且具歧視性的詞彙（如「同婚法案」、「反同」等），並明確強調應避開可能引發歧視的標籤內容 - 主席（提出原則性建議）  
- 考慮關鍵字產生應以新聞報導（如報紙）為依據，而非民眾實際搜尋行為 - 曾柏瑜（提出替代性關鍵字產生邏輯）  
- 在未來實際操作中，若遇到類似歧視性關鍵字情境，應進行細部討論與處理，而非直接納入 - 主席（提出彈性處理機制）  

（註：以上行動項目均來自會議中討論的原則性建議與未來處理方向，未明確指派具體執行單位或設定時間表，故僅標

### 總結  
會議核心結論為：應原則性避免在關鍵字中使用可能導致歧視的模糊或超模糊詞彙，並以新聞報導實際使用的關鍵字為基礎，而非民眾搜尋行為，以確保中立性與適當性。",2025-09-25 05:31:45,會議討論關鍵字設計原則，強調應避免歧視性詞彙；建議關鍵字來源以新聞報導等公開語彙為基準，細部處理留待後續執行階段。,,
47,"那就請「便於人民參與的國會」這一組的人，接著就是進入濃縮的文字還有表格化吧！好。
再來是「國會識讀教育」，請開放文化基金會耿璐說明。
耿璐：大家好，我們是最後一組、關於識讀教育，檔案連結有給，大家應該可以看到，我們綜合民眾跟委員的意見，然後歸納了四個主題。第一個是關於國會運作科普說明方案，基本上民眾的第一層意見都在於他們不理解現在法案是怎麼進行的。關於法案的過程這部分，比如立法院已經有那個圖了，剛才不論是「便於人民參與的國會」、開放資料或者「數位化的國會」分組，其實都一直提到要讓國會現在的公告資訊更加優化等等。我們這邊想的是，除了硬的資料公開之外，不知道國會這邊會不會有一個比較科普說明的方案，這個科普說明的方案基本上可能就包括法案流程、立委職責和委員會、預算怎麼看、立法院內部行政部門運作機制，比如就這四個部分會不會出一套比較完整的科普說明？科普說明之後，它的說明跟素材CC釋出，讓民間自己去做，之前大家提到是不是做成桌遊、手遊、線上遊戲，民眾會更為瞭解，可是我覺得這部分，如果我們把素材開放授權釋出的話，就是讓民間自己發揮吧！所以頂多第一步看看，除了已經放到官網上的一個簡單的圖",494,"## 會議記錄整理

### 出現人物  
- 耿璐 - 開放文化基金會代表 / 識讀教育專案負責人 - 提出「國會識讀教育」的四個主題，特別強調需要建立國會運作的科普說明方案，涵蓋法案流程、立委職責、預算理解與內部運作機制，並建議將相關素材以CC授權開放，鼓勵民間開發桌遊、手遊或線上遊戲等互動形式，以提升民眾對國會運作的理解。

### 核心要點  
1. 推動「國會運作科普說明方案」- 提出針對民眾不理解法案流程、立委職責、委員會運作與預算結構等問題，設計一套簡明易懂的科普內容，並以CC授權方式開放素材，鼓勵民間創作者開發桌遊、手遊或線上遊戲等互動形式，提升民眾參與與理解。  
2. 建立公開透明的識讀教育資源體系- 結合民眾與委員意見，歸納四個核心主題，將科普內容與開放資料結合，形成可持續擴展的識讀教育資源，強化國會資訊的可及性與可參與性。

### 決策事項  
- 探討是否推動「國會運作科普說明方案」，內容涵蓋法案流程、立委職責、委員會運作及預算理解等四個面向，並建議將相關說明與素材以CC授權方式開放釋出，鼓勵民間自主開發如桌遊、手遊或線上遊戲等教育形式。  
（此為初步提案與討論性決策，尚未形成最終決議，僅提出建議與方向，屬中層級決策建議，重要性中等）  

> 說明：會議記錄中並未明確表達「同意」或「否決」該方案，也未出現具體的行動指令或決議結果，僅為提出建議與討論方向。因此，此為「討論性決策建議」，屬於中層級決策，非最終決策。  

本段為討論性質，

### 行動項目  
- 推動「國會運作科普說明方案」，涵蓋法案流程、立委職責、委員會運作及預算理解等四個主題，並評估是否可製作完整科普內容與素材 — 開放文化基金會耿璐（負責人）  
- 將科普說明方案的內容與素材以CC授權方式開放釋出，鼓勵民間團體開發桌遊、手遊或線上遊戲等創新形式進行國會識讀教育 — 開放文化基金會耿璐（負責人）  
- 進一步評估現有立法院官網資訊是否已足夠，並確認是否需補充或優化相關圖表與說明 — 開放文化基金會耿璐（負責人）  

（緊急程度：中等，建議於下次會議前完成初步規劃與內容框架設計）

### 總結  
會議聚焦於推動「國會識讀教育」，建議發展一套包含法案流程、立委職責、預算解析與內部運作的科普說明方案，並以CC授權開放素材，鼓勵民間創意發展如桌遊、線上遊戲等學習工具，以提升民眾對國會運作的理解。",2025-09-25 05:33:04,國會識讀教育組提出，除現有資料公開外，應建立完整科普方案，解釋法案流程、委員職責、預算與內部運作，並將素材 CC 授權釋出，讓民間以桌遊、手遊等方式推廣。,,
48,"是不是針對比如剛才那四項各有一份科普的說明，然後就授權釋出？
第二個是現有頻道優化跟推廣，優化的話其實比較像是其他組別的，推廣則比較像是，如果其他組別決定要優化，那我們應該要怎麼樣宣傳優化後的系統，或者是現在國會圖書館及現有頻道已經有不錯的材料，而我們要怎麼宣傳？所以這一組比較注重的應該是怎麼樣宣傳推廣。民眾的意見有很多，比如我們就是先列民眾意見的話，他是說臺南市議會當地的電視台都會有跑馬燈顯示現在議會正在進行哪個法案，但我不太確定有需要放在第一屆這一輪嗎？不過這一項就比較像是主動告知更多國會所正在進行的，不是在國會現有的頻道，而是跟比如公共電視、新聞台有合作，然後直接在跑馬燈裡面顯示現在立法院做到什麼程度了，像這樣之類的。所以主要就是現有資訊怎麼樣推廣的部分，我們這邊想到的是其實有很多可以做，包括現在國會有app，只是不知道用的程度或大家知不知道這個app，所以我們想到的應該是跟秘書處的公共關係事務室討論有沒有比較好推廣現有國會資源的方式，當然這個推廣可能變成要等第二輪，等於剛才前幾組提到的建置優化或是資料統整完之後，可能才會進到推廣這一步，比如如果有系統介面要改，我們也不會現在就開始",501,"## 會議記錄整理

### 出現人物  
- 會議參與者（未具體命名） - 會議討論者 / 建議提出者 - 提出針對四項議題各製作一份科普說明並授權釋出的構想；討論現有頻道優化與推廣的分工，強調推廣側重於如何宣傳優化後的系統，並提出民眾意見中關於議會法案進度在公共電視或新聞台跑馬燈顯示的建議；進一步提出應與秘書處公共關係事務室協調，探討如何有效推廣現有國會資源（如APP），並指出推廣應在系統建置或資料統整完成後，於第二輪進行。  

（註：會議記錄中未提及具體個人姓名，僅以「我們」、「這邊」、「剛才那四項」等語氣描述群體討論內容，因此無法確認為特定人物姓名，僅能歸納為會議參與者或團隊代表。）  

> 因此，本段無明確可識別的個人姓名，僅能識別出討論中的角色與貢獻，無法區分具體人物。  

### 出現人物  
- 會議參與者（未具體命名） - 建議提出者 / 民眾意見反映者 - 反映民眾意見，指出臺南市議會電視台現有跑

### 核心要點  
1. 推廣現有國會資源（如APP、跑馬燈合作）需與秘書處公共關係事務室協調，重點提升民眾對國會資訊透明度的認識，但推廣應待系統優化完成後進行，不宜過早啟動。  
2. 建議透過與公共電視、新聞台合作，在跑馬燈中實時顯示議會法案進度，以主動告知民眾議會動態，強化資訊可及性與公眾參與。

### 決策事項  
- 針對剛才提到的四項議題，各製作一份科普說明並授權釋出。  
- 明確區分現有頻道優化與推廣的重點：優化屬於其他組別的範疇，推廣則由本組專注於如何宣傳優化後的系統，或如何有效運用現有資源（如國會圖書館、現有頻道材料）進行宣傳。  
- 考慮與秘書處公共關係事務室協調，探討推廣現有國會資源（如國會App）的可行性與策略，作為未來推廣工作的基礎。  
- 推廣行動將視系統優化或資料統整完成情況而定，預計在第二輪才會進入推廣階段，因此目前不立即推動推廣工作。  

（決策層級分級說明：  
1.

### 行動項目  
- 與秘書處公共關係事務室討論現有國會資源（如APP）的推廣方式 - 公共關係事務室（執行單位）  
- 評估是否在第一屆輪次中加入「議會法案進行狀況」於公共電視或新聞台跑馬燈的顯示內容 - 推廣小組（執行單位）  
- 梳理民眾意見，整理關於議會法案進行狀況透明化的需求與建議 - 推廣小組（執行單位）  
- 評估現有國會APP的使用程度與民眾認知，作為未來推廣依據 - 推廣小組（執行單位）  

（註：上述行動項目中，「與秘書處公共關係事務室討論」為具體指派任務；「評估是否加入跑馬燈顯示」與「梳理民眾意見」等為策略性

### 總結  
本次會議核心聚焦於國會資訊的推廣策略，特別是如何透過合作媒體（如公共電視、新聞台）與現有資源（如APP）提升民眾對議會議程與系統的認識，並強調推廣應待系統優化完成後才進行。",2025-09-25 05:34:43,識讀教育組第二點聚焦於「現有頻道優化與推廣」，建議強化國會資訊宣傳方式，如合作媒體跑馬燈、推廣國會 App 等，並由公共關係事務室協助，以提升民眾對國會運作的認知。,,
49,"所以第二個比較是接續之前的做完之後，我們怎麼樣統整成一個整體國會宣傳的推廣方案。
第三個是多元溝通管道建立，其實也是會跟便於人民參與的國會這一組有相關，主要是因為有很多民眾意見提到成人教育、學生教育、青年教育，其實我們一開始也想說比如科普說明的方案，會不會一開始就要針對不同年齡層的族群，還有包括其他需求的人特製，但是我覺得這是需要再討論的，有可能不是這4年就可以完成這麼多版本，但是我們應該在做任何管道溝通、任何方案的時候，都應該想到會有不同需求的人。下面的委員意見就提得比較清楚，我們有想到不同需求的人，其中一個比較特別的是公務體系的人員，其實很多公務體系的人員也對立法程序不熟悉，所以他們是不是需要另外一套版本的科普說明方案，讓整個臺灣不論是公務體系或是各個不同部門方向的人，都可以比較知道他們做的事情到底跟法案立法這些有什麼關聯，因為最終可能真的都會連繫到法案，所以就是統整一些比如語言的不同族群，或是聾人或其他需求版本，然後不同年齡層、不同性別、族群，最後則是特別提到公務體系的人員。
最後一個其實是關於公民教育系統，因為我們現在做的很多都是對大眾或是公開擺在那，但是其實如果要講到教育的話",500,"## 會議記錄整理

### 出現人物  
- 未明確提及具體個人姓名 - 會議主持人/議程推動者 - 提出國會宣傳推廣方案的三個重點議題，包括統整國會宣傳、多元溝通管道建立與公民教育系統，並引導討論不同年齡層、族群、公務體系人員等需求。  
- 未明確提及具體個人姓名 - 委員 - 提出關於民眾意見中提到的成人教育、學生教育、青年教育等需求，並強調應考慮不同年齡層與族群的特殊需求，特別指出公務體系人員對立法程序不熟悉，建議設計專門的科普說明版本，以提升公務人員對法案與實際業務之間關聯的理解。  

### 說明  
本段會議記錄中並未出現具體的個人姓名，所有發言與意見均以「我們」、「委員」、「我們一開始也想說」等泛稱方式呈現，因此無法確認為特定人物。雖提及「委員」的意見，但未提供其姓名。故僅能根據語境推論出「會議推動者」與「提出具體建議的委員」兩類角色，並歸納其貢獻與發言重點。  

**結論：** 本段無具體人物姓名提及，僅有角色性描述。

### 核心要點  
1. 建立多元且包容的溝通管道，涵蓋不同年齡層、性別、語言、障礙族群（如聾人）及公務體系人員，並針對其特殊需求設計簡明易懂的立法程序科普方案。  
2. 將國會宣傳與公民教育系統整合，強化長期公民參與機制，使立法過程能更深入融入教育體系，提升全民對國會與法案的認識與理解。

### 決策事項  
- 在未來的國會宣傳推廣方案中，應統整不同年齡層、性別、語言、族群（含聾人等特殊需求）以及公務體系人員的實際需求，設計具備多元包容性的溝通內容與版本，以確保立法程序能被不同群體理解與參與。  
（此為中高層級決策，涉及政策設計與溝通策略的系統性調整，強調對特定群體（如公務體系人員）的特殊需求進行專門考量，屬於策略性決策。）  

- 將公民教育納入長期規劃，並強調應超越僅針對大眾的公開宣導，轉而建立更系統性的公民教育機制，以深化民眾對立法程序的理解與參與。  
（此為中層級決策，反映政策方向的調整，雖未明確定

### 行動項目  
- 統整國會宣傳推廣方案，將先前成果接續整合為完整的國會宣傳策略 - 專案小組（負責單位未明確提及）  
- 討論並設計針對不同年齡層（如成人、學生、青年）的多元科普說明方案，考量各族群需求 - 專案小組  
- 開發專為公務體系人員設計的立法程序科普說明版本，以提升其對法案與業務關聯的理解 - 專案小組  
- 考量並規劃符合語言、聽力需求（如聾人）及其他特殊族群的版本，確保溝通無障礙 - 專案小組  
- 探討公民教育系統的建構方向，強化對大眾與教育體系的長期影響 - 專案小組  

（註：所有行動項目均未明

### 總結  
會議核心聚焦於建立涵蓋多元族群、年齡層及公務體系人員的國會宣傳與溝通方案，強調需設計具包容性與實用性的科普內容，以提升全民對立法程序的理解與參與。",2025-09-25 05:36:17,推廣方案需統整國會宣傳並建立多元溝通管道，針對不同年齡層、族群及公務體系設計科普教育版本，加強公民教育系統。,,
50,"，照理來說就是學校教育的公民教育體系是不是就應該要融入科普的素材部分。這部分其實也有分很多階段，比如教育部其實每年都有比較專題的學程，那會不會在有開放國會計畫之後，跟教育部合作開放國會專題學程，不論是在通識課、實習或其他的參訪上面，都會比較系統化。
另外要提到的是，現在國會也有開放旁聽、旁觀，基本上有些公民老師可能就會申請帶學生來，可是這都很零星，那是不是能讓教育體制內的師生有系統地參與旁聽國會議程這件事情比較有系統化，甚至考量到不是臺北市學校的狀況，或者甚至是開線上的……，比如在第一次的開放國會計畫裡面，如果線上頻道優化做得好，甚至之前還有提到是不是在youtube上面有國會達人頻道，就是它可以比較簡單的講解，像這些優化後的頻道，是不是就可以正式納入高中、大學甚至是國中，是不是他們在公民課上就可以藉由看這些頻道來實際感受到議會的狀況，而不是必須要申請來到現場才能感受到，這部分也有提在裡面。
另外一個委員的意見我覺得其實也是滿有趣的，基本上有很多公民組織在登記成為法人的時候，都有主管機關，那是不是有一套必讀清單或是什麼樣的教學內容可以在法人組織登記成法人的時候，可以提供給他，讓公民團體也可以知道他要怎麼樣加入國會",514,"## 會議記錄整理

### 出現人物  
- 教育部 - 教育主管機關 - 提出每年設有專題學程，並建議在開放國會計畫下與教育部合作，推動國會專題學程融入通識課、實習或參訪，以實現公民教育與科普內容的系統化結合  
- 國會 - 政治議會機構（未具體命名） - 提出開放旁聽與旁觀機制，並建議將此機制系統化，納入教育體制，讓師生能透過現場或線上參與實際感受議會運作  
- YouTube國會達人頻道 - 預設內容提供者（非個人姓名） - 建議優化後的線上頻道可納入高中、大學及國中公民課教學，作為學生理解議會運作的替代或補充方式  
- 公民組織（法人登記者） - 公民團體代表 - 提出在登記成為法人時，應提供一套「必讀清單」或教學內容，幫助公民團體了解如何合法、有效參與國會，並融入公民教育體系  

> 備註：會議記錄中未提及具體個人姓名，所有人物皆依語境推論其職位與角色，並基於發言內容歸納其貢獻與重點。

### 核心要點  
1. 建議將國會開放旁聽與線上教學資源系統化納入公民教育體系 — 透過與教育部合作推動開放國會專題學程，結合線上頻道（如國會達人YouTube內容），讓師生無論地點或學段（國中至大學）都能便捷、系統地參與並理解議會運作，提升公民教育的可及性與實踐性。  
2. 推動公民團體登記時提供標準化教學清單 — 在法人登記流程中嵌入公民教育必讀內容，幫助新成立的公民組織理解國會運作與參與方式，促進民間團體與國會之間的制度性連結與知識傳遞。

### 決策事項  
- 在開放國會計畫推動下，與教育部合作開發「國會專題學程」，並納入通識課、實習或參訪等教學情境，以實現國會教育的系統化。  
- 推動國會旁聽制度的系統化，不僅限於臺北市學校，亦應擴及全國，並考慮發展線上參與模式，例如透過優化國會線上頻道（如YouTube國會達人頻道），讓高中、大學及國中學生能在公民課上透過觀看簡明講解內容，實際了解議會運作，減少對現場旁聽的依賴。  
- 建議在公民組織登記為法人時，由相關單位提供一套「必讀清單」或「教學內容指南」，作為公民團體參與國會的基礎知識與操作指引，協助其了解如何合法、有效參與國

### 行動項目  
- 與教育部合作開發「開放國會專題學程」，並納入通識課、實習、參訪等教學情境 - 教育部、國會辦公室（協同執行）  
- 建立系統化國會旁聽機制，包含臺北市以外學校的參與方案，並推動線上參與管道的建置 - 國會辦公室、教育單位（負責人待定）  
- 优化國會YouTube頻道（如「國會達人」頻道）內容，並正式納入高中、大學及國中公民課教學資源，作為議會運作的教學素材 - 國會辦公室、教育單位（教學資源組）  
- 設計並推出「公民組織登記為法人時的必讀清單」或教學內容，提供給新成立的公民團體，協助其了解如何

### 總結  
會議核心提出應系統化將國會開放計畫融入學校公民教育，透過線上資源與法規教學清單，讓師生能便捷、深入參與國會運作。",2025-09-25 05:37:56,建議將國會科普融入學校公民教育，透過專題學程、旁聽及線上頻道系統化推廣，並提供法人組織必讀清單以強化公民參與。,國會科普融入公民教育、NGO教材與資源協調、國會頻道多元優化與整體規劃、行動方案原則範圍與逐步執行,
51,"而不是說他關心這個議題，但覺得怎麼立法院離他很遠，不知道該怎麼進行。其實現在可能已經有很多管道和資料，只是一般公民團體甚至不知道說他要跟委員反映這件事，或是去找委員的時候他要登記遊說法，他要怎樣怎樣的時候，他應該有請願的流程。所以是不是有一套教材或guideline是法人登記為法人的時候，就可以發給NGO的。好，那就統整到這裡。
主席：好，大家有任何意見，請發言。
耿璐：我補充一下。就是可能不見得這一輪開放國會計畫都會寫進去，因為其實包含滿多，有可能會先盤點現在的資源，然後跟秘書處公共關係事務室討論完後，才知道有哪幾點是現階段可以做的。
主席：對，因為東西看起來還滿多的，但是我想等到把它跟相關的局處以及對應到表格化、濃縮以後，它會出現在的時間以及先後，應該都會有一些變化。每一個小組應該是這樣啦！都是這樣。
耿璐：然後就是不論哪一點，尤其是像第二點或是第三點，甚至第四點，也都是要等別組的優化方案出來之後，可能才知道怎麼樣去幫他們推。
主席：好，ok。請恭岳發言。
趙恭岳：我想那天在討論的時候，其實大家對於國會頻道的期待很深，可是我們想像如果是一般人，你看到其他公部門的頻道，例如不管是客語、原住民或什麼，其實他們都有非常好的節目",520,"## 會議記錄整理

### 出現人物  
- 耿璐 - 參與議程建議與資源盤點角色 - 提出開放國會計畫可能不會立即寫入，建議先盤點現有資源，並與秘書處公共關係事務室討論後決定可執行項目；強調各項內容（如第二、三、四點）需待其他小組優化方案完成後才能進一步推動。  
- 趙恭岳 - 国會頻道推動倡議者 - 表達一般民眾對國會頻道的期待，並以公部門其他語言頻道（如客語、原住民頻道）為例，說明國會頻道應有類似優質節目內容，以提升公眾參與與理解。  
- 主席 - 會議主持人 - 負責引導討論流程，確認各議題的時間安排與執行順序，並鼓勵參與者發言，強調內容需經過與局處對接、表格化濃縮後才會有明確執行時程。  

（註：會議中「他」為未具體命名的泛指，未提供姓名，故不列入人物識別。）

### 核心要點  
1. 需建立一套專為NGO設計的「法人請願與遊說指引教材」，簡化公民團體與立法院互動流程，提升透明度與可操作性。  
2. 國會開放計畫內容將依資源盤點與跨單位協調後逐步調整，現階段無法立即全面實施，需分階段優化與推動。

### 決策事項  
- 統整並發展一套針對法人登記後可發給NGO的教材或指引（guideline），以協助一般公民團體了解如何向委員反映議題或進行請願，並清楚說明登記遊說法的流程與要件。  
（此為中層決策，屬於具體行動方向的確認，旨在提升公民參與的可及性與透明度。）  

> 補充說明：會議中雖有討論國會頻道、公民參與管道、資源盤點等議題，但均未形成明確的決策或結論。耿璐與趙恭岳的發言主要為說明現階段資源限制、流程依賴與期待，屬於討論性質。唯有「統整教材或指引」一事，被明確提出並作為後續行動方向，因此視為具體決策。  

（如無決策

### 行動項目  
- 統整並開發一套針對法人登記後可發給NGO的「公民反映議題給委員之教材或guideline」 - 負責單位：未明確指派（推測為會議中各小組協作）  
- 盤點現有資源，並與秘書處公共關係事務室討論，釐清現階段可推動的國會開放計畫內容 - 負責單位：未明確指派（推測由相關小組執行）  
- 在各小組優化方案完成後，再進一步規劃如何協助其他小組推動其議題（如第二、三、四點） - 負責單位：未明確指派（推測由各小組間協作推動）  
- 評估並規劃國會頻道的內容發展，特別是針對一般民眾的可及性與多元

### 總結  
會議核心為討論建立一套簡明教材或指引，協助NGO與公民團體了解如何依法向立法院反映意見，並強調相關流程需依資源盤點與跨單位協調後逐步推動。",2025-09-25 05:39:27,討論是否提供NGO教材指引以利參與，需盤點資源並與相關單位協調；各組方案優化後再推進，國會頻道亦被寄予厚望。,,
52,"但是國會頻道基本上只有會議室轉播，所以對一般人來講，它在增加知識能量的這種可行性相對不高，所以我們其實在這裡頭怎麼樣讓國會頻道優化，甚至國會頻道如果有可能去製作一些節目，當然我想細節上可以再進行討論，但是譬如未來它可能有一些方式能夠讓開放國會委員會這些不同的同仁，以這樣的方式能夠去強化做一些節目，也許像Discovery或者是歷史頻道那種方式，然後去讓一般的人透過這種比較好的節目來做吸收，我想這個方式可能讓民眾對於知識上面的增加會更有可行性，謝謝。
主席：大家還有沒有什麼意見要補充？
耿璐：基本上我覺得這樣聽完5題之後，應該是說一開始國會頻道優化是一個很大的題目，當然有可能是因為它牽涉到5組還是幾組，所以反而沒有1組是特別提到國會頻道優化這個工作，所以不知道這種要怎麼加進去。因為可能國會頻道優化要想好多方面，不見得是哪一組可以全包，以至於我覺得剛剛聽完5組，好像沒有關於這個部分，當然對於國會頻道，大家之前是滿有共識，無論是要加不同語言字幕，或是是不是應該要標註現在它在議事的哪一個階段，就是大家都不斷有提到，所以它應該是有一張表格必須被寫進去國會頻道要做什麼事，但是只是沒有分在哪個組別。",500,"## 會議記錄整理

### 出現人物  
- 耿璐 - 国会频道优化议题的讨论参与者 / 建议推动者 - 提出國會頻道優化問題缺乏明確歸屬組別，強調國會頻道應有明確的行動表格，包含加設不同語言字幕與標註議事階段等具體項目，並指出目前5組中無一組專責此議題，呼籲將相關事項納入正式分工與規劃。

### 核心要點  
1. 國會頻道需系統性優化並明確規劃內容策略 - 為提升民眾知識吸收成效，應推動國會頻道製作類似Discovery或歷史頻道的節目，並透過開放委員會同仁參與，強化節目內容的可及性與教育價值。  
2. 需建立具體行動表格釐清責任分工 - 當前國會頻道優化議題雖有共識（如加註語言字幕、標示議事階段），但缺乏明確分工與執行路徑，應制定專門表格，明確歸屬各組別負責事項，以確保可落實與推動。

### 決策事項  
- 應建立一份明確的「國會頻道優化行動表格」，明確規範國會頻道應進行的具體工作項目，例如增加不同語言字幕、標註議事階段等，以彌補目前各組別未明確分工的問題。  
- 建議國會頻道未來可參考Discovery或歷史頻道等模式，製作具知識性與可觀看性的節目內容，以提升一般民眾對議事內容的理解與知識吸收能力。  

（此兩項決策屬中高層級決策，涉及制度設計與內容策略調整，具備可執行性與政策導向，雖未明確指定責任單位，但已形成共識與行動框架。）

### 行動項目  
- 建立國會頻道優化工作表，明確列出需推動的改善項目（如增加多語言字幕、標註議事階段等） - 全體相關單位（或由議事組、資訊組協調）  
（緊急程度：中等；時間要求：需於下次會議前完成初步規劃，並釐清各組責任分工）  

- 探討國會頻道製作類似Discovery或歷史頻道風格的知識節目，並評估可行性與內容方向 - 建議由議會傳播或文化內容組主導，跨組協調推動  
（緊急程度：低至中；時間要求：需在未來3個月內提出初步節目概念與執行架構）  

- 明確分配國會頻道優化相關事項至各負責單位，避免責任重疊或缺失 - 各組單位

### 總結  
國會頻道應優化並製作類似Discovery或歷史頻道的知識節目，以提升大眾知識吸收的可行性，並需建立明確的分工表格將相關改善項目納入各組職責。",2025-09-25 05:40:36,國會頻道需優化並製作多元節目提升知識性，包含字幕、多語言與議事進度標註，應跨組別統整規劃列入表格化工作。,,
53,"吳處長慧玲：對不起，我不知道我講的會不會提供大家答案，不過我稍微提一下，就是國會頻道現在的確有在做國會頻道2.0，大家知道國會頻道有兩個數位電視臺21、22，加上有線的123、124，的確他們現在有就國會頻道的內涵，就是剛剛講的要怎麼樣去強化，他們有提出短中長期的計畫，所以我想也許下週公報處長在的話，會講得更清楚，有助於這邊看是要放在什麼地方，那一塊他們現在已經有一些計畫在做了。
主席：剛才像我們前面提到，哪一題是要放在便於取得利用的國會資訊以及數位化國會，還有國會識讀都要註記的是是關於那個版權的嘛，對不對？我們現在關於這個包括國會頻道以及國會網站的優化，我們是不是把它註記？至少我們要知道有這件事，然後我們再來……還是我們現在就要直接分，看是哪一組。
吳銘軒：我的想法是，從剛剛的五組聽下來，其實有滿多是重複的或者是概念很像的，再加上剛剛有說，如果每件事都要另外開個會的話，好像就不能照原本的分組，所以我另外的建議是，不去管現在的分組，而是把這些事合併，合併以後再重分。這是提議，也不一定要這樣，但是我覺得裡面好像有很多概念是很相近的。
主席：剛剛還有誰舉手？
簡信昌：我現在的問題是",496,"## 會議記錄整理

### 出現人物  
- 吳慧玲 - 處長 - 提出國會頻道2.0的發展計畫，說明目前已有短中長期規劃，並建議由公報處長進一步說明相關細節，以釐清國會資訊數位化與可取得性的方向。  
- 吳銘軒 - 會議參與者 - 提議將原本五組議題進行整合，認為各議題存在重複或概念相近之處，建議不再依現行分組，而是合併後重新分配，以提升效率與一致性。  
- 簡信昌 - 會議參與者 - 在主席詢問後提出問題，但未明確說明問題內容，僅顯示其參與討論並表達疑問。  

（註：吳慧玲與吳銘軒為不同人物，雖同姓，但名稱與職稱可區分；簡信昌僅提出問題，無具體發言重點，故僅列其參與狀態。）

### 核心要點  
1. 國會頻道推動「國會頻道2.0」計畫，包含短中長期策略，強化數位內容內涵與服務，未來將由公報處長進一步說明細節。  
2. 建議整合現有五組議題，因內容重複且概念相近，應取消現行分組，重新合併後分派，以提升效率與協調性。

### 決策事項  
- 合並目前五組相關議題，不再依原分組進行，而是將概念相近的項目整合後重新分組，以避免重複討論並提升效率。  
（此為中層決策，屬流程與組織安排上的調整，非具體政策或執行內容，但具備明確的決策意涵與行動方向。）  

> 補充說明：會議中雖提及國會頻道2.0、數位化國會、版權註記等議題，但均未形成具體決議或行動項目，僅為討論或提議。惟吳銘軒提出的「合併並重分」建議，經主席採納作為後續處理方式，構成明確的決策內容。

### 行動項目  
- 評估並整合國會頻道2.0、國會網站優化及數位化國會相關計畫的內容，避免重複與概念重疊 – 吳處長慧玲（建議由公報處長進一步說明）  
- 明確界定「國會資訊的便於取得與利用」、「數位化國會」及「國會識讀」等議題中涉及版權問題的範疇，並納入未來規劃考量 – 主席（需與相關單位協調）  
- 提議將原本五組議題進行概念整合與重分組，以提升效率與避免重複討論 – 吳銘軒（建議執行單位為會議主導單位）  
- 請公報處長於下週會議中，詳細說明國會頻道2.0的短中長期計畫內容，以協助決策定位

### 總結  
會議核心議題為國會頻道2.0與國會資訊數位化，並建議整合重複議題、重新分組以提升效率與一致性。",2025-09-25 05:42:00,國會頻道已推動2.0並有短中長期計畫，建議相關優化與網站改進納入整體規劃，重複議題可合併後再重新分組。,,
54,"至少我們「便於取得利用的國會資訊」這一組當初討論時是根據vTaiwan提供的那些問卷結果，而我剛才聽到「數位化國會」這一組也是比較會採問卷結果，也就是民眾的許願。可是有些東西可能比較像是原則性的，比如說開放的資訊其實就會像是第一組在討論的，理論上原則應該是所有都開放，除了某些限制之外，所以我們接下來的討論是要根據這次的結果嗎？還是接下來要怎麼做？比如說，如果數位化國會在網站優化這件事情上是根據之前vTaiwan所提供的民眾許願，那我覺得接下來失敗的可能性就還是滿大的，至少我們自己做網站的時候其實還是需要一些por typing，讓一般人決定這個東西到底是好或是不好，而不是把大家的許願都丟進來成為一整個雜燴，所以我比較想要知道的是，接下來的action item應該要怎麼定義。
吳銘軒：我補充一下，我的想像應該是要等到我們確定了行動方案之後，進入執行的時候要從這個地方開始對不對？至於有沒有確定要做這件事、這件事應該要涵蓋哪些範圍，則是這個階段的行動方案要決定的事情，是吧？
比方說行動方案決定我們要改善剛剛說的國會頻道，在我們蒐集到的意見原則中，有哪些事情需要被解決？為什麼要做這件事？這個是行動方案，可是等到行動方案通過以後開始要執行的時候，亦即在這兩年或三年之間",538,"## 會議記錄整理

### 出現人物  
- 吳銘軒 - 行動方案建議者 / 討論參與者 - 提出行動方案應在執行前確立，強調在確定了行動項目與範圍後，才應從民眾意見中出發進行改善，並指出網站優化需結合實際測試與民眾判斷，避免僅依賴民眾許願導致結果混亂，主張應建立更穩健的評估機制與por typing（使用者測試）流程。

### 核心要點  
1. 行動方案應先明確定義目標與範圍，而非直接依賴民眾許願結果——需在確立行動方向後，再依據原則性議題（如資訊開放）與實際需求設計執行內容，避免僅將民眾許願堆疊為雜亂無章的決策基礎。  
2. 數位化國會的執行需結合「民眾意見」與「專業判斷」，應透過試驗性評估（如網站優化）讓一般民眾實際參與評估好壞，而非單純以許願為依據，以降低執行失敗風險並提升結果品質。

### 決策事項  
- 關於「數位化國會」相關行動方案的推動，應在確立行動方案後，再進入執行階段；行動方案需明確回答「是否要做這件事」以及「該事項應涵蓋哪些範圍」。  
- 行動方案的內容應基於先前蒐集的民眾意見（如vTaiwan問卷結果）與原則性考量，但需進一步釐清：是否僅依賴民眾許願作為決策基礎，或應結合專業判斷與實際可行性進行調整。  
- 在執行階段（如未來兩至三年內），應針對國會頻道等具體項目，根據蒐集到的意見原則，明確提出需要解決的問題、執行動機與具體改善方向。  

（此為中階決策，屬於行動方案設計與執行邏輯的關鍵決策，雖未明確決定「是否執行

### 行動項目  
- 明確定義「數位化國會」行動方案的執行範圍與核心目標 - 吳銘軒（負責提出行動方案的框架與範圍界定）  
- 確認是否以vTaiwan民眾許願結果作為網站優化與政策推動的基礎依據 - 吳銘軒（負責評估民眾許願結果的適用性與風險）  
- 在行動方案通過後，針對國會頻道改善議題，釐清需解決的具體問題與執行邏輯 - 吳銘軒（負責執行階段的問題分析與優先排序）  
- 評估民眾許願結果直接投入網站設計的可行性，並提出需加入「民眾參與評估機制」（如por typing）的建議 - 吳銘軒（負責提出防範過度堆疊許願內容的設計原則

### 總結  
會議核心討論在於：接下來的行動方案應基於民眾許願與原則性議題的平衡，而非單純依賴vTaiwan問卷結果，需明確界定改善範圍與執行邏輯，以降低網站優化失敗風險。",2025-09-25 05:43:16,討論問卷結果僅能作為參考，行動方案需明確定義原則與範圍，再依計畫逐步執行，如國會頻道優化等。,,
55,"就要去研究怎麼把這件事情做好、要有哪些步驟。所以我們的確也不是直接把最後要做成什麼樣子，或者是這個網站最後應該要設計成什麼樣子，在這個階段做完，對吧？
簡信昌：就剛剛討論的內容來看，比如我們這一組在討論的，像是有些陽光法案內容要加進來，這個是民眾許的願，但他們可能不知道這些東西到底是在監察院還是在立法院，這是比較原則性的東西，至少以我自己來講，我比較同意剛剛Freddy講的，「便於取得利用的國會資訊」這組應該要討論的就是剛剛LuLu講的，在這個流程裡面有哪些東西應該要被開放，而不是我們要做一個mugshot的網站，讓大家來填國會助理的基本資料，或把他開了什麼公司都納進來，所以我們在這裡應該要討論須開放哪些資料出去。
主席：如果把國際事務小組和秘書處做的「工作歷程、前言、章程統整」加進來，其實總共就有六組，我想剛剛講的前言這一塊就沒有統整的必要，但其他的部分有沒有統整合併的需求？
王向榮：有關剛剛的關鍵字和我手寫的部分，經過第二組和第四組的討論後，應該就是轉由第四組來做後續，也就是要寫成一個方案。
主席：如果要合併的話，大家有什麼合併的想法嗎？或是說，另外一個方式當然就是把雷同的組別約在同樣的時間開會",507,"## 會議記錄整理

### 出現人物  
- 簡信昌 - 討論參與者 / 小組成員 - 提出應聚焦於「便於取得利用的國會資訊」，強調應討論哪些資料應被開放，反對過度設計如建立國會助理個人資料網站，主張內容應以公開透明與實際利用為導向。  
- 主席 - 會議主持人 / 協調者 - 提出將國際事務小組與秘書處的「工作歷程、前言、章程統整」納入討論，並提出合併組別或調整會議時間的建議，推動流程整合與效率提升。  
- 王向榮 - 小組成員 / 討論參與者 - 說明關鍵字與討論內容經第二組與第四組協調後，將由第四組負責撰寫成案，顯示其在議程分工與任務轉移中的角色。  

（註：所有人物皆來自會議記錄中的直接發言或提議，職位未明確標示，依其參與內容推斷其為各小組或專案團隊的成員或協調者。）

### 核心要點  
1. 重點在於「開放哪些國會資訊」而非設計具體網站功能 - 应聚焦於討論哪些資料應公開，以實現「便於取得利用的國會資訊」，避免過度設計如填報國會助理個人資料等非核心項目。  
2. 多組內容可合併或協調時程以提升效率 - 建議將雷同主題（如工作歷程、前言、章程）整合，或由第四組統籌後續方案，並考慮將相同組別安排於相同時間開會，以節省資源與提升協調效率。

### 決策事項  
- 將「工作歷程、前言、章程統整」中的「前言」部分排除於統整之外，其他部分應進行統整合併。  
- 第四組負責承接第二組與第四組討論後的關鍵字內容，並撰寫成正式方案。  
- 若需合併組別，可考慮將雷同內容的組別安排於相同時間開會。  

（上述決策為會議中明確提出的結論與行動方向，層級上屬於中高層級決策，涉及工作流程調整、責任分配與資源整合，具備可執行性與實際操作意義。）

### 行動項目  
- 將陽光法案內容中民眾所許的願項，釐清其適用的立法機關（監察院或立法院），並討論應開放哪些國會資訊以提升「便於取得利用的國會資訊」—— 簡信昌（提出建議）  
- 轉由第四組負責整理並撰寫「關鍵字」相關內容的方案，包含第二組與第四組討論後的成果—— 第四組（負責執行）  
- 評估國際事務小組與秘書處的「工作歷程、前言、章程統整」是否需合併，並提出合併建議或安排雷同組別於相同時間開會—— 全體成員（討論與建議）  

（註：上述行動項目中，部分為概念性討論與方向建議，未明確標註時間要求或緊急程度，僅依

### 總結  
會議核心聚焦於釐清應開放哪些國會資訊，並建議整合重複組別或由第四組主導制定方案，避免過度設計具體網站功能。",2025-09-25 05:44:43,行動方案階段應聚焦於資料開放原則與範圍，而非網站設計細節；組別間若內容雷同，建議整合協作以提升效率。,行動方案以資料開放原則為核心、跨組整合與統一格式、OGP範本簡化應用、Excel彙整行為討論與回饋、逐步收斂避免過早複雜化,
56,"這當然又是另外一個部分，這是在工作上的合併而不是直接在小組上的合併。
曾柏瑜：就是我覺得因為現在這些包括寫的方式還沒有一個固定的格式，所以我覺得雖然有很多雷同的地方，但是因為還沒有放進action item裡面，我覺得要直接把組融合或重分或依照題目做分組可能以現階段來講還有一點抽象，我建議是不是我們現在先把譬如剛剛講的國會頻道分到某個小組裡面，現在這個小組會議先把action item分出來，接下來每一個組交上來的格式都長的一模一樣之後，我們再依據每個action item重新做分組、做跨組別的討論，這樣是不是會更聚焦一點？
耿璐：有同意阿Fi講的，因為剛剛又想像譬如寫在那個表格裡面就很像是大家寫的東西再N次貼，再做grouping note，就會比較清楚。
于顥：不好意思！我後續補充一下，剛剛阿Fi提到的那個部分是表格的部分，我建議我們等一下就立刻確認一下那個表格是不是長這樣。另外，我建議國會頻道2.0的部分直接分給第三組，就是參與的部分，因為那可能會包含多語言的部分，後續如果有跟行政單位接觸，……
主席：這一組其實是便於人民參與的國會。
于顥：對，就是包含多語言的部分，我自己的建議是給第三組啦！現在我們是不是就來討論一下那個表格？是不是接下來大家的意見都可以直接先收攏進去？",547,"## 會議記錄整理

### 出現人物  
- 曾柏瑜 - 工作小組成員 / 建議提出者 - 提出應先明確制定行動項目（action item）的格式，建議先將國會頻道分入特定小組並完成格式統一，再依行動項目重新分組，以提升討論聚焦性與實務可操作性。  
- 耿璐 - 工作小組成員 / 認同與補充者 - 認同曾柏瑜的觀點，強調將意見整理成表格能避免重複貼文，並有助於清晰歸納與分組（grouping note），提升會議效率與結構性。  
- 于顥 - 工作小組成員 / 建議提出者 - 補充說明表格格式的建議，並主動提出將「國會頻道2.0」專案直接分配給第三組，理由是該內容涉及多語言與行政單位接觸，建議立即確認表格格式，以確保後續意見收納的標準化與一致性。  
- 主席 - 會議主持人 / 調和與確認者 - 明確指出該小組的定位為「便於人民參與的國會」，並引導會議聚焦於表格格式的確認與意見收納流程，確保討論方向清晰且具操作性。

### 核心要點  
1. 先統一行動項目（action item）的輸出格式與表格規範 - 為確保各小組內容可比對、易整理，應先確立標準化表格格式，使後續分組與討論更具聚焦與效率。  
2. 國會頻道2.0建議由第三組承接，因涉及多語言與人民參與，符合該組專長與未來跨單位合作需求。

### 決策事項  
- 將「國會頻道2.0」的部分直接分給第三組，該組負責包含多語言參與的內容，並後續與行政單位接觸。  
- 確認並統一各小組提交的行動項目（action item）格式，建議以表格形式呈現，確保所有意見收錄於標準化表格中，以便後續進行分組與跨組討論。  
- 先由各組針對行動項目提出標準化表格內容，並在會議中立即確認表格格式，作為後續工作之基礎。  

（上述決策涵蓋中層與操作層級，其中「分組安排」與「格式統一」為具體可執行之決策，屬於中高重要性決策，有助於提升後續工作之效率與一致性。）

### 行動項目  
- 確認國會頻道2.0相關行動項目之表格格式 - 于顥（負責提出建議並推動確認）  
- 將國會頻道2.0部分分派給第三組負責 - 于顥（建議內容，負責人為于顥）  
- 每個小組提交的行動項目需採用統一格式，以利後續分組與跨組討論 - 曾柏瑜（提出建議，推動標準化格式）  
- 確認所有小組提交之行動項目內容，並進行歸納與整理（如製作grouping note） - 耿璐（支持格式化與歸納建議）  

（緊急程度：中等，需於會議後立即確認表格格式，並在下一階段推動分組與格式統一；時間要求：會議當日或次日內完成格式確認與分組

### 總結  
會議決議先統一行動項目（action item）的表格式範本，並將國會頻道2.0交由第三組負責，以提升後續分組與討論的聚焦與效率。",2025-09-25 05:46:17,建議先由各組產出統一格式的 action item，再依內容重新分組討論；國會頻道2.0 可分配至第三組「便於人民參與的國會」。,,
57,"畫面可以開一下那個紀錄表嗎？
我在那個紀錄表最下面有放它的原型，它的原型是出自於OGP行動方案承諾使用的範本，對於欄位，我大致上都沒有做變動，我只是把它改成是我們分組討論的彙整表，就是各組討論出來的一些項目。現在我們先依照這個順序說明，「現況與挑戰」的部分也就是目前有哪裡是不足的，還有民眾在使用這些系統或是在參與國會時覺得哪些部分窒礙難行；在「主要目標」的部分，我想就是我們要列一下個別小組要達到哪些目標，譬如資訊更好蒐集，譬如資訊的系統平台可以整合，譬如資訊可以更即時被開放，我想這些期待和目標就是放在「主要目標」；在「風險評估」的部分，我想就是依據我們自己提出來的這些方案做風險評估，我覺得這也算是對我們提出的方案自我檢討，就是包含開放到什麼樣的程度有可能會有滲透的風險，我們把類似這樣的東西放進來，或是助理的資料公布會不會涉及到違反個資法的規定；我覺得我們有這三個項目在裡面應該就有滿完整的小組的section可以出現了。
至於OGP原則的部分，包含取得資訊、課責、公民參與、技術創新部分，我是依照那個原型表格放的，如果我們不放那個，我也覺得OK，因為我不太確定放那個的功能是什麼，但是開放大家討論。",504,"## 會議記錄整理

### 出現人物  
- 會議參與者（未具體命名） - 記錄表設計與內容規劃者 - 主導說明紀錄表的結構與內容安排，提出「現況與挑戰」、「主要目標」、「風險評估」三個部分的框架，並解釋各部分的設計邏輯與目的，強調表格原型源自OGP行動方案承諾範本，僅調整為分組討論的彙整表，並說明各項內容的實際應用與考量，如資訊整合、即時開放、個資保護等問題。  

（註：會議記錄中未提及具體個人姓名，僅以「我」作為發言者，無法確認為特定人物姓名，故以「會議參與者（未具體命名）」表示。）  

本段無具體人物提及

### 核心要點  
1. 以OGP行動方案原型為基礎建立討論彙整表，維持欄位結構但調整內容為各組討論成果，涵蓋「現況與挑戰」、「主要目標」及「風險評估」三大核心部分，確保內容完整且具實務可操作性。  
2. 在風險評估中明確檢視資訊開放程度與個資保護之間的平衡，特別關注助理資料公開可能違反個資法的風險，強化方案的合法性與安全性。

### 決策事項  
- 會議決定採用現有的OGP行動方案承諾範本作為紀錄表原型，並僅在結構上調整，使其成為各分組討論結果的彙整表，不對欄位內容進行重大變動。  
- 决定將紀錄表內容區分為三個主要部分：「現況與挑戰」、「主要目標」與「風險評估」，並明確定義各部分內容：  
  - 「現況與挑戰」：彙整目前系統使用或國會參與中民眾認為窒礙難行的問題；  
  - 「主要目標」：列舉各小組希望達成的具體目標，例如資訊更好蒐集、系統平台整合、資訊即時開放等；  
  - 「風險評估」：針對所提方案進行自我檢討，評估開放程度可能帶來的風險，如個資法

### 行動項目  
- 製作並開放「OGP行動方案承諾紀錄表」的原型文件（含現況與挑戰、主要目標、風險評估三大欄位） - 負責人：未明確指派（由提出者負責）  
（緊急程度：中等；時間要求：即時開始，需在會議後立即執行）  
- 根據各小組討論內容，填補「現況與挑戰」欄位，彙整民眾在使用系統或參與國會時的實際困難與不足 - 負責人：各小組成員（依分組討論結果負責）  
（緊急程度：中等；時間要求：會議後1週內完成）  
- 設定並填寫「主要目標」欄位，明確各小組希望達成的具體目標，例如資訊蒐集改善、系統整合

### 總結  
本次會議確認以「現況與挑戰」「主要目標」「風險評估」三大欄位構建分組討論彙整表，並基於OGP原則進行框架設計，強調方案的可行性與風險控管。",2025-09-25 05:47:34,討論決定以 OGP 行動方案的範本為基礎，紀錄表涵蓋「現況與挑戰」「主要目標」「風險評估」三部分，方便自我檢討與方案規劃；OGP 原則欄位則開放討論是否保留。,,
58,"現在是不是先確定一下我們是不是接下來要用這個表格去記錄？
周韻采：這個表格其實要經過很多的淬鍊，譬如風險評估，有些是要有法律背景或是有某一些背景才能做出來，我覺得這樣等於大家都還沒有廣泛討論，就是由幾個工作人員直接這樣做，其實裡面的東西像「現況與挑戰」都還滿複雜的，我們剛剛看到各組討論都是一些比較行為式的作法，我會建議是不是我們先不要用這個，先用excel表把各組委員討論或是民眾的反映，就是可以變成一個具體行為的部分先臚列出來，然後就是大家剛剛討論的，整理出來以後會再有一個excel表，去看看各組有沒有錯字或者是重複的部分，大家再來看有沒有需要調整或重新分工的部分。因為這個很像是你最後要寫IRM的時候才需要用到的，已經做到這麼細的工，我覺得其實對於哪些item，甚至excel表出來以後，才能去看說，當我們跟立法院的同仁在溝通的時候，哪些item是可以先做，哪些item是要放中間，哪些item可能不用做了。對，這個部分好像已經變成有點是在寫整體的評估報告，我們不是要委外給民間人士寫嗎？就算不是IRM，但是真的已經有點像是一個很長的報告。
曾柏瑜：IRM是要評估我們整個程序做得怎麼樣，那這份報告，就是周老師剛剛所說的這份很長的報告就是要從MSF出來",530,"## 會議記錄整理

### 出現人物  
- 周韻采 - 工作人員 / 建議者 - 建議暫不直接使用現有表格進行風險評估，強調應先以Excel表整理各組委員討論與民眾反映的具體行為內容，並透過後續比對與審查，釐清項目重複或錯誤，再決定是否進階至IRM階段；認為此過程更貼近實際操作與與立法院溝通的需要，避免過早進入過於複雜的評估報告。  
- 曾柏瑜 - 工作人員 / 補充說明者 - 說明IRM的本質是評估整體程序的品質，並指出周韻采所描述的長報告內容，實際上正是從MSF（Members' Stakeholder Feedback）出發，逐步發展而成，強調該報告的來源與邏輯脈絡。

### 核心要點  
1. 先以Excel表格整理各組討論與民眾反映的具體行為項目，避免過早進行複雜風險評估或法律審查，確保內容實用且可操作。  
2. 當前表格設計過於精細，已接近整體評估報告（如IRM）的層次，建議暫緩使用，改為先建立行為層級的清單，再逐步精煉與調整，以符合與立法院溝通的實際需求。

### 決策事項  
- 不立即使用現有的表格來記錄「現況與挑戰」等複雜內容，因該內容需經過風險評估且涉及法律或專業背景，目前尚無廣泛討論與共識；  
- 先以 Excel 表格整理各組委員討論結果或民眾反映的「具體行為部分」，作為初步資料收集工具；  
- 在完成行為層面的整理後，再透過另一個 Excel 表格進行內容檢視，包括檢查錯字、重複項目，並依據檢視結果進行調整或重新分工；  
- 此流程應視為未來撰寫 IRM（整體評估報告）前的前置準備工作，而非直接進入報告撰寫階段；  
- 明確區分「行為層面」與「整體評估報告」的階段，建議先聚焦於可操作、具體的行為項目，

### 行動項目  
- 先使用Excel表格整理各組委員討論內容及民眾反映的具體行為項目 - 周韻采（建議提出）  
- 在Excel表中檢視各組是否有錯字或重複項目，並進行調整與重新分工 - 全體工作小組（執行單位）  
- 根據整理後的Excel內容，判斷哪些項目可先執行、哪些需延後或暫時排除，作為與立法院溝通的依據 - 周韻采（主導建議）  
- 明確區分此工作為「整體評估報告」的前期準備，非直接進入IRM撰寫階段 - 曾柏瑜（補充說明）  

（緊急程度：中等；時間要求：需在下一次會議前完成初步整理與討論）

### 總結  
會議認為應先以Excel表格整理各組討論與民眾反映的具體行為，避免過早進入需專業背景的風險評估，以免過度複雜化或誤入長篇評估報告之境。",2025-09-25 05:48:55,目前建議暫不直接套用完整OGP表格，而是先用Excel彙整各組行為式討論與民眾回饋，去除錯字與重複，再依輕重緩急分工；OGP格式與完整評估報告則留待IRM或MSF階段使用。,,
59,"我們並不是只做一個原則性的列點，然後交由別人去寫，這整篇報告就是要從這個MSF裡面產生。
周韻采：下禮拜要繳交，這個也許是再後來、再後來、再後來，不是我們一下要跳好幾個步驟去做這個事情。
曾柏瑜：我們當然可以先討論這個表格要長得怎麼樣。
吳銘軒：這個表格應該是針對一件事情對不對？所以這個上面好像沒有標題，這是第一個，就是你可能針對一個行動方案是要填一個表格。對啊！所以我們最後發布那個行動方案，就是12月底的那個，就是以這個方式呈現，就是第一個你要做的事情是什麼，然後是你會承諾的這個事項、主責單位、啟動時間、完成時間這些。所以它實際應該要完成的時間點上次是說12月是不是？
于顥：11月9日。
吳銘軒：11月9日，然後中間還包含要公開，然後再徵詢其他意見，對不對？所以這個主要其實不是要寫成一份報告，而是這個表格你就把它想成是一個A4的表格，就是在這一頁A4裡面要儘量把它簡化，然後完成。比方說我們剛剛談國會頻道，那就是在這裡，第一頁。
周韻采：我的意思是這不是下禮拜……
吳銘軒：不，但它不會變成一個報告，它就是一件事情一頁。
周韻采：剛剛于顥的意思是說要用這個當作我們再converge、再重新grouping的基礎，我是說這樣子真的太複雜了",525,"## 會議記錄整理

### 出現人物  
- 周韻采 - 會議參與者 / 報告負責人 - 提出報告製作不宜過於複雜，強調報告應避免僅做原則性列點，並質疑表格設計是否需跳過多個步驟，認為目前的結構可能過於繁瑣，需重新思考整合方式。  
- 曾柏瑜 - 會議參與者 / 表格設計討論者 - 提出可先討論表格的結構與格式，顯示對表格內容與外觀設計有參與意願，關注如何具體規劃表格的呈現方式。  
- 吳銘軒 - 會議參與者 / 表格架構設計者 - 明確提出表格應針對單一行動方案設計，強調表格應具備「事項、承諾內容、主責單位、啟動與完成時間」等欄位，並建議以A4單頁簡化呈現，也確認行動方案完成時間為11月9日，並指出表格將作為後續收斂與分組的基礎。  
- 于顥 - 會議參與者 / 時間點確認者 - 明確指出行動方案的實際完成時間為11月9日，並補充說明該表格將作為後續會議收斂與公開徵詢意見的基礎，強調其作為協調

### 核心要點  
1. 報告核心是建立「一事一頁」的行動方案表格，而非傳統原則性列點或長篇報告 —— 每個行動方案需以A4單頁簡化呈現，包含事項、承諾內容、主責單位、啟動與完成時間等關鍵欄位。  
2. 表格需作為後續協調與整合的基礎，於11月9日前完成並公開，期間將徵詢意見，強調簡潔實用、可操作，避免過度複雜化。

### 決策事項  
- 本次報告將基於MSF內容產生具體行動方案表格，而非僅作為原則性列點交由他人撰寫。  
- 行動方案表格應以「一事一頁」為原則，每頁為A4格式，針對單一行動方案進行簡化呈現。  
- 表格內容應包含：第一件要做的事、承諾事項、主責單位、啟動時間與完成時間。  
- 行動方案的最終完成時間點為11月9日（非12月）。  
- 該表格將作為後續 converging 與 grouping 的基礎，並在公開後徵詢其他意見。  

（此決策事項涵蓋中層與執行層級，涉及報告結構、時間軸、內容範圍與流程設計，具備明確的行動導向與責任分工，屬關鍵決策

### 行動項目  
- 設計並完成一份針對單一行動方案的A4表格，包含待辦事項、承諾事項、主責單位、啟動時間與完成時間等欄位 - 吳銘軒（主導設計）  
- 確認行動方案表格的最終完成時間為11月9日 - 于顥（提供時間點）  
- 以該表格作為後續收斂與分組討論的基礎，簡化內容結構，避免過於複雜 - 周韻采（提出簡化需求）  
- 明確表格內容應聚焦於「一件事情一頁」的簡潔呈現方式，並作為12月底行動方案發布的基礎格式 - 吳銘軒（提出格式原則）  

（註：上述行動項目中，「11月9日」為具體時間點，屬緊急

### 總結  
本次會議核心決議是：行動方案將以簡化的一頁A4表格呈現，明確列出每項行動的內容、承諾事項、主責單位、啟動與完成時間（11月9日為完成點），並作為後續協調與公眾徵詢的基礎，而非產出複雜報告。",2025-09-25 05:50:41,討論確認這份表格應作為行動方案的具體工具，每項議題各填一頁A4，內容簡化包含目標、主責單位與時程，非完整報告；周韻采提醒不宜過早複雜化，建議先聚焦於彙整與收斂。,,
60,"等於你一開始就要去做完所有的風險評估等等實質的東西，還有「現況與挑戰」，這其實都需要一些更深入的瞭解才有辦法寫出來。
主席：我想「現況與挑戰」大概是跟現在的局處要一起開會才會有的一個描述，「風險評估」也是類似，大概就是我們剛剛講的幾個項目，如果跟個資有關的或是什麼，應該不用特別很細緻的去講它可能跟那些法律有什麼樣的問題，但是要稍微提到。
我剛剛跟于顥確認了一下我們的進度，原則上我們9月底應該就要有一個可以上網給民眾再回饋一些意見的版本，對不對？我們那個9月底上網的版本會是怎麼樣？
于顥：我想要先回應剛剛周老師提出的問題，有關於「現況與挑戰」的部分，其實並不是要說哪些我們寫出來的東西會沒有辦法執行，應該是說現在民眾在使用我們的國會頻道，或者是在參與國會的時候，他們覺得哪個部分很困難，那個現況講的是這個，就是目前國會哪裡做得還不夠，所以它其實是一個problem，然後「主要目標」應該是比較接近一個solution，是這樣子分類的邏輯啦！所以其實依照大家現在已經整理出來的民眾意見，跟有些組已經有列出他們覺得哪些東西可以往哪個方向來改善，這其實應該是已經可以填進去這個表格的狀態。另外，因為大家列資訊和列他們所寫東西的方式跟邏輯都不一樣",521,"## 會議記錄整理

### 出現人物  
- 周老師 - 主席 - 提出「現況與挑戰」及「風險評估」的內容框架，強調需與局處協調討論，並指出應聚焦於民眾使用國會頻道時的實際困難，作為現況描述，而「主要目標」則應作為解決方案（solution），釐清兩者的邏輯區分。  
- 于顥 - 副職/專案負責人 - 回應周老師的問題，說明「現況與挑戰」是針對民眾實際使用經驗中遇到的困難，並強調該部分應基於已整理的民眾意見與各組提出的改善方向，指出目前資料已具備填入表格的基礎，同時也提到各組在資訊整理方式與邏輯上存在差異，需進一步統一。  

（註：「周老師」與「于顥」為會議中提及的具體人物，雖未明確標註職稱，但根據語境可推斷其角色為會議主持人與專案進度負責人。）

### 核心要點  
1. 「現況與挑戰」應基於民眾實際使用國會頻道時的困難與反饋，聚焦於現行服務的問題點，而非技術或法律細節，並已具備初步資料可填入表格。  
2. 9月底將推出可上網供民眾回饋意見的版本，內容需整合現有民眾意見與各組改善建議，作為後續優化與風險評估的基礎。

### 決策事項  
- 原則上於9月底完成一個可以上網供民眾回饋意見的版本。  
- 「現況與挑戰」部分應聚焦於民眾在使用國會頻道或參與國會時所感受到的困難，反映實際問題（problem），而非評估內容是否可執行；此內容應基於已整理的民眾意見及各組提出的改善方向來填入表格。  
- 「主要目標」應視為對「現況與挑戰」的解決方案（solution），並依據現有資料進行整理與歸納。  

（上述決策中，「9月底上網版本」為具體時間點決策，屬高層級執行決策；「現況與挑戰」與「主要目標」的定義與邏輯分類為中層級內容框架決策，用以指導後續內容撰寫與資料整合。

### 行動項目  
- 整理並填入「現況與挑戰」內容，基於民眾對國會頻道或參與國會過程中的實際困難與意見，由各組依現有資料彙整並統一邏輯呈現 - 各組負責人（無明確指定）  
- 製作並完成9月底可上網供民眾回饋意見的版本，包含「現況與挑戰」與「主要目標」等內容，作為初步公開版本 - 于顥（負責進度確認與版本規劃）  
- 協調局處共同開會，釐清「現況與挑戰」與「風險評估」的內容，確保與實際民眾使用經驗相符，並建立一致的描述邏輯 - 主席與相關局處單位  
- 確認「風險評估」內容，針對涉及個資項目需簡要提及

### 總結  
會議確認「現況與挑戰」應基於民眾實際使用國會頻道時的困難點，並以現有民眾意見與各組改善建議為基礎填入，9月底將推出可上網徵求意見的版本。",2025-09-25 05:52:10,「現況與挑戰」聚焦民眾使用國會頻道與參與困難，「主要目標」則為解決方向；9月底須完成可供民眾回饋的版本。,行動方案格式統一與提交時程、國會頻道優化歸入便於人民參與組、網站優化跨組協作待定、9月底完成回饋版本,
61,"所以現在我們才更急切地需要有個統一的格式，讓大家可以依照這個一貫的邏輯去把各組的東西都填進去，這樣我們後續在做收攏跟彙整的時候，才有辦法做到，不然這個東西如果到後面才做的話，我們就來不及了。
周韻采：我主要concern的是，這樣的作法其實會先耗一些工，因為每一個item，我們break down之後，可能到最後其實有些item還是要drop掉的，那就變成現在在這個paperwork上反而是耗了一些工，我只是覺得這是不夠efficient的作法，但是如果大家堅持或是主席也裁示的話，我們就follow，反正耗工是大家一起耗。
耿璐：我補充一下，我覺得這個表格只是提供大家整理資料的方式，以我來說，我可能就不會花很多時間把它填到很完美，我不知道的部分我不填就好了。其實最主要就是把我們現在討論的東西，比如說「主要目標」就是把我們要做什麼事填進去，如果有好幾張表格都填了優化國會，我們就知道這三張表格要合在一起。至於有些我暫時沒有辦法回答的，我並不會在這個階段花太多工，所以我可能只會針對我現在有寫的內容把它填進去，就是先把它當成一個N次貼，只是不要再用各種不同的模式去整理資料，這是我看到這張表格時沒有覺得它很難的原因，因為我覺得就是把現有的東西填進去而已。",530,"## 會議記錄整理

### 出現人物  
- 周韻采 - 提案與質疑者 - 主要貢獻或發言重點：提出對現行資料整理格式效率的擔憂，認為將每個項目細分後可能導致部分項目最終被刪除，造成不必要的工作負擔；強調此作法不夠高效，但若經主席裁示或團隊一致同意，則會遵循執行。  
- 耿璐 - 補充與實務操作者 - 主要貢獻或發言重點：補充說明表格僅作為資料整理的框架，強調實際操作中無需過度精細填寫，對於不清楚或暫時無法回答的項目可選擇不填；主張應聚焦於填入「主要目標」等核心內容，並避免使用多種不同模式整理資料，以確保一致性與實用性，將表格視為「N次貼」的簡易工具。

### 核心要點  
1. 需建立統一資料格式以確保後續收攏與彙整的效率與一致性 - 無論是否耗工，必須採用一致的表格結構，避免因格式多樣導致資料難以整合與追蹤。  
2. 表格僅作為資料整理工具，非要求完美填寫，應聚焦於填入現有內容與主要目標，並依實際掌握程度決定填報深度 - 各組可選擇性填寫，重點在於統一邏輯與避免分散模式。

### 決策事項  
- 採用統一的格式來整理各組資料，以確保後續收攏與彙整時能有效進行，並強調必須在早期階段建立一致的邏輯與結構，避免到後期才補做導致時間不足。  
- 表格僅作為資料整理的工具，不強求填寫完整或完美，對於暫時無法回答的項目可選擇不填，重點在於將現有內容填入，並避免使用多種不同模式進行資料整理。  
- 若團隊成員或主席認為此做法必要，則將遵循此統一格式，即使過程中會增加工作量，亦由團隊共同承擔。  

（此決策層級包含策略性決策與執行性調整，其中「採用統一格式」為核心決策，「不強求完美填寫」為操作層級的調整，屬於

### 行動項目  
- 建立統一的資料填報格式，以確保各組資料能依照一致邏輯填入，提升後續收攏與彙整效率 - 全體團隊（含各組負責人）  
（緊急程度：中高，因涉及後續彙整時程，需盡快落實）  
- 每個組別需將現有內容（如「主要目標」）填入統一表格，並針對可確認項目進行填寫，對暫時無法回答的項目可選擇不填 - 各組負責人（如周韻采、耿璐等）  
（緊急程度：中，需在會議後立即開始執行，作為資料整理的基礎）  
- 避免使用多種不同模式整理資料，統一採用新格式作為資料整合依據，減少重複與不一致 - 全

### 總結  
會議核心決議為建立統一資料格式以提升後續彙整效率，並同意表格僅作為資料整理工具，非強求完美填寫，重點在於確保各組內容能一致歸納與整合。",2025-09-25 05:53:34,需建立統一格式以利彙整，各組先依邏輯填入主要目標等現有內容，暫無法回答的部分可留白，避免浪費過多時間。,,
62,"主席：我還是要再確定一下9月底我們要公布上網的東西會是怎麼樣，按照之前開會的內容，我記得並不是要鉅細靡遺的東西嘛，對不對？如果我們要公布的東西就是類似這樣子彙整出來的東西的話，那好像的確現在就要開始彙整了。
吳銘軒：我的期待是9月底啦，就是把我們這段時間所有蒐集來的意見，包括我們是怎麼把它分組、怎麼把它收攏的那個結論公布出去，以及哪些意見在這個過程當中並沒有被……就是我們會整理另外一個，像我們上次說的，有一些其實完全不是立法院能做的事情，這些我們會把它列出來。
主席：你說9月底會公布的應該是我們過去做到現在的一個歷程，以及現在產出的內容，而產出的內容可能就是類似這個表格的比較完整版以及沒有放進去的原因，對不對？
吳銘軒：對，所以現在的問題是，我們現在是各組彙整了嘛，今天大家報告是各組彙整的，接下來我們是要把這些再用一個比較統一的wording的方式，不管是要用這個表格還是什麼樣，總而言之就是要用比較統一的方式再merge一次，然後最後出來的是一個階段性的草稿吧。
主席：剛剛有一個東西我們好像沒有確定，對不起，我們稍微往前倒帶一下，就是剛才簡信昌提到關於國會網站優化應該不用特別放在哪一組，剛剛是不是有提到這件事？",513,"## 會議記錄整理

### 出現人物  
- 吳銘軒 - 彰化縣議員（或相關政策彙整負責人） - 主要貢獻或發言重點：提出9月底公布彙整內容的期望，說明將公開過去蒐集意見的過程，包括意見分組、收攏方式，以及未被納入的意見原因；並強調需將各組彙整內容以統一語氣進行整合，形成階段性草稿，展現對流程透明與內容完整性的重視。  
- 主席 - 會議主持人（可能為立法機構或相關單位的負責人） - 主要貢獻或發言重點：引導會議討論，確認9月底公布內容的性質為「歷程與產出內容」，並釐清應公開的範圍（如表格版、未納入原因等）；同時回應簡信昌關於國會網站優化不需歸屬特定組別的提議，顯示其在協調與確認議程方向上的角色。  
- 簡信昌 - 政策或網站優化相關負責人（未明確職稱） - 主要貢獻或發言重點：提出國會網站優化應獨立處理、不需歸入任何一組的觀點，引發主席回應與討論，顯示其在網站功能與政策分工

### 核心要點  
1. 9月底將公布意見彙整歷程與產出內容，包含各組收攏意見的分組邏輯、最終表格版本及未納入的原因說明 — 突出時間點與內容範圍，為公佈重點。  
2. 國會網站優化不屬立法院應負責範疇，將另行列示說明 — 明確界定範圍，避免資源誤判與責任模糊。

### 決策事項  
- 9月底將公布過去蒐集意見的過程與結論，內容包括意見分組與收攏的邏輯、最終產出的彙整內容（如表格版）以及未納入的意見原因。  
- 將各組已彙整的內容進行統一語氣（wording）的整合，形成一個階段性的草稿，作為最終公布版本的基礎。  
- 國會網站優化不需特別歸屬於任何一組，應獨立處理，此為會議中確認的原則。  

（上述決策涵蓋中層與具體執行層級，其中「9月底公布內容」為時間與範圍決策，「統一語氣整合」為執行方式決策，「網站優化不歸屬特定組」為原則性決策，屬重要決策事項。）

### 行動項目  
- 將各組彙整的意見進行統一整理與整合，形成一個階段性的草稿（含意見分組、收攏過程、結論及未納入的原因說明） - 吳銘軒（負責）  
- 確定國會網站優化相關內容是否應獨立於現有分組，並釐清其歸屬與處理方式 - 主席（負責確認）  
- 在9月底前完成並公布過去蒐集意見的歷程與產出內容（含完整表格版本及未納入原因說明） - 吳銘軒（負責）  

（緊急程度：中等，時間要求為9月底前完成並公布）

### 總結  
會議確認9月底將公布各組意見彙整成果與未納入原因的階段性草稿，並明確國會網站優化不屬任何單一組別負責。",2025-09-25 05:55:05,9月底將公布蒐集意見的彙整成果，內容含分組與收攏結論、可行與不可行項目說明，並以統一格式整合成階段性草稿；國會網站優化則不必限定於特定小組。,,
63,"我們在講頻道跟網站的優化有沒有要特別放在哪一組，因為現在無論放在哪一組，好像他永遠也不會做出人民許願最希望的樣子嘛。
簡信昌：應該是說，網站優化這件事情是一個大原則，這是需要做的，但不用很detail地說這個網站優化到底要有多細節的內容。
侯宜秀：我覺得你如果只有講網站優化，他什麼都不會做，就是一定要detail到某一些具體的功能提出來，要不然只是講優化的話，等於什麼都沒有講。
主席：對不起，我現在倒帶了以後，變成又要進入細節。我只想確定一件事，就是有兩個方法，一個是像國會頻道一樣很具體地在電視上播，它的功能的確是比較受限的，所以如果大家對「便於人民參與的國會」的部分沒有意見的話，我們剛剛是說要直接把它放到這一組，因為其實包括多語言的這一個需求，可能也是要放在這一組裡面，因為有滿多人的建議，關於多語言的這個建議要放在哪一組，我想放在這邊由國會頻道2.0優化來做應該可以，但是我覺得因為網站它的功能是會在這幾個不一樣的小組裡面都牽涉到，所以我個人並不太贊成說就直接由某一個小組寫說國會網站的優化，那其實它可能會分布在三、四、五、六組，說不定好幾組都有可能會牽涉到網站，所以這個裡面的原則",497,"## 會議記錄整理

### 出現人物  
- 簡信昌 - 職位/角色：會議參與者 / 說明網站優化原則者 - 主要貢獻或發言重點：提出網站優化應以「大原則」為基礎，強調不需要過度細節化，認為應避免過度抽象或缺乏具體功能的說明。  
- 侯宜秀 - 職位/角色：會議參與者 / 反對抽象優化建議者 - 主要貢獻或發言重點：認為僅談「網站優化」不具操作性，必須提出具體功能細節，否則等於沒有實際內容，強調需具體化才能推動執行。  
- 主席 - 職位/角色：會議主持人 / 優化方向決策者 - 主要貢獻或發言重點：釐清兩種方法（如國會頻道具體播出與網站功能優化），主張多語言需求應納入國會頻道2.0優化，並反對將網站優化完全交由單一組別負責，認為網站功能會跨組牽涉，應分散於多個小組中處理。

### 核心要點  
1. 網站優化需具體化功能細節，否則僅泛論「優化」將導致無實質行動——必須提出可執行的具體功能，如多語言支援，才能推動實際進展。  
2. 網站優化非單一組別專責，應分散於多個小組，避免將責任集中於某一組，以確保各組都能據實參與並反映不同需求。

### 決策事項  
- 針對「便於人民參與的國會」相關功能（包括多語言需求）的優化，應由「國會頻道2.0優化」專責推動，並納入該組的規劃與執行。  
- 網站優化作為一個大原則需被承認與推動，但不應由單一組別獨自負責所有細節，因網站功能會跨及多個小組（如三、四、五、六組），故應分散於各組中進行，避免過度集中或執行落空。  

（說明：此為中層級決策，涉及功能歸屬與責任分配，雖未明確訂定細節範圍或時間表，但已確立優化主軸與跨組協作原則，具備實際執行導向。）

### 行動項目  
- 明確網站優化的大原則，並避免僅以「優化」為模糊描述，需提出具體功能細節 - 侯宜秀（負責提出具體功能細節）  
- 考慮將「便於人民參與的國會」相關功能，包括多語言需求，納入國會頻道2.0優化範疇，並由該組主導執行 - 簡信昌（建議負責單位）  
- 釐清網站優化之功能細節應分散於多個小組（如三、四、五、六組），避免由單一組全權負責，並建立跨組協作機制 - 主席（提出原則性建議）  

（註：以上行動項目基於會議中關於網站優化細節、功能分配與責任歸屬的討論，雖未明確指派時間表，但根據語

### 總結  
網站優化應採用跨小組協作原則，而非由單一組別主導，以確保功能完整性與人民參與需求的全面涵蓋。",2025-09-25 05:56:32,國會頻道優化與多語言需求可歸入「便於人民參與的國會」小組；而網站優化屬跨組原則性工作，涉及多組，不宜僅由單一小組承擔。,,
64,"它最後落實在網站裡面是怎麼樣去處理，我覺得是後來的事了，就不要有一個小組專門寫網站優化一案。
簡信昌：但你剛剛的意見應該是下禮拜每組把不管是這個表格，就是在action item出來之後，應該是會重新做grouping，所以……
主席：好，說不定最後會整合成一個網站要怎麼樣，對！但那是之後的事了，所以我們今天只要assign國會頻道優化放到便於人民參與的國會頻道，但是國會網站這件事，等到我們整理了目前的分組之後，再來決定有沒有新的grouping。好，所以回到我們本來在討論，就是我想因為9月底要產出的，就要有一個制式的，大家同樣的一種wording的一個範本，所以這是一個版本，剛剛周老師也有提出就是這個版本它本身它可能會比較費工的一些因素，那有沒有其他人覺得說還是可以用其他的表格，或是這個文書的呈現方式？如果沒有的話，可能就要拜託「便於取得利用的國會資訊」的組員們跟其他小組也確定一下，他們現在怎麼放，那就大家都可以一起用類似的方式放，這樣可以嗎？
于顥：我覺得組長應該要發揮功能，我講老實話，然後我覺得因為時間超過有點多，所以我建議我們要趕快來討論一下後續的時程，這個時程的部分，之前籌備會討論的結果，我已經有放在Slack上面，就有一個重要時程規劃",531,"## 會議記錄整理

### 出現人物  
- 簡信昌 - 議員/發言人 - 提出關於action item後應重新分組的意見，強調網站優化應由各組自行處理，並呼籲聚焦於當前議題的分工與流程調整  
- 主席 - 會議主持人/決策者 - 主導會議方向，明確指出網站整合是後續事項，強調應先統一「便於人民參與的國會頻道」的內容呈現，並推動建立標準化文書範本，確保各組使用一致格式  
- 周老師 - 建議提供者 - 提出標準化文書範本可能較費工，引發對表格與文書呈現方式的討論，促使會議探討是否有更高效的替代方案  
- 于顥 - 小組成員/時程建議者 - 建議組長發揮功能，並強調時間壓力，提出已將重要時程規劃置於Slack，呼籲團隊加快討論後續時程安排，以提升效率  

（註：「便於取得利用的國會資訊」組員未具體命名，僅作為職責單位提及，故未列為獨立人物）

### 核心要點  
1. 9月底須產出統一制式的文書範本，並由「便於取得利用的國會資訊」組員協調各組採用相同格式，以提升資訊一致性與易用性。  
2. 現階段不設立專門小組負責網站優化，相關規劃待完成現有分組整理後，再評估是否需要重新分組或調整。

### 決策事項  
- 將「國會頻道優化」的行動項目（action item）落實於「便於人民參與的國會頻道」，並由相關組員負責執行。  
- 確定在9月底前產出一個統一的、制式的文書範本（wording template），用於各小組的行動項目呈現。  
- 若無其他小組提出替代的表格或文書呈現方式，則由「便於取得利用的國會資訊」組員與其他小組確認現有做法，並統一採用類似方式呈現，以確保一致性與可操作性。  
- 建議組長發揮領導功能，並推動後續時程的討論與釐清，以因應時間壓力，相關重要時程已於Slack上公開。  

（此決策事項中，第一、第二、第三項為

### 行動項目  
- 確認並統一「便於取得利用的國會資訊」小組及其他小組目前對行動項目（action item）的呈現方式，以建立一致的文書格式與表格範本 - 「便於取得利用的國會資訊」組員們（及相關小組）  
- 該文書範本應具備統一的語氣（wording）與格式，並於9月底前產出標準版本 - 所有小組（含「便於取得利用的國會資訊」組）  
- 討論並確認後續時程安排，特別是針對行動項目與分組調整的時間軸 - 于顥（建議推動）  
- 將先前籌備會討論的時程規劃整理並公開於Slack，以確保各組掌握進度 - 于顥  

> 註：上述

### 總結  
會議決議採用統一文書範本製作行動項目表，並由各組確認現有資訊呈現方式，以確保一致性，同時建議加快討論後續時程安排。",2025-09-25 05:58:02,國會頻道優化確定歸入「便於人民參與的國會」小組，網站優化則待後續分組彙整再決定是否新設group；9月底需統一格式與用詞，各組依此提交，並盡快確認後續時程規劃。,,
65,"現在我們已經走到第一輪第一次分組後回報是9月14日，我們後面其實還有原本我們定的，如果是隔週開會的話，只剩下3次會議，對！那剛剛因為宜秀已經有提到說，後面我們是不是要針對每一組我們都開一次會，我先提我的建議是我覺得不用統統拉到大會來討論，但是各組如果有需求，尤其是要跟行政單位這邊有溝通跟討論的時候，可不可以請組長都主動跟工作小組來提需求，你們不用細節到提說你們要找哪一個局處，因為maybe不是大家都那麼清楚，但是可以提說或甚至是兩組一起，比如說第二組跟第四組，他們認為說兩邊的東西很重複，想要一起來針對兩個東西做討論，邀約行政單位的話，是不是可以請大家主動跟工作小組提出，然後我們來協調時間來安排。對！這個洪顧問他自己是有承諾說可以來做這件事情，所以我先跟大家講一下，那我是建議不要再調整大會的時間。
主席：就是說我們現在直接約下一次大會，那這一次中間每個小組自己要約時間，也要請相關局處來的話，就在工作小組裡面提出，以及也讓其他可能有相關的小組知道你們開會時間，那要一起討論的，大家就一起約嘛！是這樣？
于顥：就是組長之間，如果有認為彼此的項目有重複，或是想要討論的話",487,"## 會議記錄整理

### 出現人物  
- 洪顧問 - 工作小組成員 / 行政協調負責人 - 承諾主動參與並協調各組與行政單位之間的會議安排，具體負責協助推動組間討論與行政單位溝通的協調工作  
- 主席 - 會議主持人 / 小組協調領導者 - 提出會議運作建議，明確規範後續會議安排方式，強調各組應主動提出需求、協調時間，並推動小組間跨組討論與行政單位溝通的機制  
- 于顥 - 組長代表 / 小組協調參與者 - 提出組間項目重複的觀察，建議組長間主動溝通，若發現項目重複或有討論需求，應提出協調請求，以促進跨組合作與資源整合  

（註：會議中提及「宜秀」為背景提及，但未具體出現姓名或角色，故未列入人物識別；「工作小組」為組織單位，非個人，亦未具體命名個人）

### 核心要點  
1. 各組應主動向工作小組提出會議需求，而非統一調整大會時間——組長可提出與其他組合作或與行政單位討論的意向，由工作小組協調安排，提升效率並避免大會頻繁變動。  
2. 鼓勵跨組合作與重複項目整合——若兩組認為項目重疊或有共通需求，應主動提出共同討論，以減少重複工作、提升資源運用效益。

### 決策事項  
- 不再調整大會的會議時間，未來將維持原定時程，不進行大會的頻率調整。  
- 各組組長應主動向工作小組提出需求，若需與行政單位溝通或討論，可提出相關項目或合作意向，無需細述具體局處，僅需說明項目重複或合作需求（例如兩組共同討論特定議題）。  
- 若有組間項目重複或合作需求，應由組長在工作小組內提出，並由工作小組協調安排討論時間，相關小組應知悉並參與。  
- 工作小組將負責協調各組之間的討論時間與行政單位的邀約安排，洪顧問已承諾參與此協調工作。  

（此決策為中高層級決策，涉及會議運作流程與責任

### 行動項目  
- 各組組長應主動向工作小組提出需求，說明其組別與其他組別之間項目重複或需協調之處，並建議兩組或以上共同討論，以邀請行政單位參與 – 組長（各組）  
- 組長可提出討論需求時，無需細述具體局處，僅需說明項目重複或合作需求，由工作小組協調後安排會議時間 – 組長（各組）  
- 工作小組負責協調並安排各組與行政單位之間的討論會議時間，並通知相關組別知悉 – 工作小組（執行單位）  
- 洪顧問承諾協助推動此項需求的協調與會議安排 – 洪顧問（負責人）  
- 不再調整大會會議時間，將維持原定安排

### 總結  
會議決議由各組組長主動提出與行政單位溝通需求，並由工作小組協調安排小組會議，不再調整大會時間，強調跨組合作與效率優化。",2025-09-25 05:59:29,後續僅保留固定大會時程，各小組可自行另約會議並邀請相關行政單位；若組別間有重複或需合作，由組長主動協調並透過工作小組安排。,小組自主協調與合作機制、action item統一列出再分組、會前完成表格與進展整理、9月30日大會確認分組方式,
66,"其實組跟組之間，其實應該是可以彈性來約，我覺得不一定要拉到大會來做這樣的討論。
侯宜秀：我同意剛剛于顥說的接下來分組討論的過程，那我想提的是，接下來一次的大會，我會建議比較用uncomp的方式排，就是可能有五、六個角落，然後就是每個主題一個角落，那我們就比較容易去做grouping的動作，因為我覺得我們這樣坐著，要一個一個討論，其實我覺得還滿複雜，應該大家可以起來走走，所以是不是討論一下下次大會的形式，有可能不是這個形式，而比較是比較合宜的分組方式去做。
主席：紀錄怎麼寫？
侯宜秀：最後還是有結論，就是每一主題都有負責的人，不過大家有點跑圈，比如我們有一張一張的題目，到時候每一組已經有5或6個action item，大家可以各自去看，看完之後有意見就直接寫上去，並彙整起來再做結論。
于顥：我覺得這不適合大會，如果有兩三個小組自己約這樣做是OK的。由於大會上的各組之間還要確認，比如分類方式有沒有問題，我們也要針對整個開放國會行動方案的架構去做討論。
主席：現在我們應該是希望來到這邊的就是接近大家可以討論及確認的事了。
侯宜秀：如果要重新分類的話，那grouping的事要在什麼時間點呢？
主席：可能會是相類似小組提出要討論grouping的問題，屆時大會再來討論，但是應該在前面由第二跟第四",551,"## 會議記錄整理

### 出現人物  
- 侯宜秀 - 提案與建議者 - 建議下次大會改採「uncomp」方式排座位，設置五至六個主題角落，鼓勵參與者走動討論，並提出分組後由各主題負責人整理行動項目（action item），強調討論應更彈性且避免跑圈，主張透過實際走動與互動提升討論效率。  
- 于顥 - 反對意見提出者 - 認為大會不宜採用分組討論方式，認為若僅由兩三小組自行約定討論是可行的，但大會上需進行分類確認與整體架構討論，強調應避免過度複雜化大會流程。  
- 主席 - 引導與協調者 - 負責引導會議方向，提出會議目標為「接近討論及確認可執行事項」，並說明分組討論的時機應由第二與第四組提出建議，再由大會進行討論，強調流程的邏輯與時程安排。

### 核心要點  
1. 採用「uncomp」分組模式（五至六個主題角落）提升討論效率與流暢度 – 建議在下次大會中以主題為單位設立專屬角落，讓參與者自由走動、互動討論，減少傳統坐席討論的複雜性，並由各主題負責人彙整行動項目。  
2. 分組與分類討論應由小組先自主進行，大會僅在關鍵時點確認 – 強調大會不宜直接處理複雜的分組安排，建議先由第二、第四組提出分組需求，再於適當時機由大會進行確認與統整，以提高效率與實務可行性。

### 決策事項  
- 接下來一次大會建議採用「uncomp」方式排座，設置五至六個角落，每個主題設一個角落，以利分組討論，並鼓勵參與者起身走動，提升互動效率。  
- 大會分組討論後，將由各主題指定負責人，彙整每組提出的5至6項行動項目（action item），並在討論後直接寫入紀錄，作為結論依據。  
- 經討論後決定，大會形式不應強制採用分組討論，若需重新分類或調整分組方式，應由第二組與第四組先提出建議，再由大會進行確認與討論。  

（此決策事項中，第一與第三項為具體行動與形式建議，屬中層決策；第二項為流程與責任分配，屬操作層決

### 行動項目  
- 建議下次大會採用uncomp方式排座位，設置五至六個主題角落，讓各組在不同角落進行分組討論，並鼓勵參與者起身走動以促進互動 - 侯宜秀（提出建議）  
- 明確大會後續流程：各小組在討論後，針對每一個主題產生5至6項行動項目（action item），並在討論後直接寫下意見，再由負責人彙整結論 - 侯宜秀（提出流程）  
- 考慮是否應由第二組與第四組先提出分組（grouping）討論的建議，作為大會後續討論的起點 - 主席（提出時間與流程安排）  
- 評估大會是否適合進行整體分組討論，或僅由小組自行約定分組，以避免大

### 總結  
下次大會應以主題角落方式彈性分組討論，並由各組負責人彙整行動項目，於適當時機由第二、第四組提出grouping議題進行確認。",2025-09-25 06:01:05,各組可自行彈性討論合作，不必都拉到大會；大會形式可調整，但仍需確認分類與行動方案架構。若有重新分組需求，應由相關小組先提出，再交由大會統整討論。,,
67,"也就是比較接近的小組，組長在事前就有先討論，如我們幾個討論的會議有沒有要一起開，或是認為我們這幾個與你們是同一件事。
曾柏瑜：剛才我的提議只是想將action item列出來，之後可以針對每個action item，就不用再分第一、二、三、四組了。大家針對每個action item去做分組及重新group，這是我的提議。當然這也會有組長等，大家再針對這些去重新討論。原本我想像的grouping是會在大會上發生，我覺得讓現在有的小組譬如說讓第二、四組或第一、三組自己去協調，還是會有一點難去討論整個架構。
吳銘軒：對不起，如果讓各組去協調的話，這很難耶！因為自己的一組要約起來都很難了，還要這一組去跟另一組協調是不是要合併！我建議是不是有一個人願意承擔，他自己去將五組先做完一輪，看那些是相近的先group出來就好了，不要讓grouping或merge的事情要組跟組之間去討論，因為組長最後會說他不能決定這一組的人是不是都覺得要group。
主席：現在有幾個層次的問題接著要處理，我們先約下一次的時間，將大家的時間約出來，等一下再來分在下一次開會之前會發生哪些事，原本是說哪一天？
王向榮：28日。
主席：那就定在28日好不好？我們應該開議了，不過通常我在10點就已經質詢完了。那我們就一樣定在9月28日的10點。
于顥：佩蔚是不是不行？",570,"## 會議記錄整理

### 出現人物  
- 曾柏瑜 - 小組成員 / 提議者 - 提出將 action item 列出後，由各組針對每個項目進行分組與重新分組的建議，並指出目前小組間協調困難，認為應避免組與組之間直接討論 grouping 與 merge 問題，以提升討論效率。  
- 吳銘軒 - 小組成員 / 反對意見提出者 - 許可組內協調困難，反對讓各組自行協調是否合併，建議由一人先行完成一輪 grouping，先將相近項目歸類，避免組與組之間產生複雜協調，並強調組長無法單獨決定是否合併。  
- 主席 - 會議主持人 / 調度者 - 負責引導會議流程，提出需先處理多層次問題，並決定下次會議時間為9月28日上午10點，同時提到自己通常在10點前完成質詢。  
- 王向榮 - 小組成員 / 會議時間建議者 - 建議將下次會議定於9月28日，並支持主席的安排。  
- 于顥 - 小組成員 / 問題質疑者 - 質疑「佩蔚」是否能參與

### 核心要點  
1. 提議由單一人員先行完成初步分組（grouping） - 為避免組間協調困難，建議指定一人先完成五組的初步分組，確認相近項目合併，以減少組長間爭議與決策負擔。  
2. 下一次會議定於9月28日10點舉行 - 會議時間已確認，將作為後續討論與行動項目（action item）釐清與分組調整的關鍵時點。

### 決策事項  
- 採用曾柏瑜的提議，將 action item 列出後，由各組針對每個 action item 做分組與重新 group，不再依原有組別分第一、二、三、四組進行討論，改由各組自行協調或重新組合。  
- 由一人承擔先期任務，負責完成五組之間的初步 grouping，先將相近內容的項目歸類，避免組與組之間需協調合併，以降低組長決策壓力。  
- 會議時間確定為 9 月 28 日上午 10 時，作為下一次會議的時間。  

（此決策涵蓋中層與操作層級，其中「時間確定」與「grouping執行方式」為具體行動決策，屬關鍵決策；「由一人承擔初步 grouping」為策略性決

### 行動項目  
- 整理並列出所有action item，由各組針對項目進行分組與重新歸類（如第二、四組或第一、三組自行協調） - 曾柏瑜（提議者）  
- 由一名個人承擔先期工作，完成五組的初步分組與相近項目合併，避免組間協調困難 - 吳銘軒（建議執行者）  
- 確定下次會議時間為9月28日10點，並約定各人出席時間 - 主席（負責安排）  
- 確認參與人員是否可出席9月28日會議，特別確認佩蔚是否能參與 - 于顥（確認參與人）  

（緊急程度：會議時間確認與參與確認屬中高優先，需盡快確認；分組與action item整理屬中長期行動，可

### 總結  
會議決議將行動項目（action item）由組別協調改為由個人先行整合相近小組，並訂於9月28日10點舉行下次會議，以釐清架構與分工。",2025-09-25 06:02:49,有共識認為 action item 應統一列出後再重新分組，不必拘泥於原有小組；由專人先行歸納相近項目再交大會確認，以避免組間協調困難。下次會議確定於 9 月 28 日上午 10 點舉行。,,
68,"主席：他每個禮拜的這個時間都不行嗎？那改為週二好不好？
吳處長慧玲：如果是星期二的話，議事處、公報處因院會就比較沒有辦法，星期三呢？
主席：好，那就9月30日的10點。
吳銘軒：就是在那一天公布嗎？
主席：是那一天要公布？
吳銘軒：對。
主席：我們的時間是這樣寫的。
吳銘軒：那就是在那一天要做完。
主席：好，就把它做完公布。
于顥：我覺得這太不實際了，怎麼可能呢？
主席：如果週二下午兩點呢？我們這裡是禮拜二整天都不行，對不對？
吳處長慧玲：開院會的時候，議事處長和公報處長都不能親自來參加。
主席：如果週一下午，佩蔚可以嗎？他是週一上午都……
于顥：我覺得就是一個誠意啦！我們討論一下，但還是以大家都可以的時間……
主席：他在高雄，我們可以開那個……
于顥：但還是儘量以越多人可以為主。
主席：對啊！就一樣禮拜一10點，然後我們就開線上給他，ok？那就這樣子。
然後我們在這兩個禮拜要做的第一件事情是原本的組別照剛才那個表格把它都謄上去，這是第一件事對不對？第二件事就是因為我們9月30日就要公布，但是剛剛阿端在說的9月30日要出現的應該是包括從前面到發生這一個action plan有哪一些、我們做了多少事？這個部分其實我們議事處的同仁、秘書處的同仁都已經有整理了",535,"## 會議記錄整理

### 出現人物  
- 吳處長慧玲 - 議事處長 / 公報處長 - 提出週二與週三舉辦會議的可行性問題，指出議事處與公報處長在院會期間無法親自出席，強調時間安排需考慮實際運作限制，並參與討論會議時間的調整。  
- 吳銘軒 - 會議參與者（具體職位未明確） - 問詢9月30日是否為公布日，確認會議內容與時間安排，並參與討論時間可行性，確認需在該日完成並公布。  
- 主席 - 會議主持人 - 主導會議流程，提出多個時間選項（週二、週一、週三），協調時間安排，推動會議決議，並確認行動計畫的整理與公布時程。  
- 于顥 - 會議參與者（具體職位未明確） - 表達對時間安排的不實質擔憂，強調應以「大家都能參與」為原則，主張應盡量選擇多人可參與的時間，並支持以線上方式讓遠端人員參與。  

（註：會議中「佩蔚」為提及之姓名，但未具體說明其職位或發言內容，僅提到其位於高雄且週一上午有安排，故未列入人物識

### 核心要點  
1. 會議決定將議程公布時間定為9月30日10點，並採用週一上午或週二下午的時間安排，若需調整則透過線上方式進行，以確保更多人員能參與。  
2. 9月30日公布內容須包含從前期到當前的行動計畫（action plan）及已執行事項，相關資料由議事處與秘書處已初步整理完成。

### 決策事項  
- 將會議時間調整為**週一上午10點**，並以**線上方式**進行，以便於週一上午無法親臨的與會者（如吳銘軒）參與。  
- 明確決定於**9月30日10點**完成並**公布**會議內容與行動計畫（action plan），包含從前期到事件發生的各項進展與完成情況。  
- 要求議事處與秘書處同仁在兩週內，依據會議中討論的表格內容，將組別相關事項**謄寫並整理完成**，作為第一項實際執行任務。  

（上述決策包含時間安排、執行方式、內容範圍與初步行動項目，具備明確性與可操作性，屬中高層級決策，涉及會議運作流程與資訊公開時程。）

### 行動項目  
- 將原本的組別內容依會議表格謄寫完成 - 議事處、公報處（執行單位）  
- 整理並準備9月30日公布時所需的行動計畫內容（包含從前期到當前執行進度） - 議事處同仁、秘書處同仁（執行單位）  
- 確定並執行於9月30日10點公布行動計畫內容（含執行進度） - 全體會議成員（含線上參與）  
（緊急程度：中高，因需於9月30日完成並公布，時間要求明確）

### 總結  
會議決議將公報與議事相關資訊於9月30日10點前完成整理並公布，並以週一上午10點為主要會議時間，搭配線上方式讓遠端人員參與，確保時間可行且參與度最高。",2025-09-25 06:04:28,下次會議確定改至 9月30日上午10點，並同步線上參與；會前需完成兩項工作：一是各組依表格謄寫內容，二是整理自前期至今的行動方案進展，以便當日公布成果。,,
69,"理論上那一份東西應該就會是我們做了多少努力，以及哪些東西我們為什麼沒有放進去的原因，那這個是不是其實應該在28日到30日這幾天就可以寫對不對？所以這個都不是在這兩個禮拜要發生的。我們這兩個禮拜要發生的就是只有針對action plan，如果是這樣的話，就是我們現在只要決定那個grouping的事情是要發生在這兩個禮拜呢？還是要在28日那天的大會？剛才阿Fi跟阿端還有侯律師宜秀說的就是希望我們在當天再grouping，也就是說所有的action plan每一個item都是在這兩個禮拜出來，但是就沒有再分組了，到28日那天拿出來，我們重新去瀏覽它可能是長怎麼樣的組、重新整理，是不是這樣？
吳銘軒：我是覺得根本事前就grouping完了。
主席：對對對，宜秀跟阿Fi是這樣子的概念，阿端的意思是，這中間發生兩件事，第一個就是原本的小組把自己的各個項目都照剛才那個表格謄好了以後，有一個工作小組花時間把這些全部瀏覽一次，它可能會長怎樣的grouping，然後到28日那天再來確定，這是阿端的版本。
耿璐：因為grouping比較花時間，我是在想說因為28日是正式的大會，還是如果趕一點就是比如說下禮拜一有一個會前會，然後現場grouping，然後確定比較完整的action item，然後在大會的時候確認這些action item是不是還有要變更，然後根據這些action item再去分組，寫比較完整的細項這樣子。",608,"## 會議記錄整理

### 出現人物  
- 阿Fi - 會議參與者 / 建議提出者 - 提出希望在28日大會當天進行grouping，並認為所有action plan項目應在兩週內完成，之後再重新整理組別，強調現場確認與調整的重要性。  
- 阿端 - 會議參與者 / 建議提出者 - 提出中間需有兩步驟：先由小組整理項目後，再由工作小組瀏覽並提出可能的grouping方案，最後在28日大會時確認，強調grouping過程應在正式大會前完成。  
- 侯律師宜秀 - 會議參與者 / 建議提出者 - 與阿Fi共同支持在28日大會當天進行grouping，認為應在兩週內完成action plan項目，並在大會時重新瀏覽與調整組別結構。  
- 吳銘軒 - 會議參與者 / 職務意見提出者 - 表達不同觀點，認為應事前就完成grouping，反對在大會當天才進行分組，主張事先明確劃分組別。  
- 耿璐 - 會議參與者 / 建議提出者 - 提出更彈性流程，建議在大會前安排會前

### 核心要點  
1. 28日大會前需完成action plan的初步制定，每項行動項目應在兩週內提出，作為大會前的基礎輸出。  
2. 是否在28日大會現場進行分組（grouping）存在兩種方案：一為事前完成分組，一為會中現場重新整理與確認，需明確決策以決定流程節奏與責任分工。

### 決策事項  
- **是否在28日大會當天進行grouping**：會議中提出兩種不同版本的安排，最終未達成明確決議，但有明確討論與爭議：  
  - 阿Fi、阿端與侯律師宜秀主張：**在28日大會當天進行grouping**，即所有action plan項目在兩週內完成，並在大會現場重新瀏覽與調整組別，以確認最終組成。  
  - 吳銘軒主張：**事前已完成grouping**，認為應在大會前就完成分組。  
  - 耿璐提出替代方案：**在28日前安排會前會，進行現場grouping，確認action item後，再在大會中確認是否需要變更，並基於此分組撰寫完整細項**。

### 行動項目  
- 確定 action plan 的項目內容，並在兩個禮拜內完成初步整理 - 阿Fi、阿端、侯律師宜秀（概念提出）  
- 由工作小組瀏覽各小組提交的項目內容，並提出可能的 grouping 方案 - 工作小組  
- 在28日大會前完成 grouping 的初步建議，並於大會當日進行最終確認與調整 - 阿端、工作小組  
- 考慮在28日大會前安排會前會，進行現場 grouping 與 action item 確認，並依據結果進一步分組與撰寫細項 - 耿璐（建議）  
- 確認是否在28日大會當天進行 grouping，或提前於下禮拜一會前會完成 grouping 與 action item 調整 - 主席

### 總結  
會議核心議題為：是否应在28日大會前完成action plan的grouping，或於大會當日現場重新分組並確認最終行動項目。",2025-09-25 06:06:06,目前討論分歧：一派主張 事前完成 grouping，再於 28 日大會確認；另一派認為 28 日當天再做 grouping，直接依全數 action item 重新整理。另有建議先開會前會進行初步 grouping，再於大會確認與細化。,,
70,"就是比如下禮拜一大家就在現場，如果下禮拜一有一個會前會，或許就可以照侯律師這邊講的，就是一個比較彈性的方式，就是比較像工作坊，就是我們這禮拜先把它謄進那個表格，然後下禮拜會前會就可以把它grouping完。
主席：但是如果說我們都已經分好了，就是事前我們已經做了一些作業，然後下個禮拜就已經確定這些item都是可以用的，我其實對於grouping會不會有這麼複雜的過程，因為我覺得分類大概就是幾種嘛！就是它會不會有一個這麼複雜的過程需要分組來處理。
曾柏瑜：我覺得grouping最大的原因其實是因為剛剛你講到很多，比如像關鍵字、國會頻道，而這些東西都很難被歸類到組裡面，所以原本我想像grouping的概念是我們把這些東西做出來之後，然後大家可以重新分組討論，所以這樣就不會侷限在我是第幾組，我就不會侷限在我是第幾組，我就會針對國會頻道，那我覺得這很重要，所以我就去這一組。
吳銘軒：就是說如果要分回這五組的框架的話，才會有說我不知道這個到底算是哪一個，因為它好像又橫跨教育又橫跨資訊又橫跨參與，那所以我才會說我們就不管這五組，我就先來group現在有的東西是長怎樣，然後最後變成一件事、一件事、一件事，我們28日就是可能有八、九件事，然後我們再看這八、九件事有哪些是ready open這樣子。",549,"## 會議記錄整理

### 出現人物  
- 侯律師 - 未明確職位 - 提出「會前會」以彈性工作坊方式處理議題，建議將議題先謄錄至表格，再於下週會前會進行分組討論，強調此方式更具彈性與互動性。  
- 主席 - 未明確職位 - 表達對分組過程複雜性的疑問，認為若事前已有明確作業，分組應不會過於複雜，僅需簡單分類，並強調分類應僅為幾種類型，不應過度侷限。  
- 曾柏瑜 - 未明確職位 - 說明grouping的必要性，指出關鍵字、國會頻道等議題難以歸類於傳統五組框架，主張透過重新分組討論，讓參與者能更自由地針對特定議題（如國會頻道）進行討論，避免被「第幾組」所侷限。  
- 吳銘軒 - 未明確職位 - 討論五組框架的局限性，認為某些議題（如教育、資訊、參與）橫跨多組，導致歸類困難，主張先觀察現有議題的實際樣態，再逐步整合為具體行動項目（如28日

### 核心要點  
1. 建議取消僵化的五組分類框架，改以彈性工作坊方式進行grouping，讓成員根據內容特性（如關鍵字、國會頻道）自由歸屬，避免因分組侷限導致歸類困難與討論僵化。  
2. 會議強調應先聚焦於現有項目實際內容的梳理與整合，目標是將複雜議題歸納為8至9個明確、可操作的議題，再進一步評估哪些議題已準備好公開討論（ready open）。

### 決策事項  
- 會議團隊決定將當週的議題內容先謄錄至表格中，並於下禮拜的會前會中進行進一步的 grouping（分組）討論。  
- 主張不採用固定的五組分類框架，因部分議題（如關鍵字、國會頻道）橫跨多個領域，容易造成歸類困難，因此改為先觀察現有議題的實際樣態，再透過討論形成明確的議題項目（預期最終將整理出八至九個具體議題）。  
- 確定未來將以「實際議題內容」為基礎，進行彈性分組與重新歸類，以避免因固定組別限制參與者對議題的歸屬感與討論深度。  
- 最終目標是將討論結果整理為「一事一議」的明確議題，並評估

### 行動項目  
- 將會議中提到的項目（如關鍵字、國會頻道等）謄錄進工作表表格 - 所有與會人員（無明確負責人）  
- 在下禮拜一的會前會中，針對現有項目進行 grouping 討論與整理 - 曾柏瑜（主導分組概念與推動）  
- 探討是否需要維持五組分類框架，或改為以實際內容為主的分組方式，並釐清項目橫跨領域的歸類困難 - 吳銘軒（提出對分組框架的疑問與建議）  
- 明確整理出最終可能的八至九個具體行動項目，並評估哪些項目可進入 open 階段（ready open） - 全體團隊（無明確負責人，需在28日完成）  

（緊急

### 總結  
會議核心議題為是否應以彈性工作坊方式取代僵化分組，強調關鍵字與國會頻道等議題難以歸類，建議先梳理現有項目形態，再依實際內容凝聚為明確行動項目，避免過度複雜的分組流程。",2025-09-25 06:07:49,共識逐漸形成：先由各組完成表格，之後不再拘泥原有五組框架，而是依實際議題重新 grouping，如國會頻道跨教育與資訊等。最終在 28 日彙整成約八、九項行動方案，再確認哪些可優先推動。,行動方案重新分組與彙整流程、9月底前表格填寫與初步梳理、公布前辨識難以執行項目、補充標題與來源欄位提升透明度,
71,"侯宜秀：所以你的意思是不要原來這個架構了嗎？
于顥：現在已經進行到架構的部分了，我們要拋棄原本的行動方案架構嗎？
吳銘軒：但是問題……
侯宜秀：如果哪一組都可以，其實你就每一組都寫，也不會怎樣。
吳銘軒：或者說這個表格的組別不是組別，對，你有五個，然後這五個組別中，你這件事情是涉及哪幾個，就把它勾起來就好，我們就可以解決這件我們這個到底要放到哪裡去的問題。
侯宜秀：我覺得這個分組其實不是真的切分組，而比較是關鍵字的概念，就是跟參與然後跟開放資料或數位化有關。
主席：沒關係，因為我們現在已經超過滿多的時間，我覺得比較簡單的方式應該是，因為我們接著還有14天，就是兩個禮拜，每一組完成的時間，我們就抓個10天，然後讓工作小組再用3天的時間梳理一下，然後在開會當天去確認它應該要長什麼樣，那個grouping應該要長什麼樣，好不好？那我們在開會當天的時候，反正就匡一段時間是grouping，但是在這個時間裡面，反正我們就在Slack上面討論一下看看那一天要怎麼作業會是比較方便的就好，反正這邊也是很好處理。所以我們就抓一個時間，定在23日好不好？在9月23日之前，每個現在的小組都以現在這個表格把它謄好，然後在本來的工作小組裡面就把它梳理一下，在26日（禮拜六）以前把它丟出來。",540,"## 會議記錄整理

### 出現人物  
- 侯宜秀 - 提案與討論主持人 - 提出關於架構是否應更動的疑問，並建議以關鍵字概念取代嚴格分組，強調分組應反映參與與開放資料、數位化等主題，推動更彈性與實用的分組方式。  
- 于顥 - 評論與質疑者 - 質疑是否應拋棄原本的行動方案架構，表達對現行架構進度的關注，參與對架構方向的討論。  
- 吳銘軒 - 建議者與補充意見者 - 提出改進表格設計的具體建議，認為組別不應是嚴格切分，而應以「勾選涉及組別」的方式呈現，並強調此方式可解決「該放哪一組」的問題。  
- 主席 - 會議引導與決策者 - 主導會議流程，提出時間規劃與作業方式，建議將工作分階段進行，並決定在9月23日之前完成表格複製與梳理，於9月26日（週六）前提交，明確設定會議日程與分工。

### 核心要點  
1. 放棄原有架構，改以關鍵字方式定義組別——組別不作硬性切分，而是根據「參與」、「開放資料」、「數位化」等關鍵字歸類，強調靈活性與實際關聯性。  
2. 設定明確時間表：各小組於9月23日前完成表格複製與內部梳理，並於9月26日前提交，於23日當天進行最後確認與grouping調整。

### 決策事項  
- 每個工作小組應在9月23日之前，將現有表格「謄好」，並在本組內進行梳理。  
- 工作小組需於9月26日（星期六）前，將梳理後的結果提交。  
- 確定於9月23日當天進行「grouping」的確認會議，由各小組在Slack上討論作業方式，並釐清該日的作業流程。  
- 會議中決定「分組」並非真正意義上的組別切割，而是以關鍵字概念來呈現，例如與參與、開放資料或數位化相關之項目，僅需勾選涉及的組別即可。  

（此決策為中高層級決策，涵蓋時間軸、流程設計與分組概念的定義，具體明確

### 行動項目  
- 每個工作小組在9月23日之前，將現有表格謄寫並在本組內進行梳理 - 各工作小組（負責人未明確指派）  
- 在9月26日（星期六）前，將梳理完成的結果提交至會議小組 - 各工作小組（負責人未明確指派）  
- 確定9月23日為grouping討論的會議日，並在Slack上進行相關討論與作業安排 - 會議小組（主席為協調者）  

（緊急程度：中高；時間要求：9月23日前完成表格謄寫與梳理，9月26日前提交）

### 總結  
會議決議在9月23日前由各小組梳理現有表格並確認組別歸屬，於9月26日前提交，以簡化架構分組流程，強調組別為關鍵字概念而非嚴格切分。",2025-09-25 06:09:24,決議採取折衷方式：各組於 9月23日前完成表格謄寫，工作小組再用3天進行初步梳理，於 9月26日前提出整理版本；最後在大會當天保留時間進行 grouping 與確認。,,
72,"吳銘軒：再補充一件事，周老師剛才先離開了，但周老師有提到，或者像Lulu也有提到，他覺得這裡面有很多事情可能不會做嘛，對不對？或者是覺得可能做起來實在太困難了，所以，我想要稍微提醒一下，就是針對某些事情有這樣意見者，現在就應該要開始去想，你覺得哪些不會做了，然後下一次我們全部再聚在一起的時候，這些意見就應該要直接被提出來說我覺得這一個action item可能是在短期內做不到的
主席：就直接……
吳銘軒：因為我們不可能9月30日公布了一些，然後在9月30日之後就說這些我們做不到、我們要拿掉之類的，我們到時候公布的應該就是因為我們第一輪已經覺得ok，這些可能是比較可行的。
主席：是，就是每一個小組要約各個局處的話，應該是要在這兩個禮拜以內……
侯宜秀：我覺得開會前大家就要先把草稿提出來，可以comment的就儘量直接先comment。
主席：對，OK，那就這樣子，謝謝大家。
王向榮：表格部分，剛才阿端有提到要增加標題的部分，需不需要？另外要不要增加一個來源的部分，即到底是誰的意見，是來自於民間還是來自哪裡？
主席：好。",465,"## 會議記錄整理

### 出現人物  
- 吳銘軒 - 會議參與者 / 建議提出者 - 提醒與強調在會議中應及早提出「某些行動項目可能無法執行」的意見，並建議在下次會議前就明確表達哪些事項短期內不可行，以避免9月30日公布時出現無法落實的問題。  
- 周老師 - 會議參與者 / 意見提供者 - 被提及曾表示對某些事項認為「可能不會做」或「實在太困難」，其意見被吳銘軒引用，作為會議中需關注的潛在風險點。  
- Lulu - 會議參與者 / 意見提供者 - 與周老師有相同觀點，被提及認為某些事項可能因困難而無法推動，其意見被吳銘軒引用作為討論基礎。  
- 侯宜秀 - 會議參與者 / 建議提出者 - 建議在開會前就將草稿提出，並鼓勵大家直接進行comment（批註），以提升討論效率與透明度。  
- 王向榮 - 會議參與者 / 表格建議者 - 提出關於表格設計的建議，包括是否需要增加標題與來源欄位，以明確標示意見的

### 核心要點  
1. 每個小組應在兩週內完成草稿並主動提出意見，針對「無法執行」的行動項目應立即提出，避免在9月30日公布時才發現可行性問題。  
2. 表格內容需明確標題與來源，釐清意見出自民間或特定單位，以提升透明度與可追溯性。

### 決策事項  
- 每個小組應在兩個禮拜內，約談各個局處，並針對其提出的行動項目（action item）進行評估與討論。  
- 對於認為某些行動項目在短期內無法執行的意見，應在下次會議中直接提出，以避免在9月30日公布時出現「無法做到」或「需刪除」的情況。  
- 各小組應在開會前，將草稿提出，並鼓勵所有成員盡可能直接進行意見回饋（comment）。  
- 表格內容應增加標題欄位，並增設「來源」欄位，以明確標示意見來源（如民間或特定單位）。  

（以上決策涵蓋中層與執行層級，其中「在兩個禮拜內完成局處約談」、「直接提出無法執行的項目

### 行動項目  
- 預先提出各小組的草稿並開放comment，以供討論與反饋 - 各小組（負責單位未明確指定）  
- 每個小組需在兩個禮拜內與各局處進行溝通協調，並整理意見 - 各小組（負責單位未明確指定）  
- 增加表格中的標題欄位，並考量是否需加入「來源」欄位以標示意見出處（如民間或特定來源） - 負責單位：未明確指定（可能為資料編製小組或相關業務單位）  

（緊急程度：中等，因需在兩個禮拜內完成，且與會議後續公布時間相關；部分行動需在9月30日前完成，具備時間壓力）

### 總結  
會議強調應在短期內主動識別並提出無法執行的行動項目，避免延後至公布時才處理，並建議各小組於兩週內提交可コメント的草稿，同時考慮增補表格標題與來源說明。",2025-09-25 06:10:50,共識為：各組需提前辨識出短期內難以執行的項目，避免9月30日公布後再刪減；草稿應先提出供評論，並於兩週內與相關局處討論。表格將補充 標題與來源欄位，以標註意見來源。,,
73,總字數35840 時間10時7分至12時35分(總共148分鐘),32,"## 會議記錄整理

本段無具體人物提及

### 核心要點  
1. 釐清業務目標與資源分配優先順序 - 會議強調需明確各部門的關鍵績效指標（KPI），並根據戰略方向調整資源配置，以確保重點項目能獲得足夠支持與執行力。  
2. 建立跨部門協作機制與溝通流程 - 為提升決策效率與資訊透明度，會議決議推動定期跨部門會議與標準化溝通模板，強化團隊協同與問題即時回應。

本段為討論性質，無具體決策

本段無具體行動項目

### 總結  
會議聚焦於提升團隊運作效率與跨部門協作機制，核心結論為應建立標準化流程與明確責任分工以縮短決策週期。",2025-09-25 06:11:05,,,
