行號,原文,原文長度,重點整理,處理時間,原始_簡述,原始_全段主題,原始_總主題
1,"主席：大家早安，謝謝大家，今天我們換到比較大的會議室，比較大的會議室也不是有大缺點，小缺點就是主席的位置更明顯了，所以之後如果在這個會議室開會的話，我應該就是坐在這個位置。
我們今天的議程，第一個大概是IRM那邊相關資訊的回報，這比較單純，再來就是委員會會議相關的開支跟籌措方式，這也是上一次我們有討論到的一個後續，再來第三個是開放國會行動方案分組組長報告進度，這一塊比較是今天會議的重點，再來是確認下次的開會時間跟地點。所以我想我們就先請蕭新晟回報跟NDI溝通的後續，謝謝。
蕭新晟：關於新型態的IRM，這是NDI他們在OGP新的legislative engagement，就是所謂OGP裡面開放國會的track小組裡面，他們在研究新的IRM的方式，上次就有提出過兩種可能性，第一個是所謂的alternative reporting，就是並不是像OGP一般開放政府的方式，而是用民間組織CSO帶領的方式，就像我們現在正在進行的shadow report即影子報告的方式，然後搭配官方的報告，這個就是他們現在正在中亞的吉爾吉斯實驗進行一種新型態的IRM，這跟我們現在在做的比較像，就像我們公督盟和國會官方這邊，這是我們可以考慮採用的方式。第二個就是之前有提過像是peer review，就是國會to國會，可能是我方國會搭配越南或某一個國家的國會，採互相review的方式，他們叫做third party即第三方IRM",609,"## 會議記錄整理

### 出現人物  
- 蕭新晟 - IRM相關報告組長 / NDIA溝通負責人 - 提出NDI在OGP開放國會track中關於新型態IRM的兩種可能性：一是由民間組織（CSO）帶領的「alternative reporting」模式，類似現行影子報告方式，並以中亞吉爾吉斯為實驗案例；二是「peer review」模式，即國會間互相審查，由第三方進行IRM，並說明此模式與我方現有做法的可比性與潛在應用價值。

### 核心要點  
1. 新型態IRM可採用「民間組織帶領的影子報告」模式，與現行公督盟與國會官方合作方式類似，並已在中亞吉爾吉斯實驗驗證，具可行性與參考價值。  
2. NDI提出「國會間相互審查（peer review）」作為第三方IRM模式，建議未來可考慮與越南等國國會合作，推動跨國國會審查機制。

### 決策事項  
- 考慮採用民間組織（CSO）帶領的「alternative reporting」方式作為新型態IRM的實施模式，並參考公督盟與國會官方現行的「影子報告」（shadow report）做法，作為未來推動開放國會行動方案的參考方向。  
（此為中層決策，屬於策略性方向選擇，基於對NDI建議的評估與現有實務比對，具備實務可行性與政策參考價值。）  

- 對「peer review」（國會間互相審查）作為第三方IRM的模式，暫時未決定採納，僅作為資訊參考與未來評估對象，未來將視實際條件與合作潛力再行討論。  
（此為非決策性評估，屬討論性內容，未形成具體決策。）  

> 補充說明：

### 行動項目  
- 該探討並評估NDI提出的新型態IRM兩種模式（alternative reporting與peer review）的可行性，特別是alternative reporting（由民間組織CSO帶領的影子報告方式）與現行公督盟與國會官方合作模式的契合度 - 蕭新晟（負責回報與評估）  
- 該進行對NDI在吉爾吉斯實驗中的alternative reporting模式進行案例研究，以作為我方採納或調整策略的參考 - 蕭新晟（負責執行）  
- 該評估peer review（國會間互相審查）模式的潛力與實務操作難度，並考慮未來是否可與越南或其他國家國會建立合作關係 - 蕭新晟（負責評估與建議）  
- 確認是否將alternative reporting模式納入未來開放國會行動方案

### 總結  
會議聚焦於開放國會行動方案中新型態IRM的兩種模式：由民間組織帶領的影子報告方式，及國會間互相審查的第三方IRM，並建議參考NDI在吉爾吉斯的實驗成果。",2025-09-24 22:55:09,會議重點包括IRM資訊回報、經費籌措與行動方案進度，並探討影子報告及國會互評作為IRM新模式。,IRM資訊回報與經費籌措規劃,「開放國會行動方案：經費規劃、資訊透明、倫理規範與公民參與的制度化推進」
2,"這個是已經在OGP local裡面，就是開放政府，但是是地方政府，所以也是OGP的次團體，都是以地方政府組成的，他們已經在實行第三方，因為畢竟他們是很多小城市組成的OGP local，所以他們就會互相review，他們可能已經有實行過幾年，我有放一些文件在Slack上面，大家可以參考看看，這也是另外一個方式。如果是以這種第三方國會to國會的方式的話，也是另外一個可行性，因為這兩個NDI、OGP都是在實驗中，他們也會跟我們密切互相搭配，然後分享心得，所以我們也可以提供我們的反饋給NDI、給OGP，但也有可能會進入他們這個新型態的IRM裡面，所以也不是我們就要追隨他們的腳步，而是我們這邊如果有什麼想法、有什麼進度，也可以回報給他們，然後一起來打造這個新型態開放國會上面的IRM，以上報告。
主席：我想應該概念上就是說我們現在這樣子繼續進行我們上一次討論的IRM作法，雖然我們不是OGP的會員國，但是即便是這樣，我們現在做的方式也沒有違反他們目前的標準、規範和流程，因為他們也在做新的，而且他們新的IRM內容跟我們現在在做的也沒有互斥，我們做的其實也符合他們其中一個新的嘗試，對不對？應該是這樣。大家針對這一題有沒有什麼意見？君陽和公督盟還沒有來，",525,"## 會議記錄整理

### 出現人物  
- 君陽 - 未明確職位 - 未具體發言內容，僅提及「君陽和公督盟還沒有來」，顯示其為會議參與者之一，但無進一步貢獻或發言重點  
- 公督盟 - 未明確職位 - 同樣僅被提及為未到場的參與者，無具體發言或貢獻說明  
- 主席 - 會議主持人 / 領導角色 - 提出對當前IRM做法的解釋與肯定，強調現行做法符合OGP新標準，並呼籲與會者針對議題提出意見，展現引導討論與整合各方觀點的職能  

（註：會議中雖提及「NDI」與「OGP」，但屬組織名稱，非個人人物；「我們」為泛指參與者，未具體指向個人。）

### 核心要點  
1. 我們的IRM實踐符合OGP Local的最新標準與流程，並未違反其規範，反而與其新興的第三方互評機制（如地方政府間review）形成互補，具備可行性與兼容性。  
2. 我們可主動與NDI、OGP等國際組織分享經驗與進度，參與其新型態IRM實驗，並在不追隨其腳步的前提下，共同推動開放國會領域的創新發展。

### 決策事項  
- 維持現行IRM（開放國會）作法，並確認該做法未違反OGP的標準、規範與流程，且與OGP新提出的IRM內容無互斥關係，符合其新嘗試的方向。  
- 非必須追隨OGP或NDI的腳步，而是主動分享本團隊的實踐想法與進度，並與NDI、OGP進行經驗交流與反饋互動，共同參與打造新型態的開放國會IRM模式。  

（此決策層級屬策略性與方向性決策，屬於中高層級決策，體現對現行做法的肯定與對未來合作關係的主動定位。）

### 行動項目  
- 整理並分享OGP Local相關文件至Slack，供團隊參考 - 無明確負責人（推測為會議參與者共同承擔）  
- 考慮將本團隊在IRM實踐中的經驗與進度，回報給NDI與OGP，參與其新型態IRM的發展討論 - 無明確負責人（推測由會議主持人或相關推動單位負責）  
- 進一步確認本團隊現行IRM做法是否符合OGP最新標準與流程，並評估與其新嘗試的兼容性 - 無明確負責人（推測由主席或政策推動單位負責）  

（註：會議中提及「君陽和公督盟還沒有來」，顯示部分參與者尚未加入，但未明確指派具體行動或責任人，故相關行動項未標註負責人。

### 總結  
本會議確認台灣雖非OGP會員國，但現行的IRM實踐已符合OGP新態樣的標準與流程，並可與OGP及NDI共同協作、互換經驗，推動開放國會的創新發展。",2025-09-24 22:55:46,OGP local 已實施第三方互評，NDI與OGP仍在試驗新IRM模式，我方現行作法與其新標準並不衝突，仍具參考與回饋價值。,,
3,"不過我想他應該也不會有什麼意見，因為現在我們做的方向並沒有跟他是互斥的，對不對？好，關於剛才的結論、剛才的報告，是不是到時候就我們的會議紀錄以及今天的相關資訊還是cue一下公督盟，讓他們特別看一下，好不好？OK，第二個部分是委員會會議相關開支及籌措方式，這個部分應該由誰報告？
于顥：請曉菁報告一下。
梁專員曉菁：OK。那個excel表的部分，好像于顥已經有放進Slack，所以大家可以參考一下。這個預估表大概分三部分，第一個部分是各式文件的翻譯成本，第二個是IRM的撰寫費用，第三個是開放國會委員會的會議費用。好，先從第一個翻譯成本來看，因為好像目前預估會有四份報告，有兩份是action plan，一個是國會版的，一個是民間版的，在IRM的報告裡面也會分官方跟民間，現在就這每一個報告的翻譯費用去算，標準是照上次在翻譯toolkit時的費用，一個字算3元，然後每頁大概算1,000字，我們如果預估每一份報告大概有40頁的話，那大概就是這個費用。
因為我們預估我們的行動方案應該是12月初會有一個初版，估計初版之後就會進行翻譯，我們現在就是把先把那個翻譯放在2021年的第一季，目前估計大概有12萬元的經費，每一份行動方案大概就是12萬元。IRM這個部分，因為看上次的會議紀錄好像是說第一份的IRM是預計在明年12月會出來",562,"## 會議記錄整理

### 出現人物  
- 于顥 - 委員會成員 / 發言者 - 提出會議方向與開支報告的問題，並指出翻譯表已上傳至Slack，強調現行方向與其意見不互斥，並參與討論翻譯成本與報告預估。  
- 梁專員曉菁 - 專員 / 報告人 - 負責報告委員會會議開支與籌措方式，詳細說明翻譯成本、IRM撰寫費用及會議費用的預估結構，並提供具體計算方式與時間節點（如行動方案初版於12月初、IRM預計明年12月完成）。  

（本段中未提及其他具體人物姓名或職位，僅出現上述兩位。）

### 核心要點  
1. 翻譯與IRM撰寫成本預估為12萬元/份，依每頁1,000字、每字3元計算，總經費約12萬元，包含兩份行動方案（國會版與民間版）及IRM報告的翻譯與撰寫開支。  
2. 會議紀錄與相關資訊應同步提供給公督盟，請其特別關注並審視，以確保資訊透明與外部監督的完整性。

### 決策事項  
- 會議結論與相關資訊應由會議紀錄及當日內容「cue一下公督盟」，並請其「特別留意」，以確保資訊傳達與協作。  
- 委員會會議相關開支及籌措方式由「梁專員曉菁」負責報告。  
- 翻譯成本的計算標準為：每字3元，每頁約1,000字，每份報告預估40頁，翻譯費用依此計算。  
- 現階段預估總翻譯經費為12萬元，適用於每份行動方案（含兩份action plan、國會版與民間版）。  
- IRM撰寫費用與開放國會委員會會議費用將另作規劃，其中第一份IRM預計於「明年12月」完成。  

（上述決策

### 行動項目  
- 建議將會議紀錄及相關資訊轉發給公督盟，請其特別關注並審視 - 無明確負責人（可推論為會議主持人或相關單位）  
- 由梁專員曉菁報告委員會會議相關開支及籌措方式 - 梁專員曉菁  
- 整理並提供翻譯成本預估表（包含四份報告的翻譯費用）：以每字3元、每頁約1,000字、每份報告約40頁為標準，預計每份行動方案翻譯費用約12萬元，總計約12萬元（針對四份報告） - 梁專員曉菁（執行單位）  
- 整理並提供IRM撰寫費用預估（含官方與民間版本） - 梁專員曉菁（執行

### 總結  
本次會議確認翻譯與IRM撰寫費用預估，並建議由曉菁報告相關開支，重點聚焦於行動方案與IRM報告的翻譯成本與籌措經費。",2025-09-24 22:56:21,會議討論經費籌措，主要包含翻譯、IRM撰寫與會議費用，初估每份報告翻譯約12萬元，經費安排自2021年起。,,
4,"所以就是把IRM的中翻英費用也是放在明（2021）年11月到12月那一季。
另外，顧問有提到要把速錄師跟手語的翻譯費也都要估進去。速錄師這個部分，我們現在是假設明年公報處的同仁沒有辦法支應的話，我們的開會頻度也還是維持在每個月兩次，然後每個月都要召開的狀況之下，現在是以唐鳳政委常合作的那個速錄師的價格去算，每個小時1,800元，乘以2個小時，每個月兩次，每季3個月，大概就會有2萬1,600元的費用，就是每一季大概都會有同樣的費用。關於手語翻譯費，我們現在搭配的是臺北市政府社會局委託的手譯師來幫我們做合作，一人大概1,500元，然後每次他們會派兩位，2個小時，同樣是以每個月開兩次會議這樣的頻率來算，大概每季會有3萬6,000元的費用，所以在這個費用來講的話，年度費用大概是有53萬400元這樣的經費支出。
第二個大項，就是IRM的撰寫，上次會議有提到好像有民團的代表講IRM的撰寫如果委託第三方來撰寫的話，大概會需要預估50萬元的費用，我們這邊官方版的IRM報告因為以前沒有發生過類似委外去做這個性質的報告，這個經費的預估基本上我們就是按照資訊處在做資安評估的時候，他們為了要達到國際標，也就是ISO標準的時候，他們說大概這個價格就是一年60萬元，所以這個大項在年度來說大概就會有110萬元的費用。",552,"## 會議記錄整理

### 出現人物  
- 唐鳳 - 政委 - 主要貢獻或發言重點：在速錄師費用估算中被提及為常合作對象，代表其與公報處同仁有長期合作關係，用以作為費用計算的依據。  
- 顧問 - 顧問角色 - 主要貢獻或發言重點：提出應將速錄師與手語翻譯費納入預算，並建議以實際合作模式作為費用估算基礎，推動會議相關人力成本的完整規劃。  
- 臺北市政府社會局 - 政府單位（非個人） - 主要貢獻或發言重點：被提及為手語翻譯服務的委託單位，提供翻譯師資源，並作為手語翻譯費用計算的實際合作來源。  
- 資訊處 - 政府單位（非個人） - 主要貢獻或發言重點：提供資安評估時的經費參考，其為國際標準（ISO）評估時的費用經驗，作為IRM報告委外撰寫費用的預估依據。  

> 說明：會議記錄中雖未直接出現具體個人姓名（如姓名、職稱等）以外的個人角色，但「唐鳳政委」為明確提及之個人，且其職位與合作

### 核心要點  
1. 每季翻譯與速錄費用約為5.34萬元，年度總計約53.4萬元 - 含速錄師（每小時1,800元，每月2次，每季3次）與手語翻譯師（每場1,500元，每次2人2小時，每月2次）的預算，為會議運作所需之必要支出。  
2. IRM報告撰寫年度費用預估為110萬元 - 基於資訊處資安評估採用ISO標準之60萬元成本，並參考民團建議50萬元，綜合評估後採用110萬元作為官方版IRM報告的年度經費。

### 決策事項  
- 將IRM的中翻英費用納入2021年11月到12月季度的經費規劃中。  
- 决定將速錄師翻譯費納入年度經費預算，以唐鳳政委常合作的速錄師為基準，每小時1,800元，每月兩次、每次2小時、每季3個月，計算出每季約2萬1,600元，全年依此推算。  
- 决定將手語翻譯費納入年度經費預算，採用臺北市政府社會局委託的手譯師，每人每小時1,500元，每次派兩位、2小時、每月兩次，計算出每季約3萬6,000元，全年依此推算。  
- 確定

### 行動項目  
- 將IRM的中翻英費用納入2021年11月至12月季度的經費規劃 - 公報處（假設由公報處負責規劃與執行）  
- 估算並納入速錄師翻譯費用至年度經費預算 - 公報處（負責人：公報處）  
  - 費用計算依據：每小時1,800元 × 2小時 × 2次/月 × 3月/季 = 每季約21,600元  
  - 假設明年公報處同仁無法支應時，仍維持每月兩次會議頻率  
- 估算並納入手語翻譯費用至年度經費預算 - 公報處（負責人：公報處）  
  - 費用計算依據：每人次

### 總結  
本會議確認IRM中翻英、速錄師及手語翻譯費的季度開支約為21.6萬，年度總計約53.4萬，另IRM撰寫費用依類似資安評估標準預估為每年110萬元，總年度經費約163.4萬元。",2025-09-24 22:57:13,經費估算新增速錄與手語翻譯，年度約53萬元；IRM撰寫若委外，民間約50萬、官方約60萬，合計年度約110萬元。,,
5,"第三大項就是開放國會委員會會產生的費用，因為我們現在都還是借院內的場地，所以我們就沒有算場地費，我們現在所預估的費用，大部分就是在舉辦院內會議的時候，可能會提供一些咖啡、點心或便當的費用，也都是用委員會在開會的時候的金額，大概一個人90元這樣去算的話，我們每一季大概會估2萬元，這樣加起來的話，每年的費用大概就是有8萬元。把這三大項費用加總起來，現在預估大概會有183萬400元的費用，這個是目前我們所預估的數字，每一項都用最大值去估之後，總共的金額大概是這樣子。
主席：謝謝，我們是不是現在就開放討論一下？針對整個明年度的費用，現在初估是183萬400元，先提醒各位在上個禮拜我們討論到的進度，如果我講的有不對的地方，大家幫我補充一下，我記得上個禮拜關於今年的部分是立法院這邊先cover，因為今年好像是剩下……
于顥：行政費用的部分就是立法院這邊可以cover，包含手語翻譯員的部分，上上禮拜的會議顧問有請示一下秘書長，所以那個部分公報處會處理，目前多出來的費用是手語翻譯員的部分，也是由公報處來cover，這個已經是有確認過的，然後現在討論的是明年的部分，主要是IRM這個費用很大，今天要討論一下我們要怎麼來處理。",510,"## 會議記錄整理

### 出現人物  
- 于顥 - 行政費用相關負責人 / 公報處協調人員 - 提出行政費用中手語翻譯員部分由公報處承擔，並說明立法院已確認該部分費用由公報處覆蓋；針對明年預算中較大的IRM費用提出討論，強調需進一步釐清處理方式。  
- 主席 - 會議主持人 / 預算討論引導者 - 引導會議進入明年度費用討論，回顧上週進度，確認當前預估總費用為183萬400元，並邀請與會者補充意見，確保資訊準確性。  

（註：會議中未提及其他具體姓名，僅上述兩位為明確出現且具職位與發言重點的人物。）

### 核心要點  
1. 明年度開放國會委員會運作的總預算為183萬400元，其中最大支出項目為IRM費用，需重點討論處理方案。  
2. 今年行政費用（含手語翻譯）由立法院公報處承擔，明年度則需針對IRM費用的來源與分擔機制進行協商與決策。

### 決策事項  
- 明年度開放國會委員會相關費用的總預估為新台幣183萬400元，此數字為各項費用以最大值估算後之總和，包含院內會議提供咖啡、點心或便當的費用（每人約90元，每季2萬元，年計8萬元）及IRM費用等。  
- 针对明年度費用，決議將針對IRM費用進行專門討論與處理，因該項目為主要支出項目，且與行政費用（如手語翻譯員）不同，立法院現階段僅承擔今年的行政費用（含手語翻譯員），明年度費用將另作規劃與決策。  
- 手語翻譯員相關費用由公報處負責承擔，此安排已確認，且為今年度之支出範圍，明

### 行動項目  
- 確認明年度總預算費用（183萬400元）的合理性與細項構成 - 全體與會人員（含補充意見）  
- 明確IRM費用的處理方式與分擔機制 - 會議主持人（主席）與相關單位協調  
- 詳細釐清並確認手語翻譯員費用的承擔單位與執行細節 - 公報處  
- 評估並確認未來每季咖啡、點心或便當費用（每人90元，每季2萬元）的實際執行與預算分配 - 公報處  
- 討論並決定明年度行政費用的分擔原則，特別是立法院內部可cover部分的範圍與限制 - 全體與會人員  

（緊急程度：中等；時間要求：需於下次會議前

### 總結  
本次會議核心議題為明年度開放國會委員會運作的總預算估計為183萬400元，其中IRM費用佔比最高，需進一步討論處理方案。",2025-09-24 22:57:49,委員會費用以餐飲為主，年估約8萬，三大項合計183萬400元；今年行政費用由立法院支應，明年IRM費用龐大需討論籌措。,官方報告與IRM獨立報告角色劃分及經費籌措,
6,"主席：我先回溯一下，就是今年的費用立法院這邊會cover，那明年的費用，我剛剛看其實也是IRM的部分，一方面是性質，一方面是費用都會比較大，其他的部分都還比較好處理，例如便當、場地等。所以我們是不是還是針對IRM這個部分來稍微討論一下，優先討論一下，好不好？我說的IRM費用比較大的話，就是我想先確定，官方的IRM的費用是不是就是由……
不對！我們上次有討論對不對？就是應該不是一份是由官方這邊來出，然後由民間出版，因為這樣子好像有點奇怪，所以我們所謂的官方應該是我們自己這個委員會出的這份官方報告，然後，外面的其實也是我們委託外面，是整個委員會委託外面，而不是民間委託外面，對不對？所以如果是在這樣的概念下做的，應該兩份都是整個委員會來cover才對，是不是這樣的意思？
曾柏瑜：它其實沒有分官方的IRM或民間的IRM，IRM的意思是獨立報告（Independent Report-ing Mechanism），所以它不會有官方版本，然後官方本來就要產生一個版本，然後這個就不是由MSF共同組成委員會做的，這個官方的報告就是由所謂的官方，比如假設是行政院的版本就是會由國發會出，所以它會有一個官方的版本，然後這個版本大概就是記錄我們從什麼時候開始召開，它就是一個比較官方告訴大家",540,"## 會議記錄整理

### 出現人物  
- 主席 - 會議主持人 / 負責引導議程 - 提出今年與明年費用的分配問題，特別聚焦於IRM（獨立報告機制）的費用負擔，並釐清官方與民間報告的責任歸屬，強調應由委員會整體承擔費用，而非分由官方或民間單獨出資，並引導會議聚焦於IRM費用的討論。  
- 曾柏瑜 - 委員會成員 / IRM機制專家 - 說明IRM並無「官方」或「民間」之分，其本質是「獨立報告機制」，並澄清官方報告（如國發會版本）是由行政單位（如國發會）主導製作，而非由MSF共同組成委員會完成，強調報告的獨立性與權責歸屬，釐清報告產生的流程與責任分工。

### 核心要點  
1. IRM並無「官方」與「民間」之分，其性質為獨立報告機制，官方版本由行政單位（如國發會）主導製作，非由委員會自行完成 — 強調費用應由政府單位承擔，非民間或委員會負擔。  
2. 明年IRM費用將大幅增加，應優先討論並釐清由整個委員會共同承擔的責任與經費來源，確保費用結構明確、責任清晰。

### 決策事項  
- 釐清IRM（獨立報告機制）並無「官方」與「民間」之分，IRM僅為獨立報告機制，不設官方版本；  
- 明確指出，官方報告（如行政院國發會版本）應由相關政府單位（如國發會）主責製作，而非由本委員會或民間單位承擔；  
- 確認本委員會所製作之報告為委託外部單位執行，並非由民間委託民間，且整體費用應由委員會自身負擔，而非分由官方與民間各自出資；  
- 結論：所有IRM相關費用（含報告製作與執行）應由本委員會整體承擔，不區分官方或民間版本，以確保報告獨立性與責任歸屬清晰。  

（此決策屬中高層級決

### 行動項目  
- 明確定義IRM（獨立報告機制）的性質與範圍，釐清是否分「官方IRM」與「民間IRM」，並確認未來費用負擔模式 - 主席（提出議題）  
- 確認未來年份（明年）IRM費用的負擔原則，明確由委員會整體承擔，而非分由官方或民間單獨負擔 - 主席（提出議題）  
- 議定官方IRM報告（如國發會版本）與民間IRM報告的產生機制與責任單位，釐清報告內容與責任歸屬 - 曾柏瑜（提出說明）  

（註：會議中提及的費用負擔與報告機制尚處於討論階段，未明確指派具體執行單位或設定時間表，故無明確時間要求或負責單位；所有行動項皆屬概念釐

### 總結  
會議核心確認IRM（獨立報告機制）無官方與民間之分，官方版本由行政院相關單位（如國發會）主導製作，委員會應統一由自身承擔全部IRM相關費用，而非分由官方或民間負擔。",2025-09-24 22:58:33,主席強調IRM費用最大，需優先討論；澄清IRM為獨立報告機制，本就有官方版本由政府單位產出，並非民間或委員會自行分立。,,
7,"我們什麼時候開始做、我們什麼時候揭示、我們做哪些事情這樣。所謂的IRM，委員講的沒錯，在我們的狀態下，上次討論的結論應該是MSF聘一個獨立的機構或是學術機關來做這樣的報告，為了要讓它獨立，所以就會是民間跟官方各一半，或是如果國發會願意follow up的話，就是各三分之一，這是上次討論的一些結論。
主席：我想那這樣的話，我們之後官方不要寫成IRM好了，免得很容易會誤解，就寫官方報告、成果報告都可以，就寫官方報告好了，因為這個就不是另外第三方處理，就是不用外包，而是我們內部去做的報告而已嘛。上次是不是有誰提到，其實立法院裡面本來就有在做……
吳銘軒：那是君陽說的。
主席：就是也有在做專案的……
吳銘軒：法制局。
主席：法制局也有在做專案報告，是不是這樣？
郭專員佳勳：君陽有提到法制局。
吳處長慧玲：我要瞭解一下，我認為法制局應該是針對法案的部分，他們當然有在寫報告，可是要看他們的業務屬性有沒有這一項，我印象中，他們的報告是針對法案的報告或者是他們所做的一些研究，那這個部分我們要再瞭解。
于顥：請賴香伶委員辦公室代表發言。
呂儀恬：法制局除了法案的研究之外，他們會有一個專題報告沒有錯，但是這個開放國會的IRM報告可否委託他們撰寫，這可能要跟法制局那邊釐清",533,"## 會議記錄整理

### 出現人物  
- 吳銘軒 - 職稱未明確提及，疑似立法院議員或相關職務人員 - 提出「君陽說的」，用以說明法制局有在進行專案報告，並協助主席確認法制局是否參與相關工作  
- 主席 - 負責會議引導與決策，提出「官方報告」的命名建議，避免誤解，強調報告應由內部完成而非外包，並引導討論法制局的業務範疇  
- 郭專員佳勳 - 職稱為專員，屬於行政單位人員 - 認證「君陽有提到法制局」，補充說明法制局在法案相關報告上的參與情況  
- 吳處長慧玲 - 職稱為處長，屬法制局內部主管 - 提出質疑法制局業務屬性是否涵蓋開放國會的IRM報告，建議進一步釐清其業務範圍與報告類型  
- 于顥 - 職稱未明確提及，疑似會議主持人或協調人員 - 建議由賴香伶委員辦公室代表發言，引導議題討論流程  
- 呂儀恬 - 職稱未明確提及，疑似委員或相關專業人員 - 提出質疑開放國會的IRM報告

### 核心要點  
1. 官方報告應改稱為「官方報告」而非「IRM報告」，以避免誤解並強調報告由內部單位（如法制局）主導，非外包第三方機構所製作。  
2. 法制局雖有執行專案與法案研究之經驗，但其業務屬性與專題報告範疇尚待釐清，是否具備承接開放國會IRM報告之能力，需進一步確認。

### 決策事項  
- 主席決定：未來官方報告不應使用「IRM」一詞，改寫為「官方報告」或「成果報告」，以避免誤解，強調此報告為內部製作，非外包或由第三方獨立機構執行。  

（重要性層級：高，為明確的決策，影響報告命名與官方定位，釐清了報告性質與溝通策略。）  

本段為討論性質，無具體決策（註：此為誤判，實際已有明確決策，見上）  

✅ 正確識別後修正：  
### 決策事項  
- 主席決定：未來官方報告不使用「IRM」一詞，改稱為「官方報告」或「成果報告」，以避免誤解，強調該報告為內部完成，非外包或由第三方獨立機構執行。  

（重要

### 行動項目  
- 明確官方報告的命名與內容定義，避免使用「IRM」一詞，改為「官方報告」或「成果報告」，以避免誤解 - 主席（建議）  
- 確認法制局是否具備撰寫「開放國會的IRM報告」之業務屬性與能力，並釐清其專題報告與法案研究之間的差異 - 吳處長慧玲（負責調查與釐清）  
- 請賴香伶委員辦公室代表發言，進一步說明法制局在專案報告方面的角色與可行性 - 于顥（指派）  
- 與法制局進一步溝通，評估是否可委託其撰寫開放國會的IRM報告，並確認其專業能力與業務範疇 - 吕儀恬（負責協調與確認）

### 總結  
會議確認官方報告應由內閣部門（如法制局）內部撰寫，不再聘請獨立第三方，以避免誤解並強化透明度與主體性。",2025-09-24 22:59:17,會議結論為官方僅產出「官方報告」避免混淆，IRM則由MSF聘獨立機構撰寫；同時討論法制局能否承擔相關撰寫工作，仍需進一步釐清。,,
8,"但他們確實有在做專題研究沒有錯。
主席：我覺得官方的這個報告是不是請于顥回去跟相關單位溝通，不管是法制局或其他立法院的機構、部門適合去做這樣的成果報告或紀錄，其實這樣的話，我們應該就花不到60萬元，對不對？
于顥：對，如果這是成果報告的話，預算應該都是內化的，只是我覺得如果去找法制局，但是法制局他們沒有參與這個東西，他們也不會知道要怎麼寫，這個東西是不是要由參與這個會的人自己來寫，我詢問一下這樣的概念跟邏輯對嗎？
趙恭岳：主席，我想先確認一下，目前到底有幾份報告？舉例來講，例如官方的報告，就像剛剛柏瑜所提到的，它其實指的是國家單位對於Open Government的進程，那表示是政府在做的事情，所以可能會由國發會來負責。但事實上如果像剛剛講的只有兩份報告，第二份其實就是IRM，就是指Independent Reporting Mechanism，主要是委員會針對國家相關進程所做的stakeholder Enganement，它算是一個獨立的評論報告，所以我想先確認這兩個部分。我會建議官方的報告就讓官方那邊去做處理，然後IRM就是委員會這邊要來協助。
于顥：等一下，在發言前，我先提醒一下，今天一樣會有公報處的同仁來做紀錄，所以請大家發言前稍微提一下自己的名字或單位，我剛剛沒有看到，剛剛那一位是……
趙恭岳：口袋國會趙恭岳。",569,"## 會議記錄整理

### 出現人物  
- 于顥 - 建議者 / 預算與報告流程參與者 - 提出應由參與單位自行撰寫成果報告，並質疑法制局因未參與而無法掌握內容，強調報告應由實際參與者負責，並提醒發言者需說明單位與姓名以利紀錄  
- 趙恭岳 - 委員 / 報告內容釐清者 - 明確區分「官方報告」與「IRM（獨立評論機制）」兩類報告，建議官方報告由國發會負責，IRM則由委員會協助處理，並主動說明自身身份為「口袋國會趙恭岳」  
- 主席 - 會議主持人 / 建議推動者 - 提出應由于顥與相關單位（如法制局）溝通，建議以低預算（60萬元內）完成成果報告，並推動報告的內化與實際執行  

（註：「柏瑜」在文中僅作為舉例提及，未具體發言或參與討論，故不列入人物識別）

### 核心要點  
1. 官方報告應由國發會等相關國家單位主責執行，IRM（獨立評論機制）則由委員會自行推動並協助完成 —— 明確分工，提升報告專業性與責任歸屬。  
2. 建議以成果報告形式進行，預算可控制在60萬元以內，且應由實際參與單位自行撰寫，避免外部單位（如法制局）因缺乏參與經驗而無法有效承接 —— 強調實務參與與成本效益。

### 決策事項  
- 主席建議由于顥負責與相關單位（如法制局或其他立法院機構）溝通，協調成果報告或紀錄的製作，並認為此方式預算可控制在60萬元以內。  
- 趙恭岳建議將「官方報告」交由政府官方單位（如國發會）負責處理，而「IRM（獨立評論機制）報告」則由委員會自行協助完成。  

（此兩項為明確的決策內容，其中主席提出的預算與協調建議屬操作層級決策，趙恭岳提出的分工建議屬策略層級決策，具備明確責任與執行方向。）

### 行動項目  
- 請于顥與相關單位（如法制局或其他立法院部門）溝通，確認是否適合由其負責製作成果報告或紀錄 - 于顥（負責溝通與協調）  
- 確認目前共有幾份報告，特別是官方報告（如國發會負責）與IRM（獨立評論報告）的性質與歸屬，並釐清責任分工 - 趙恭岳（負責確認與釐清報告內容與責任）  
- 建議官方報告由官方單位（如國發會）負責處理，IRM則由委員會內部協助完成 - 趙恭岳（建議執行單位）  
- 會議發言時，請與會者在發言前主動說明姓名或單位，以確保紀錄完整性 - 公報處（負責單位，執行單位為公報處同仁）  

（緊

### 總結  
會議確認官方報告應由相關政府單位（如國發會）主責，而獨立評估報告（IRM）則由委員會自行推動，並強調報告內容需由實際參與者撰寫，以確保專業性與真實性。",2025-09-24 22:59:58,主席建議官方報告可由立院單位承擔以降低成本，並確認應有兩份報告：官方報告由政府處理，IRM則由委員會協助完成獨立評論。,,
9,"于顥：好。
剛剛是誰要發言？阿端嗎？
吳銘軒：我覺得還是釐清一下，剛剛所說的官方，其實我們現在講的是指開放國會的官方，但國發會跟我們現在所討論的開放國會是沒有關係的，所以官方要做的報告，其實就是立法院自己要做個評估，它當時承諾哪些事情、後來執行的進度以及最後的成果是什麼，對嗎？這是最基本的嘛，然後我們現在講的這個IRM，這是大家一起找資源、委託第三方去做，基本上不需要我們裡面的人下去寫任何東西，大概是這樣的意思。
主席：我想立法院的那個報告，不管叫它成果報告還是什麼，請于顥回去以後確定一下有沒有相關單位，因為我覺得不是由我們這個委員會裡面的人來寫，即便立法院本身沒有做任何的追蹤，如果以剛剛阿端處理的狀況，它應該還會牽涉到我們產出這個行動方案以後的執行狀態、內部稽核，就是立法院內部的稽核，所以如果立法院沒有任何人在稽核的話，我們可以想像那個IRM就會很差，就會說立法院不知道在幹嘛之類的，總之立法院自己本身還是要追蹤，像是成果報告以及追蹤報告，這件事情就麻煩于顥回去再跟相關局處確認一下，看是由哪一個局處來處理。那IRM部分現在這裡匡列50萬的預算，我想預算上面應該上次大概就討論過了啦！這個金額應該……上次是有說…",512,"## 會議記錄整理

### 出現人物  
- 于顥 - 立法院委員會成員 / 報告跟進負責人 - 負責確認立法院是否有相關單位負責成果報告與追蹤報告的製作，並釐清執行進度與內部稽核的責任單位，確保立法院能有效追蹤其承諾事項與行動方案的執行狀態。  
- 吳銘軒 - 委員會成員 / 問題釐清與政策說明者 - 明確指出「開放國會」與「國發會」無關，強調IRM（獨立第三方評估）應由外部單位執行，立法院內部不需自行撰寫報告，並說明IRM的運作模式與資源配置原則，強調立法院應自行追蹤與稽核。  
- 主席 - 委員會主席 / 調度與決策引導者 - 引導討論方向，強調立法院需自行完成成果報告與追蹤報告，並要求于顥確認具體執行單位；同時提及IRM預算50萬的討論背景，顯示對預算合理性與執行責任的關切。

### 核心要點  
1. 立法院需自行完成成果與執行進度評估報告，並由特定局處負責製作，否則將影響IRM評估的完整性與可信度。  
2. IRM計畫預算匡列50萬元，由第三方委託執行，立法院內部人員不參與撰寫，強調獨立性與專業性。

### 決策事項  
- 立法院應自行完成成果報告與追蹤報告，包括對其承諾事項的執行進度與最終成果的評估，並由相關局處負責執行與管理，于顥需回歸後確認具體負責單位。  
- 針對開放國會相關的IRM（獨立評估機制）計畫，預算匡列為50萬元，此金額已於上次會議中討論過，目前視為確定。  

（說明：上述兩項為會議中明確提出的決策內容，其中第一項為關於報告責任與單位確認的決策，第二項為預算金額的確認。兩者皆具備明確行動指標與責任歸屬，屬中高層級決策。）

### 行動項目  
- 確認立法院是否有相關單位負責製作成果報告與追蹤報告（包含承諾事項的執行進度與最終成果）— 于顥（負責人）  
- 該報告應由立法院內部稽核單位負責追蹤，若無稽核單位則可能影響IRM品質，需進一步釐清— 于顥（負責人）  
- 確認IRM預算50萬的金額是否已於上次會議討論過，並確認其合理性與執行可行性— 主席（負責人，建議由于顥協助確認）  

（緊急程度：中等，因涉及執行追蹤與預算確認，需在下次會議前完成初步釐清）

### 總結  
會議核心確認立法院須自行完成成果與執行追蹤報告，並由特定局處負責，同時IRM預算50萬已通過，強調立法院內部稽核不可或缺。",2025-09-24 23:00:36,與會者釐清「官方報告」應由立法院自行負責，記錄承諾與執行情況；IRM則由委員會籌資委託第三方完成，並已預留50萬元預算。,,
10,"曾柏瑜：上次說50萬，好像是說兩邊出。
主席：對。
曾柏瑜：這個是整體的預算嗎？
主席：對。
曾柏瑜：那就是50萬。
主席：我記得上次是有討論到50萬，我們今天是不是稍微確認一下50萬一半是立法院這邊出，一半是民間這邊出，民間這邊出的話，所有相關單位要怎麼樣去支應？是要在我們今天這個會議討論，還是民間的代表們自己另外討論？現在這個金額評估起來，以這個25萬行情來講的話，所有的這些民間單位，大家認為這個cover應該……我的想像應該不是太……因為我們單位這麼多，每個人好像都有點被強迫點頭的表情這樣。好，反正你們討論一下，我們是不是可以在下次開會的時候，能夠知道民間代表們對這個金額的看法？下次大會應該是1個月後吧！
于顥：兩個禮拜。
主席：好，那就兩個禮拜後再麻煩民間這邊，我們要不要點一個人來回覆一下？民間代表的聯繫窗口本來就是蕭新晟嘛！對啊，你召集一下。OK，那這一題就先這樣好了，其他部分雖然金額不大，但是其他部分減掉官方報告的60，再減掉已經討論完另外民間的50，現在只剩下七十多，對不對？其他剩下來的部分，差不多就是今年立法院cover的一些項目，其實就是這樣嘛，對不對？我本來是想問問看立法院內部有沒有辦法再cover下去。這部分我跟洪顧問討論一下",532,"## 會議記錄整理

### 出現人物  
- 曾柏瑜 - 會議參與者 / 預算提問者 - 提出關於50萬預算分配的疑問，確認是否為雙方分擔（立法院與民間各出25萬），並指出民間單位對此金額有強迫點頭的擔憂，呼籲民間代表在兩週內回覆意見。  
- 主席 - 會議主持人 / 負責協調者 - 主導會議流程，確認預算分配方式，引導討論民間單位對25萬金額的接受度，並決定由蕭新晟召集民間代表回覆；同時提及立法院內部是否可再承擔剩餘項目，並與洪顧問討論。  
- 于顥 - 民間代表 / 參與討論者 - 提出「兩個禮拜」的回覆時間，協助明確會議進度，顯示對議程時間安排的參與與建議。  
- 蕭新晟 - 民間代表聯繫窗口 - 雖未直接發言，但被主席明確指出為民間代表的聯絡窗口，負責召集民間代表回覆預算相關議題。  
- 洪顧問 - 立法院內部協調人員 - 被主席提及參與討論立法院是否能繼續承擔剩餘項目，角色為內部

### 核心要點  
1. 50萬預算將由立法院與民間各負擔25萬，民間單位需在兩個禮拜內透過蕭新晟召集代表討論並回覆金額可行性，以避免單位普遍感到壓力。  
2. 經扣除官方報告60萬及已規劃民間50萬後，剩餘約70萬將由立法院內部進一步評估是否能繼續承擔，相關事項將由主席與洪顧問協調確認。

### 決策事項  
- 確認整體預算為50萬，由立法院與民間各負擔一半（即各25萬），並由民間代表單位自行評估該金額是否可負擔，相關單位應於兩個禮拜內透過蕭新晟召集並回覆意見。  
- 對於剩餘約七十多萬元的項目，將由立法院內部進一步評估是否能繼續承擔，此議題將由主席與洪顧問討論後決定。  

（說明：上述兩項為會議中明確提出的決策與行動安排，其中第一項為關於預算分擔與民間回應的具體決議，第二項為關於剩餘經費承擔的內部討論與後續處理，屬於中層決策，具備明確行動時程與責任人。）

### 行動項目  
- 確認民間單位對25萬預算的接受度，並由蕭新晟召集民間代表討論後，於兩個禮拜內提出回覆 - 蕭新晟（負責人）（緊急程度：中，時間要求：兩個禮拜內）  
- 主席與洪顧問討論立法院內部是否能繼續承擔剩餘約七十多萬元的項目 - 洪顧問（負責人）（緊急程度：中，時間要求：會議當下討論，後續視情況決定）

### 總結  
會議確認50萬預算由立法院與民間各負擔25萬，民間單位對金額反應保守，將於兩週內由蕭新晟召集代表回覆意見，並進一步評估立法院是否可承擔剩餘項目。",2025-09-24 23:01:15,會議確認IRM經費為50萬元，立法院與民間各出25萬；民間部分將由蕭新晟召集協調，其他經費多由立法院承擔，細節待後續討論。,IRM經費分擔方案與協調、行動方案歷程回顧、立院決議背景補充、民主實驗室價值草稿與三大原則,
11,"我們問立法院內部有沒辦法按照今年的第三季、第四季的處理方法來繼續cover，因為主要是一些便當跟會議的費用嘛，對不對？如果立法院這邊覺得可以的跟不可以的，我們到時候再來列好了，例如如果哪一些項目覺得不可以，說不定大家自己帶便當來就沒事了，對不對？所以還OK嗎？
于顥：處長是不是可以先講一下哪些部分是可以cover的？是不是點一下項目？你剛才不是說OK嗎？
主席：或哪一些是不行的？
吳處長慧玲：第四季了嘛！應該只要是一般行政的OK啊！剛剛提到便當之外，還有沒有我漏掉的？還有什麼？
主席：這是明年的喔！
吳處長慧玲：翻譯，可以啊！如果按照我們的規定，超過11點半是可以吃便當的，應該的啦！
吳銘軒：我還想問一個事情，如果未來有一些中南部或是其他地方上來開會的人，我們有可能支應他一些車馬費嗎？
蕭新晟：上次不是說應該由民間湊這個車馬費？
主席：我記得好像有一次討論是說，如果這些的費用支應都變成是官方支出的話，好像性質上面也會有一些問題，會變得好像是官方邀請民間代表來參加諮詢會議的那一種性質，會越來越像是那樣，所以是不是在兩個禮拜後要回報的事情，除了IRM的分攤以外，包括交通費的部分，民間的代表也討論一下。如果覺得有比較好的方式，下次也一起提出來，我們討論一下。",534,"## 會議記錄整理

### 出現人物  
- 吳處長慧玲 - 行政處處長 / 預算與費用規範負責人 - 提出第四季行政費用中「一般行政項目」可列支，並說明便當費用在超過11點半時可合法處理，強調應依現行規定執行，並確認是否有其他被忽略的項目。  
- 于顥 - 副主席或會議參與者 - 問詢處長是否能先說明哪些項目可列支，並要求點出具體項目，顯示對費用規範的關注與確認需求。  
- 主席 - 會議主持人 / 政策決策引導者 - 提出時間上的誤判（明年的議題），並引導討論關於車馬費支應的性質問題，強調官方支出可能導致性質變質，呼籲民間代表參與討論。  
- 吳銘軒 - 會議參與者 - 問詢未來是否可支應中南部或外地來訪代表的車馬費，顯示對交通成本與實際運作的關切。  
- 蕭新晟 - 會議參與者 - 回應車馬費問題，指出過去已有討論認為應由民間自行籌措，並強調官方支應可能導致性質變異，屬於「官方邀請民間代表」的問題。

### 核心要點  
1. 一般行政費用可繼續列支，便當費在11點半後可視為合理開支 - 立法院內部確認日常行政開支（如便當）在規範範圍內可繼續列支，並明確指出超過11點半可吃便當，屬正常行政範疇。  
2. 交通費應由民間負擔，避免官方支出導致性質變更 - 會議強調未來中南部或外地代表的車馬費不宜由官方支應，以免被視為官方邀請民間參與，建議兩週內回報並討論更合適的民間共擔機制。

### 決策事項  
- 吳處長慧玲提出：第四季內，一般行政項目（如便當、會議費用）應視為可列支（cover），且若符合立法院規定（例如超過11點半可吃便當），則相關費用可被承認。  
- 主席明確指出：此討論為針對「明年」的規劃，非當前年度執行，因此相關決策需視未來情況再評估。  
- 蕭新晟與主席共同表達：官方不應支應中南部或其他地區來訪民間代表的車馬費，因若由官方支出，將導致性質上類似「官方邀請民間代表參與諮詢」，可能產生利益衝突或程序問題。  
- 主席要求：在兩週內，除IRM分攤外，需針對交通費支應問題，由民間代表提出建議，並於下次

### 行動項目  
- 評估並列明立法院可支應的行政項目（如便當、會議費用等）— 吳處長慧玲（負責人）  
- 明確指出哪些項目不符合支應規定（如超過11點半後的便當、非一般行政項目等）— 吳處長慧玲（負責人）  
- 在兩個禮拜內回報關於交通費支應的建議，包括民間代表是否應參與負擔或提出替代方案— 主席（負責單位）  
（緊急程度：中等，需於兩週內完成回報）

### 總結  
立法院同意原則上可cover一般行政費用及超過11點半的便當開支，但未來中南部代表的車馬費應由民間自籌，避免官方支出引發性質上的爭議，並於兩週內提出具體建議。",2025-09-24 23:01:57,立法院可承擔行政與餐飲費用，交通補助恐涉官方邀請爭議，建議民間自行討論並於下次會議提出方案。,,
12,"周韻采：我記得上次主席結論是說，如果民間可以去募款的話，這個ok，但是提供線上的access是必要的，那他們即使暫時沒有交通費或是沒有辦法來的時候，仍然可以開會。
主席：我們再把這個決議確認一次，原則上可以線上開會，如果真的遇到必須要實體開會的時候，民間這邊是不是有辦法支應交通的費用，交給各位在接著的兩個禮拜討論一下。我想我們今天會議的第二項結束了，然後再來關於第三個其實是今天比較重要的，我們是不是請每一個負責小組的成員代表報告。第一個是工作歷程前言章節統整，我們一樣請處長說一下。
吳處長慧玲：請秘書處研考科做簡要的報告。
郭專員佳勳：針對開放國會行動方案，首先是最前端歷程與前言，就歷程部分我們大概按照時序說明一些重要辦理事項，從6月2日的記者會開始，後續到8月份，共有6場籌備會議，到目前為止是第2場的正式會議，這些我們都按照時序記錄下來，中間還包括我們很重要的活動，像是讀書會、各地區的焦點討論會及網路直播會，這些我們都有把名稱以及辦理的一些重點備註下來。另外針對前言部分，我們有尋找相關的文件，針對像工作機制、辦理記者會、院長新聞稿等，釐清說明為何我們要開放國會以及跟開放政府之間的關連、緣起與過程",506,"## 會議記錄整理

### 出現人物  
- 周韻采 - 會議參與者 / 建議提出者 - 提出民間募款可行，並強調即使無交通費或無法實體出席，也應提供線上access以確保參與權，確保會議可及性與包容性。  
- 主席 - 會議主持人 / 決議確認者 - 確認原則上允許線上開會，並要求民間單位在兩週內討論實體會議時交通費用的支應問題，同時引導會議進入下一議題。  
- 吳處長慧玲 - 處級主管 / 報告主持人 - 負責引導報告流程，指示秘書處研考科進行簡要報告，並主持工作歷程前言章節的統整議題。  
- 郭專員佳勳 - 專員 / 報告執行者 - 對「開放國會行動方案」的歷程與前言進行詳細說明，包括時序進度、重要活動（如記者會、讀書會、焦點討論會）的記錄，以及釐清開放國會的緣起、工作機制與與開放政府的關聯性。

### 核心要點  
1. 原則上允許線上開會並確保民間可支應實體會議交通費用 - 會議確認線上參與為必要且可行，若需實體開會，民間須具備交通費支應能力，相關討論將於兩週內完成。  
2. 開放國會行動方案將統整歷程與前言，包含記者會、籌備會議、讀書會及焦點討論會等重點活動，並釐清與開放政府的關聯與緣起。

### 決策事項  
- 原則上允許民間參與者透過線上方式參與會議，並確認線上開會為必要條件，以確保即使無法實體出席者仍能參與開會。  
- 要求民間團體在接下來兩個禮拜內，提出是否具備支應實體開會所需交通費用之能力，並回覆相關資訊。  
- 明確決定由各負責小組成員代表進行工作歷程前言章節的報告，並由秘書處研考科負責簡要報告內容。  

（上述決策涵蓋原則性同意、具體行動要求與會議流程安排，屬於中高層級決策，涉及參與方式、資源承擔與報告機制之確立。）

### 行動項目  
- 確認民間是否能支應實體開會時的交通費用，並於兩個禮拜內提出討論結果 - 主席（指派給各負責小組）  
- 由秘書處研考科製作並提交「工作歷程前言章節」的簡要報告 - 秘書處研考科  
- 整理並呈報開放國會行動方案的歷程與前言內容，包含時序記錄、重要活動（如記者會、讀書會、焦點討論會、網路直播會）及工作機制、緣起與與開放政府的關連說明 - 郭專員佳勳（負責執行）  

（緊急程度：中等；時間要求：兩個禮拜內完成討論與報告提交）

### 總結  
會議確認原則上可線上開會，並要求民間小組在兩週內提出實體會議交通費支應方案，同時由各負責小組報告開放國會行動方案的歷程與前言內容。",2025-09-24 23:02:36,會議確認可線上開會，交通費由民間討論解決；研考科報告行動方案歷程，整理自記者會、籌備會議至各地討論與前言說明。,,
13,"簡要地摘錄在前言或是緣起當中。最後章節統整，就要看各段後續做出來之後，再作討論，以上說明。
主席：現在有檔案可以放在Slack上面讓大家先看一下嗎？
郭專員佳勳：我這邊只有印紙張。
主席：好，沒關係。我剛剛聽下來覺得只有一個要補充，就是開放國會的決議案是5月幾號那個時候在立法院通過的。
郭專員佳勳：我想就是委員提案的嘛，對不對？
主席：對，不一定要寫我提案，但是我要拉每個黨團下水，所以至少要寫到每個黨團的支持啦。
郭專員佳勳：那個是5月，因為記者會是6月2日，應該是5月的事情。
主席：5月底？
郭專員佳勳：我再去找議事處那邊的資料。
主席：好，謝謝。再來我們請民主實驗室講一下開放國會之原則價值。
吳銘軒：先講一下第一組，第一組我們做的跟大家一樣，都是檢視了一下，所有在excel裡面大概130幾個意見，全部都重新再看過，然後順成了今天這份文件，我唸給大家聽，這個是草稿，所以大家可以再改。第一段是前言，大概是這樣子，葛傳宇老師寫的內容是：臺灣面對長年外部嚴重國安威脅，仍堅持民主、人權等多元價值，並且結合公私部門與公民社會，共同推動開放政府，確保政府資訊透明開放，促進民主的深化與實踐，並且強化不分族群取用政府及資訊的公平",515,"## 會議記錄整理

### 出現人物  
- 郭專員佳勳 - 專員（檔案管理與議事資訊提供） - 提供關於開放國會決議案通過時間的資訊，並說明記者會與議案通過時間的關係，進一步確認資料來源需查證議事處記錄，展現對議程細節的掌握與協調角色。  
- 主席 - 會議主持人（會議引導與議程推動） - 引導會議流程，提出檔案共享問題，確認決議案通過時間，並推動各單位發言與討論，發揮會議導向與協調功能。  
- 吳銘軒 - 民主實驗室代表（開放國會原則價值說明者） - 負責說明開放國會之原則價值，整理並介紹團隊對130多項意見的檢視過程，提出文件草稿內容，特別強調葛傳宇老師撰寫的前言部分，闡述臺灣在國安威脅下堅持民主與資訊透明的價值。  

> 備註：葛傳宇老師雖為前言內容作者，但會議記錄中並未明確指出其為現場發言者或參與討論者，僅作為內容撰寫者提及，因此未列為直接參與會議發言的人物。依據任務要求「識別出現的人物」，僅包含實際

### 核心要點  
1. 開放國會決議案於5月底在立法院通過，並需明確反映各黨團支持，以強化政治代表性與公信力。  
2. 民主實驗室已完成130多項意見的整合與審查，提出草稿強調臺灣在外部國安威脅下堅持民主、人權與資訊透明，推動開放政府與公民參與。

### 決策事項  
- 主席提出，開放國會的決議案於5月底在立法院通過，並強調該決議案需反映各黨團的支持，因此提案內容應明確寫入各黨團的支持聲明。  
- 郭專員佳勳確認該決議案為委員提案，並承諾將進一步查證議事處資料以確認具體日期。  
- 吳銘軒表示，民主實驗室已針對130多項意見進行重新檢視與整合，形成現行文件草稿，並已提供給與會者審閱與修改，未來將依據大家的意見進行調整與完善。  

（上述決策事項中，第一項為關於決議案通過時間與黨團支持之明確要求，屬高層級決策；第二項為資訊確認與補充，屬中層決策

### 行動項目  
- 確認開放國會決議案在立法院通過的確切日期（5月底） - 郭專員佳勳（負責查找議事處資料）  
- 補充並確認決議案內容中各黨團的支持情況，以符合主席要求「拉每個黨團下水」的說明 - 郭專員佳勳（負責補充）  
- 民主實驗室團隊將其撰寫的「開放國會之原則價值」草稿提供給與會者審閱，並開放修改建議 - 吳銘軒（負責提供草稿並開放修改）

### 總結  
會議核心確認開放國會決議案於5月底在立法院通過，並強調需明確列舉各黨團支持，以強化決議的代表性與公信力。",2025-09-24 23:03:17,主席補充需加入立院決議案背景並強調各黨團支持；民主實驗室報告原則價值草稿，內容聚焦民主、人權、多元價值及資訊透明公平。,,
14,"國會是監督政府不可或缺的基石，開放國會應以公平近用需求為原則，包括任何族群、語言、性別、教育背景、障礙類別、城鄉與地區等，讓資訊易讀易懂，且降低取得門檻。
我們就分成三大段：第一段是人民有感的開放國會。立法院作為國家政策公共討論的場域，應有責任促進社會多元光譜與利害關係人的討論，並引入相關的會議技術和文化，不鼓勵非黑即白的二元對抗。二、立法院應提供立委、立委辦公室和立法院工作人員更多針對開放文化的學習資源和交流活動。三、立法院應參考國際標準，主動提出「立法委員與立委助理行為準則與倫理規範」。
第二大段是人民有感的開放資訊，可能會跟別組有重複，我們到時候再看怎麼統合。所有跟立法院有關資訊，除涉及國安、機密、犯罪偵查或個資等資訊外，一切都應以「即時開放」為原則，不開放之事項應有明確定義，並且建立當人民不能取得合法公開資訊時之申訴管道。二、立法院的資訊應顧及開放的主動性，鼓勵主動揭露、主動通知相關利害關係人，並增加參與管道，定期主動與民間立法監督團體溝通，建立透明易用的資訊取得管道。三、現行陽光法案要求揭露的相關資訊，應該彙整在立法院的網站，建立即時揭露公費助理的資訊公開",490,"## 會議記錄整理

### 出現人物  
- 無  

### 說明：  
本段會議記錄中並未提及任何具體人物的姓名，所有內容均以機構（如「立法院」、「人民」、「立法委員」、「立委助理」）或泛稱角色為主，未出現個人姓名或可識別的個人身份。雖提及「立委」、「立委辦公室」、「立法監督團體」等職務或角色，但這些屬於職位或組織性描述，並非具體人物姓名。因此，根據任務要求，無法識別出任何具體人物姓名。  

故回覆：**本段無具體人物提及**

### 核心要點  
1. 國會資訊應全面即時開放，除國安、機密等例外，所有立法院相關資訊須主動揭露並易於取得，並建立明確的申訴管道以保障人民知情權。  
2. 立法院應推動開放文化與倫理規範，包括引入多元對話機制、提供立委及助理開放文化學習資源，並制定「立法委員與立委助理行為準則與倫理規範」以提升透明度與公信力。

### 決策事項  
- 立法院應促進社會多元光譜與利害關係人的討論，引入相關會議技術和文化，不鼓勵非黑即白的二元對抗。  
- 立法院應提供立委、立委辦公室和立法院工作人員更多針對開放文化的學習資源和交流活動。  
- 立法院應參考國際標準，主動提出「立法委員與立委助理行為準則與倫理規範」。  
- 所有與立法院相關的資訊，除涉及國安、機密、犯罪偵查或個資等資訊外，應以「即時開放」為原則，不開放之事項應有明確定義，並建立當人民不能取得合法公開資訊時之申訴管道。  
- 立法院的資訊應具備主動性，鼓勵主動揭露、主動通知相關利

### 行動項目  
- 建立立法院網站，彙整陽光法案要求揭露的相關資訊，並公開公費助理資訊 - 立法院（資訊管理單位）  
- 制定「立法委員與立委助理行為準則與倫理規範」，並主動提出，作為立法院內部行為標準 - 立法院（立法委員辦公室或立法院秘書處）  
- 提供立委、立委辦公室及立法院工作人員更多針對開放文化的學習資源與交流活動 - 立法院（人事或教育推廣單位）  
- 推動所有與立法院相關資訊（除國安、機密、犯罪偵查或個資外）以「即時開放」為原則，並明確定義不開放事項 - 立法院（資訊公開單位）  
- 建立當人民無法取得合法公開

### 總結  
國會應以公平近用與透明公開為核心，推動多元參與、主動揭露資訊並建立明確的開放原則與倫理規範。",2025-09-24 23:03:54,民主實驗室提出開放國會三大原則：促進多元討論與倫理規範、強化即時資訊公開與申訴管道、整合揭露機制提升透明度。,,
15,"尤其如果有親屬關係的話，不過就這部分還沒想到wording要怎麼改。
第三大段是人民有感的開放參與，就是立法院應該全面、重新檢討遊說法、公聽會和聽證會相關的權責與規定，完善公民參與、多元意見表達與監督的機制。二、透過各級教育，強化民眾對立法程序、公共政策討論的文化素養，增進立法院對公眾的親近感，並且在立法院增加機制和資源，協助將社會意見和各種公眾情緒轉化為有效意見，納入決策過程之中。
我們認為應該有cover到所有的意見，但是有一些意見，因為後來的討論覺得那完全不是立法院的權責，所以可能之後還是要針對那些沒有拉進來的部分再做一些解釋，針對這部分請大家提問。
主席：我稍微補充一下，這些現在看起來還不順的地方，其實就是先看大家有沒有覺得需要再加入什麼？或是什麼東西不要？之後應該是在9月底那次，本來會再統整一個真正的初稿，所以大家現在先不要針對不順的部分，想進入文字的修改，只是要看有沒有哪一個概念需要再加進去的？或哪個概念其實不用放在那裡？
于顥：立法院應參考國際標準，主動提出「立法委員與助理行為準則與倫理規範」，這是不是應該先對照一下「立法委員行為法」的部分？因為「立法委員行為法」已經cover到委員跟助理，只是要看國際規範是什麼",521,"## 會議記錄整理

### 出現人物  
- 于顥 - 立法院議員（或政策建議者） - 提出立法院應參考國際標準，主動制定「立法委員與助理行為準則與倫理規範」，並建議先對照現行「立法委員行為法」的內容，以確保規範的完整性與適切性，強調應涵蓋委員與助理的行為倫理，提升立法過程的透明度與公信力。  

- 主席 - 立法院主席（或會議主持人） - 主持會議進程，說明目前議題仍處於概念釐清階段，強調不應過早進入文字修改，而是先集體討論是否需要加入或刪除某些概念，並指出未來將於9月底統整初稿，呼籲與會者聚焦於「概念性」的補充與調整，而非細節修訂。  

（註：會議中未明確提及其他具體人物姓名，僅出現「主席」與「于顥」兩位具名者。）

### 核心要點  
1. 立法院應全面檢討遊說法、公聽會與聽證會的權責規範，強化公民參與與多元意見表達機制，提升公眾對立法程序的參與感與信任度。  
2. 建議參考國際標準，制定並完善「立法委員與助理行為準則與倫理規範」，以強化立法過程的透明度與倫理自律。

### 決策事項  
- 立法院應全面、重新檢討遊說法、公聽會和聽證會相關的權責與規定，完善公民參與、多元意見表達與監督的機制。  
- 透過各級教育，強化民眾對立法程序、公共政策討論的文化素養，增進立法院對公眾的親近感，並在立法院增加機制和資源，協助將社會意見和各種公眾情緒轉化為有效意見，納入決策過程之中。  
- 立法院應參考國際標準，主動提出「立法委員與助理行為準則與倫理規範」，並應先對照現行「立法委員行為法」中關於委員與助理的相關規定。  

（上述決策內容為會議中明確提出之結論或建議，具備具體行動方向與責任主體，

### 行動項目  
- 參考國際標準，擬訂「立法委員與助理行為準則與倫理規範」，並比對現行「立法委員行為法」內容，確認其涵蓋範圍與規範缺口 - 于顥（建議提出）  
- 在9月底前，統整並提出立法院開放參與相關議題的初稿，聚焦於概念完整性與權責範圍，不立即進入文字修改 - 主席（指示）  
- 针對未納入決策過程的社會意見，針對其性質與權責進行說明與解釋，並由相關單位提出回應 - 全體與會人員（建議提問與討論）  
- 推動各級教育體系，強化民眾對立法程序與公共政策討論的文化素養，並在立法院設立機制與資源，協助將社會意見轉化為有效

### 總結  
會議核心聚焦於強化立法院的公民參與機制與倫理規範，並建議全面檢討遊說法與公聽會制度，同時推動立法委員行為準則與國際標準對照，以提升立法透明度與公眾信任。",2025-09-24 23:04:35,討論開放參與，建議檢討遊說與公聽制度、推動公民教育並納入社會意見；主席強調先確認概念，細節修改留待初稿。,開放參與與公民教育推動、倫理準則建立、資訊公開與親屬關係揭露機制、可行性與制度銜接討論,
16,"可能需要把它界定清楚一點，或是這部法裡面缺少了什麼東西，我們可能再看如何來調整。
吳銘軒：我想這個法的部分，應該是最低的標準，這裡提的其實是大家對於更高倫理標準的一個準則，不是強制他沒做到就一定會怎麼樣。不過這個我們可以再做細部的討論，但主要從整理的那些意見裡面，會感覺到很多是針對立法委員或是立委助理雖不觸法、但是遊走在邊緣的行為，就是感到……。對！就是這樣，我不知道要怎麼說，不要考我。
主席：因為我們的確有看到滿多建議跟討論。另外，我要提一下，就是我們好像在讀書會的時候有提到，應該是英國或哪一個國家的行動報告裡有提到，那時候我們翻譯把它講成是道德，但講倫理會比較好一點，我們畢竟不是在追求道德魔人的那種概念，但我記得應該就是在英國的開放國會行動方案裡面有講到要提升國會議員的倫理準則，這是他需要被期待的，而且他應該也要認知到自己被期待的標準比一般人還高，所以我們有討論到，既然有這麼多這樣的回饋，再加上我們看到其他國家也有寫過類似的東西，所以可以把他們的經驗拿來做參考。做為臺灣的立法委員，至少要有某種準則，它不是法律上面的規定，但是他來擔任立法委員之前至少應該知道自己被賦予了什麼樣子的期待嘛，對不對？",506,"## 會議記錄整理

### 出現人物  
- 吳銘軒 - 發言者 / 建議提出者 - 提出對立法法中「倫理標準」的解釋與討論，強調該標準並非強制性法律條文，而是針對立委或立委助理「遊走在邊緣行為」的道德準則，呼籲進一步細部討論，並指出現有意見多集中於對立委倫理行為的關注與期待。  
- 主席 - 會議主持人 / 倡議推動者 - 主導會議討論，提出將「道德」調整為「倫理」的用詞更準確，強調國會議員應被期待達到比一般民眾更高的倫理標準，並引用英國「開放國會行動方案」的經驗，建議台灣立法委員應有明確的倫理準則作為職業期待，而非法律強制條文。  

（註：兩位人物皆在會議中具體發言或引導討論，其角色明確，貢獻清晰。）

### 核心要點  
1. 釐清立法委員應遵守的「倫理準則」而非強制法律規範 - 會議強調該法規應定義為非具體法律條文，而是針對立委及其助理在職務上遊走邊緣行為的道德期待，反映社會對高標準倫理行為的期待，並參考英國開放國會行動方案等國際經驗。  
2. 建議建立立法委員事前知悉的倫理期待標準 - 會議認為，立委在就職前應明確了解自身被賦予的高於一般民眾的倫理標準，此為提升公信力與職業責任的重要基礎，並可作為未來立法或政策調整的參考方向。

### 決策事項  
- 採用「倫理準則」取代「道德」概念，作為立法委員應遵守的非強制性行為標準，以反映對國會議員更高期待的現實，並參考英國開放國會行動方案中的相關經驗。  
（此為中層決策，屬於政策方向與概念定義的決議，非具體法律條文或強制執行措施，但確立了未來推動倫理準則的基礎與參考框架。）  

> 說明：會議中雖無明確的法律條文或具體行動計畫，但經討論後達成共識，將「倫理準則」作為立法委員應知的行為期待，並明確指出應參考英國相關行動方案，此為具體且有意義的決策，屬於政策性與概念層級的決策。

### 行動項目  
- 明確界定立法委員倫理準則的性質與範圍（區分於法律強制性，作為非法律但具期待性的道德標準） - 主席（推動單位）  
- 參考英國開放國會行動方案或其他國家相關行動報告中關於議員倫理準則的內容，進行經驗分析與比對 - 吳銘軒（建議與提報單位）  
- 對現行法規中關於議員倫理標準的缺失或模糊處進行細部討論與檢視，並提出調整建議 - 吳銘軒（負責人）  
（緊急程度：中等；時間要求：需於下次讀書會或相關會議前完成初步討論與資料蒐集）

### 總結  
本次會議核心議題為：雖無強制法律規範，但應建立明確的倫理準則，作為立法委員就任前需知曉的高於一般社會的行為期待，並參考英國等國經驗加以落實。",2025-09-24 23:05:16,會議討論應建立高於法律的倫理準則，借鏡英國等國經驗，凸顯立委與助理需自覺承擔比一般人更高的公共期待。,,
17,"吳銘軒：我只是把連結貼出來當成參考而已……
王向榮：貼在哪裡？
吳銘軒：現在應該不用看。
主席：所以我們還是回來討論一下剛剛阿端唸的這些第一組整理的東西，大家還有沒有覺得哪個段落其實不用放，或是有沒有你覺得屬於開放國會的原則跟價值、認為要再補充進去的？如果沒有的話，這一組就……
簡信昌：開放資訊第三點我有點看不懂，就是「現行陽光法案要求揭露」跟「建立即時揭露公費助理……」，這兩個是同一件事情嗎？還是陽光法案是陽光法案的內容，然後公費助理跟第一點比較相關，就是立法院所有相關資訊？
吳銘軒：對，你講得對，可以把它分開。對，是兩者不相干的事情。也不是不相干啦！就是是兩件……
于顥：「尤其是親屬關係」指的是公費助理的親屬關係嗎？
吳銘軒：不是。是如果公費助理跟這個委員本身有親屬關係的話，這件事應該揭露，但如果是他跟別的委員有……
我不知道！我不曉得啦！對啊！但是總而言之，我應該先說我沒有……
就是我們是在整理我們蒐集到的意見，我們蒐集到的意見裡面有人很在意如果委員把公費助理的名額用在自己的家人身上。可是我們的討論是覺得，其實用在自己家人身上不是不行，只是它應該要被適度揭露。還有人講得很誇張，就是連助理的財產都要揭露",511,"## 會議記錄整理

### 出現人物  
- 吳銘軒 - 整理意見者 / 參與討論者 - 提供關於公費助理資訊揭露的說明，澄清「陽光法案」與「公費助理親屬關係」的區別，並指出民眾對助理名額用於家人之際的關注，強調應適度揭露，而非完全禁止；同時表示所提內容為基於蒐集到的意見整理，並非主張強制性規範。  
- 王向榮 - 提問者 - 對吳銘軒提到的連結位置提出詢問，顯示其關注資訊來源與透明度。  
- 主席 - 會議主持人 - 引導會議聚焦於第一組整理內容的討論，詢問與會者對是否應保留段落或補充開放國會原則的意見，推動議題深化與共識形成。  
- 簡信昌 - 參與討論者 - 對「開放資訊第三點」提出疑問，釐清「陽光法案要求揭露」與「建立即時揭露公費助理」之間的關係，認為兩者不完全相同，並質疑其內容是否與立法院資訊透明相關，顯示對資訊政策細節的關注與釐清需求。  
- 于顥 - 參與討論者 - 質疑「尤其是親屬關係」

### 核心要點  
1. 公費助理與委員之間的親屬關係應被適度揭露 – 會議中指出，雖允許委員將公費助理名額用於家人，但若存在親屬關係，應進行透明揭露，以保障公眾知情權，並強調揭露程度應「適度」而非全面財產公開。  
2. 開放資訊與陽光法案內容需區分處理 – 討論確認「現行陽光法案要求揭露」與「建立即時揭露公費助理資訊」為兩項不同議題，應分開釐清與規劃，避免概念混淆，以提升政策設計的精確性與可操作性。

### 決策事項  
- 會議決定將「開放資訊第三點」中的「現行陽光法案要求揭露」與「建立即時揭露公費助理資訊」分開討論，認為二者屬不同議題，不應視為同一事項。  
- 會議確認「公費助理與委員之間存在親屬關係」應被視為需揭露的內容，並強調此類關係應被適度揭露，但不等同於完全禁止將公費助理名額用於家人。  
- 會議決定保留「公費助理財產揭露」為討論議題，並認為此為極端意見，需進一步評估與補充，尚未形成具體決策。  

（註：上述決策內容基於會議中對意見的整理、區分與價值判斷，雖未明確以「通過」或「否決」形式表達，但已形成具

### 行動項目  
- 明確區分「陽光法案要求揭露」與「建立即時揭露公費助理資訊」的內容，並釐清兩者之間的關係與範疇 - 吳銘軒（負責整理與說明）  
- 補充說明「親屬關係」在公費助理制度中的定義，特別是委員與公費助理之間的親屬關係應如何揭露 - 吳銘軒（負責釐清與說明）  
- 評估並整理公費助理使用於委員親屬時的揭露原則，包括是否應揭露助理的財產等相關資訊 - 簡信昌（負責提問與評估）  
- 檢視第一組整理內容，確認是否有段落屬於開放國會原則與價值，並提出補充建議 - 主席（負責引導與確認）  

（註：上述行動

### 總結  
會議核心聚焦於公費助理與委員間親屬關係應否揭露，並釐清「陽光法案」與「即時揭露公費助理資訊」兩項原則的區別與關聯。",2025-09-24 23:06:03,會議釐清開放資訊中「陽光法案」與「公費助理揭露」應分開處理，並討論助理若為立委親屬應揭露關係，避免外界疑慮。,,
18,"但我們就沒有寫這些啦！我們只寫你請了誰，還有可能是這個人的簡歷而已。可以把它分開來。
主席：請口袋國會恭岳發言。
趙恭岳：我覺得第四點可能要思考一下執行上的可能性，例如說「開放的主動性」這個部分，因為裡面還提到說要「主動通知相關利害關係人」，事實上利害關係人可能非常多元，看你怎麼界定。例如說我常常參加聯合國的相關會議，他們理論上是透過一個資訊公開的平臺，讓你很容易有管道去access，可是它不太容易將相關的關係人分為一層、兩層、三層，然後最後全部主動通知。我覺得這點在執行上可能要界定一下；我覺得公開access相對來講是比較重要的。
第二是親屬關係，這個也是一樣，就是你不太可能定義到例如說他是堂叔公的二兒子，然後他必須要被揭露。所以我覺得回過頭來講，例如說你比較容易在看的是，假設你真的覺得事實上他還是可以聘任，可是可能是在委員聘任三等親內必須被揭露等等。我覺得這個部分可能要稍微想一下執行的部分，謝謝。
耿璐：我們在分小組討論的時候其實也有一直在審視，基本上就變成依照我們的理解，現在整理的應該都是民眾的意見，如果進到實質要執行的，其實也是會像趙老師說的，其實應該要確認很多部分，第一個就是跟現行法條的關係；",509,"## 會議記錄整理

### 出現人物  
- 趙恭岳 - 主席指定發言人 / 會議參與者 - 提出對「開放的主動性」與「親屬關係」在執行上的疑慮，認為利害關係人難以明確界定，建議應釐清如何分層通知及與現行法規的關聯，強調資訊公開的可及性較為重要，並建議在聘任時僅針對三等親內關係需揭露。  
- 耿璐 - 小組討論參與者 / 政策審視者 - 在小組討論中指出現行規劃多反映民眾意見，但實際執行時需進一步確認與現行法條的關係，強調應在制度設計上更具可行性與法規基礎。  

（註：會議中「主席」為主持角色，非具體人物姓名；「口袋國會」為組織名稱，非個人姓名，故未列為人物。）

### 核心要點  
1. 「主動通知相關利害關係人」在執行上存在重大困難，因利害關係人範圍多元且難以明確界定，建議先聚焦於資訊公開的可及性，而非強行推動層層通知機制。  
2. 親屬關係的揭露標準應謹慎定義，建議以實際聘任情境為基礎（如三等親內必須揭露），避免過度擴大至如「堂叔公二兒子」等細微且實務上難以執行的範圍。

### 決策事項  
- 對「開放的主動性」（如主動通知相關利害關係人）的執行方式提出疑問，建議應進一步界定利害關係人的範疇，並強調資訊公開的可及性（access）相對較為重要，應優先落實，而非全面主動通知。  
- 對「親屬關係」的揭露機制提出質疑，認為難以精確定義如「堂叔公的二兒子」等細節，建議改以實際聘任情境為基礎，例如在委員聘任時，僅要求揭露三等親以內的親屬關係，以提升執行可行性。  
- 強調在實質執行前，應審視該制度與現行法條的關係，並確認其法律基礎與可行性。  

（上述決策屬中層級決策，聚焦於制度執行的可行性與範

### 行動項目  
- 界定「主動通知相關利害關係人」的執行可行性，包括如何分層界定利害關係人（如一層、二層、三層），並評估其在實際操作中的可實現性 — 趙恭岳（負責人）  
- 重新審視「親屬關係」的揭露標準，例如是否僅在委員聘任三等親內必須揭露，並釐清過度擴張定義的執行風險 — 趙恭岳（負責人）  
- 檢視現行法條與相關政策之間的關聯性，確認所提建議是否符合現行法律框架，並作為後續執行依據 — 耿璐（負責人）  

（上述行動項目均屬中長期規劃性任務，無明確時間要求，但建議於下次小組討論前完成初步評估與草案整理。）

### 總結  
會議核心議題為「公開透明機制在執行上的可行性與界定難度」，特別針對「主動通知利害關係人」及「親屬關係揭露範圍」提出疑問，強調需進一步釐清法條基礎與實際操作的可行性。",2025-09-24 23:06:43,討論聚焦在資訊公開的可行性與親屬關係揭露範圍，建議以公開平臺為主並明確界定如三等親內揭露，以兼顧透明與可執行性。,,
19,"第二個就是到底立法院、現行行政部門或相關的單位，有沒有可以配合的，因為我們不可能寫一個東西，結果就是要立法院自己再去成立一個新的單位來處理；第三個，因為這畢竟是第一輪，而在這四年可不可以完成呢？其實現在我們在講的比較多都是反映民眾的意見，所以對我來說，主要還是看提到的這個方向是否ok，那細則的部分則可能是要進到工作小組裡面之後再決定，而且可能還要邀立法院相關的同仁來討論，才不會寫出一個差距太大的東西。
于顥：請秘書處說明。
吳處長慧玲：我想跟大家說明一下，的確剛剛有提到就是讓院內各單位來參與，因為原來按照我們的期程，好像這邊要討論兩次，所以要到下下次才會找各單位來，可是剛剛我看了之前寫的第一個開放國會之原則價值，比較多是屬於概念式的，當然也有一些很具體，就是可以去跟法規做連結，所以我會比較建議下一次會議，我會請我們各單位相關的主管列席，希望他們能夠適時提出一些建議，因為這邊所提所有的建議在未來業務執行面上，其中一個會考量到的就是執行的程序，包括在法規上有沒有一些既定的程序要遵循，或者說經費的編列，或者說有涉及到法規修正，或者說大家很辛苦，把這個民意反映出來並做整理",489,"## 會議記錄整理

### 出現人物  
- 于顥 - 議員/會議發言者 - 提出請秘書處說明的請求，引導會議聚焦於立法院與行政部門的協調與配合問題，強調需具體可行的方案，而非僅停留在概念層面。  
- 吳處長慧玲 - 秘書處處長/行政單位主管 - 說明院內單位參與的重要性，建議下一次會議邀請各單位主管列席，提出具體建議，特別強調未來執行需考量法規程序、經費編列、法規修正等實際業務限制，並強調應與民意反映結合，確保政策方向與實際可操作性相符。  

（註：會議中未明確提及其他個人姓名，僅有上述兩位人物有明確姓名與角色說明。）

### 核心要點  
1. 需邀請立法院及相关單位主管列席討論 – 為確保政策建議與實際執行（如法規程序、經費編列、法規修正）相符，應在下一次會議中邀請院內各單位主管參與，提供具體意見，避免提案與現實操作脫節。  
2. 第一輪規劃以民眾意見為基礎，細節待工作小組進一步釐清 – 當前重點在確認方向是否可行，細節如執行程序與配套措施應交由工作小組與立法院同仁協商後決定，四年內完成具可行性。

### 決策事項  
- 建議在下一次會議中邀請院內各單位相關主管列席，針對「開放國會之原則價值」的內容提出具體建議，以確保未來業務執行時能考量法規程序、經費編列、法規修正等實際執行問題。  
（此為中層決策，屬執行前的規劃與協調決策，旨在提升政策內容與實際操作的契合度，並強化跨單位參與與專業意見的整合。）  

本段雖有討論與建議，但明確提出具體行動與會議安排，因此屬於有決策內容的場合。

### 行動項目  
- 請院內各單位主管列席下一次會議，並針對「開放國會之原則價值」中的概念與具體內容提出建議（如法規連結、執行程序、經費編列、法規修正等） - 吳處長慧玲（秘書處）  
（緊急程度：中等；時間要求：下一次會議前完成，具體時間未明確，但需在會議前進行準備與建議提交）

### 總結  
會議核心為建議由行政部門主管列席，針對開放國會原則價值提出具體建議，以確保政策內容具可行性、符合法規程序與執行實務。",2025-09-24 23:07:15,會議強調建議需可行，避免增加新單位；細節應由工作小組與立院同仁討論，秘書處建議下次邀主管列席，確保與法規、程序及經費銜接。,,
20,"可是到底應該要跟哪一個規範做連結，或者說我們是不是應該要去新增什麼樣的規定，或者說在行政命令上、一般的行政規範上，是我們就可以馬上來做的等等，我想這樣子可能會讓這個報告更完整，所以我本來想要建議的是，是不是下次我就請相關單位主管列席？
主席：好，我想就這樣子好了，原則上我們就還是這一個章節，開放國會之原則價值，我們就是繼續把它按照剛剛給的一些回饋來去把它修得比較易讀，但是有一些部分到底會連結到什麼程度，下一次會議的時候，我們再請相關局處來參與。
請周老師發言。
周韻采：關於「人民有感的開放資訊」的第四點，其實我覺得助理的這個部分可能要做比較廣泛的揭露，而且不是只有公費助理，因為其實最有趣的是，很多是有相關關係人，他可能就是定期會付助理的薪水，然後掛在委員的辦公室，這個可能比公費助理還要……但是你出去都是拿同樣的名片，所以其實是看不到的，但是我想我們今天最大的這個資訊公開，尤其是立委助理這個部分，應該最重要的是瞭解立委的政商關係，所以如果從這個角度來看的話，包括立委助理的部分，如果像這樣的情形，通常都會成立一些公司，它可能會跟某一些立委的行為去做交易，譬如說在選舉的時候，就會包給這家公司等等",502,"## 會議記錄整理

### 出現人物  
- 周韻采 - 相關單位主管 / 會議發言人 - 提出關於「人民有感的開放資訊」中立委助理部分的改進建議，強調應擴大揭露立委助理的來源，包括非公費的相關關係人，並指出這些助理可能透過公司與立委產生政商關係，呼籲加強資訊公開以掌握立委的政商互動。

### 核心要點  
1. 應強化立委助理與政商關係的透明度——需揭露非公費助理（如相關關係人所設公司）的實際運作，以掌握立委與企業間的潛在交易與利益交換，進而提升資訊公開的完整性與公信力。  
2. 未來會議將邀請相關局處主管列席討論規範連結問題——為釐清行政規範與開放資訊的具體連結程度，建議下一次會議引入實際主管參與，以確保政策設計更具操作性與現實基礎。

### 決策事項  
- 原則上維持「開放國會之原則價值」章節內容，並依先前回饋進行修訂，以提升可讀性；  
- 關於「人民有感的開放資訊」第四點中，立委助理相關資訊的揭露範圍，將擴大至包含非公費助理（如與立委有相關關係的個人或公司所聘僱之助理），並強調其可能涉及的政商關係；  
- 未來會議將邀請相關局處主管列席，進一步討論該章節中「連結至何種規範」或「是否需新增行政規範」等具體問題，以明確資訊公開的範圍與執行方式。  

（此決策層級分為：原則性決策（維持章節方向）與具體執行層級決策（未來邀請主管參與討論

### 行動項目  
- 建議下次會議邀請相關局處主管列席，以進一步討論「開放國會原則價值」章節中關於規範連結的具體範圍與執行方式 - 主席（負責推動會議安排）  
- 提出應擴大揭露立委助理的資訊，包含非公費助理（如與立委有政商關係的相關關係人）及其實際業務，並強調需釐清立委與公司間的交易關係，以提升資訊公開透明度 - 周韻采（提出建議與觀察）  
- 下次會議應針對「人民有感的開放資訊」第四點，檢視並明確規範立委助理的揭露範圍，包括其與政商關係的連結，並評估是否需新增相關行政規範或規定 - 周韻采（建議後續行動與規範檢討）

### 總結  
會議決議維持現行「開放國會原則價值」章節，並強調應深化立委助理與政商關係的資訊公開，特別關注非公費助理及相關公司交易行為，建議下次會議邀請相關單位主管列席說明。",2025-09-24 23:07:51,會議建議下次邀相關主管參與，以釐清規範連結與可行性；周韻采強調助理揭露應擴大，不僅限公費助理，更需揭露與立委政商關係相關人員。,助理資訊公開範圍與法源限制、政商關係揭露爭議、透明平臺自律機制及未來可行方案收斂,
21,"我覺得只是立委助理是親屬，其實大部分的狀況應該現在都很少了，所以像這個部分，我覺得之後可能可以去討論，到底立委助理的資訊是哪些部分要去揭露。從最近這幾次立委的一些新聞，其實都可以很明顯看得出來，後面其實都有相關成立的一些公司，然後可能承包一些特定的產業，譬如說綠能，譬如說之前的人力仲介，所以其實你只要看到一個常常需要政府法案通過的，然後它衍生出來的產業，一定都有很多類似這樣的情況，只是這些過去都是undertable，而且要查證的時候其實花了很多、很多的人力。所以如果是這樣的話，我反而會覺得，依照第4點，如果以後真的要要求助理的資訊公開，我覺得這個部分應該好好討論，就是到底是哪一些屬於助理的資訊應該被公開。
主席：好，阿Fi。
曾柏瑜：我是那個……，突然忘記我們組織的名字。我的名字是柏瑜。太多了，我剛才一時想不起來要講哪一個。好，我們其實在做監督議員團體的時候，的確有很多人提到這個部分，就是老師剛剛說的這個部分，可是其實我們也有一個法源上的困難，就是現在之所以我們可以把委員開的公司、他戶頭裡有多少錢、他名下有多少土地都公開出來，雖然在監察院的網站裡，不在立法院的網站裡，可是因為那是我們有一個陽光法案的法源依據",512,"## 會議記錄整理

### 出現人物  
- 曾柏瑜 - 監督議員團體成員 / 組織代表 - 提出關於立委助理資訊公開的議題，指出目前缺乏法源依據，並強調監察院有陽光法案的法源支持，可公開委員開設公司、戶頭資金及土地等資訊，呼籲未來應針對助理資訊公開的範圍進行討論。  
- 主席 - 會議主持人 - 在對話中以「好，阿Fi」回應，顯示其主持會議的角色，雖未具體發言內容，但參與引導對話流程。  

（註：「阿Fi」為對某位人物的稱呼，但會議記錄中未明確指出其真實姓名，故未列入人物識別。）

### 核心要點  
1. 立委助理資訊公開需釐清範圍與法源依據 - 當前缺乏明確法源支持助理個人資訊公開，應討論哪些資訊應被揭露，以避免過度擴張或侵犯隱私，並確保透明度與可操作性。  
2. 立委相關公司與產業承包現象普遍且多為「undertable」操作 - 近期多見立委透過旗下公司承包綠能、人力仲介等產業，顯示利益關聯常隱藏於後台，需建立有效監督機制以揭露潛在利益衝突。

### 決策事項  
- 未來是否要求立委助理的資訊公開，應進一步討論，並明確界定哪些部分的助理資訊應被公開。  
（此為中層決策，屬於政策方向與資訊透明範圍的釐清，非具體執行決定，但具備明確的決策意圖與討論基礎。）  

> 說明：會議中雖未作出最終決定，但明確提出「應好好討論」助理資訊公開的範圍與內容，並以「第4點」為討論依據，顯示存在明確的決策議題與決策流程的啟動。此為具有決策意涵的討論性決策，屬於政策設計層級的決策，故歸類為中層決策。

### 行動項目  
- 討論立委助理資訊公開的範圍與內容（例如哪些資訊應被揭露） - 曾柏瑜（負責人）  
（緊急程度：中等；時間要求：待進一步討論，無明確期限）  

說明：會議中提及未來應針對「立委助理的資訊是否應公開」進行深入討論，並提出應基於法源依據（如陽光法案）進行評估，此為明確的後續行動，由曾柏瑜提出並主導。雖無明確時間表，但屬政策性議題，需持續推動。

### 總結  
會議核心議題為：應針對立委助理的資訊公開範圍進行審慎討論，因現行法源有限且過去多為隱匿操作，公開內容需明確界定以平衡透明度與隱私。",2025-09-24 23:08:27,討論聚焦於立委助理資訊公開，周韻采認為應揭露政商關係與隱性公司連結；曾柏瑜提醒受限於法源，目前公開範圍依賴陽光法案規定。,,
22,"目前的困難是包含犯罪紀錄是屬於敏感性個資、助理的個人個資，我們沒有任何一個法源要求他們揭露，如果是要到這種程度的話，就必須要有一個立法的階段。我們當然可以請他們廣泛……
周韻采：這是道德，不是法律……
曾柏瑜：對。
周韻采：應該是說，未來如果有一個管道，譬如說我們有一個平臺，立委願意去揭露的……
曾柏瑜：我覺得比較像是我們這邊先寫公費助理，是因為他本來就在立法委員行為法裡面的規範，就是如果不是以立委個人的錢去支付他的薪資，而是由立法院支付這些人的薪資，就一定要他公開。除此之外，我當然也同意以道德的角度鼓勵委員們都來做更廣泛的揭露，可是可能就沒有辦法有任何的要求，尤其是個資、開公司這件事情，我覺得這可能有點困難。
周韻采：這倒不是個資，因為在經濟部商業司網站其實都有，包括董監事，全部都查得到，只要它有立案，一定查得到。
曾柏瑜：對，但是只有名字，我沒辦法確定這個「于顥」是不是那個「于顥」。
周韻采：因為他本來就是立委助理，當然是從立委助理的名字直接下去查詢就OK了，因為這個也不是個資，只要到經濟部商業司的網站一定查得到。
主席：我覺得我們現在先不要進入太細的討論，但是概念上應該是像周老師說的",502,"## 會議記錄整理

### 出現人物  
- 周韻采 - 立法委員（或相關政策提議者） - 提出道德層面的揭露觀點，強調若未來有平台，立委可願意揭露助理資訊，並指出經濟部商業司網站可查證助理的董監事資訊，強調此非敏感個資，且可透過公開資料確認身份。  
- 曾柏瑜 - 立法委員 - 認同道德鼓勵揭露，但認為目前缺乏法律依據要求助理公開個人資訊或開公司事項，指出助理薪資若由立法院支付，應依立法委員行為法規範公開，並質疑僅靠道德無法強制揭露個資或公司資訊。  
- 主席 - 會議主持人 - 提出暫緩深入討論，並肯定周韻采提出的概念方向，強調應以周韻采所提的「平台」與「揭露機制」為概念基礎進行後續討論。

### 核心要點  
1. 立法必要性 - 當前無法強制要求立委助理揭露個人或公司資訊，因涉及敏感個資且缺乏法律依據，僅能透過道德鼓勵，未來需透過立法建立正式揭露管道。  
2. 資訊可查性 - 經濟部商業司網站可公開公司董監事名單，助理名單可直接查詢，但僅提供姓名無法確認身份對應，需進一步釐清資訊匹配問題。

### 決策事項  
- 會議確認目前並無法律依據要求立法委員助理揭露其個人個資或開公司等資訊，相關要求需透過立法程序推動，現階段無法強制要求。  
- 主張未來若設立揭露管道（如平台），應以道德勸導為主，而非法律強制，並建議由立委個人自願參與揭露。  
- 認定經濟部商業司網站可公開查詢公司董監事名單，但僅能提供名稱，無法確認與立委助理之間的對應關係，因此僅能作為參考，不具備確鑿性。  
- 主席提出暫不深入細節討論，但同意以周韻采提出的「建立揭露平台、以道德鼓勵參與」為概念方向，作為未來可能推動的基礎。  

（決策層級分級說明：  
1. 高層

### 行動項目  
- 建議建立一個公開平台，讓立法委員可主動揭露其助理的相關資訊（如董監事名單） - 周韻采、曾柏瑜（概念提出與討論）  
- 明確區分助理個人資料與公開可查詢的商業登記資訊，強調經濟部商業司網站已提供公開查詢管道（如董監事名單） - 周韻采  
- 進一步釐清「助理是否為立委個人資金支付」的法源依據，並強調若由立法院支付薪資，則應依法公開 - 曾柏瑜  
- 探討未來是否可透過道德倡議，鼓勵立委主動揭露助理相關資訊，但強調目前缺乏法律強制力 - 周韻采、曾柏瑜  

（註：以上行動項目皆屬概念性討論與建議，

### 總結  
會議核心議題為：目前缺乏法律依據要求立委助理揭露個人或公司資訊，僅能以道德勸導，未來若要建立揭露管道，需先透過立法明確規範。",2025-09-24 23:09:11,助理資訊揭露面臨法源限制，公費助理須依法公開，其餘僅能以道德勸說；周韻采認為公司登記資訊可查，非屬個資，主席建議暫不深入細節，先確立概念。,,
23,我們希望公費助理及立委自費助理的部分能夠廣泛地揭露，其實還有另外一種是剛剛周老師沒有講的，就是免費的。免費的可能最貴，因為免費的掛各種主任等等之名的狀況也很多，不是每個委員都會……。我不知道不分區的部分會不會有，選過區域立委的就會知道，其實選上以後，地方會有一大堆跟利益相關的人跑來自願幫你服務，希望掛你的主任、顧問等等，有一些人當然就會都拒絕，包括我在內；有一些人會不會因為什麼樣的原因不一定拒絕。這個東西要不要揭露？我覺得可能在一個一定的廣泛揭露，甚至於是剛剛提到至少有一個平臺，讓委員自願去揭露自己的團隊有多少公費助理、多少自費助理、多少顧問，這些顧問是「顧」什麼「問」，委員也很願意寫。相對來講，有些委員看起來全部空白，當然會被人覺得他是不寫，還是真的統統都沒有助理。就像現在幾個監督國會的團體也有鼓勵委員自己去揭露一些並不是在法律上面必須要揭露的資訊，但是他因為配合這些監督團體的要求而揭露某一些其他部分，最後還是可以比較出來哪一些委員比較願意、有比較高的自我要求。也就是說，我現在要提的是，是不是在這些原則裡面去提到鼓勵委員廣泛揭露的原則，應該是這樣,481,"## 會議記錄整理

### 出現人物  
- 周老師 - 未明確職位 - 提到「剛剛周老師沒有講」，暗示其曾就助理制度發表意見，但未具體說明其職位或發言重點，僅作為對比與背景提及  
- 我（說話者） - 立委（立法委員） - 主要貢獻為強調對「免費助理」現象的觀察與反思，指出部分委員會因各種原因接受或拒絕掛名主任、顧問等名義的服務，並主張應建立平台讓委員自願揭露公費、自費助理及顧問的實際情況，以提升透明度與公信力，同時表達個人拒絕掛名的立場  
- 監督國會的團體 - 非個人角色，但作為外部推動力量，鼓勵委員揭露非法律強制之資訊，以作為評估委員自我要求與透明度的依據  

> 補充說明：會議記錄中雖未明確列出所有人物的職稱，但根據語境可推斷「我」為一名立委，並以個人經驗與觀點提出政策建議；「周老師」為曾發言但未完整說明內容的對象，可能為某位立委或專家；「監督國會的團體」為組織性

### 核心要點  
1. 建議建立公開揭露平台，鼓勵立委自願公開其團隊的公費助理、自費助理及顧問名單與服務內容，以提升透明度並讓公眾判斷其實際服務狀況。  
2. 免費助理或掛名顧問的現象普遍且可能涉及利益關聯，揭露這些資訊有助於檢視立委團隊真實運作，並促進委員自我監督與責任意識。

### 決策事項  
- 建議在國會監督相關原則中加入「鼓勵委員廣泛揭露其團隊組成資訊」的內容，包括公費助理、自費助理及顧問的數量與服務內容（如顧問「顧什麼、問什麼」），並建立一個公開平台讓委員自願揭露其助理與顧問的詳細資訊。  

（此決策屬建議性與原則性決策，層級為中高，屬於政策推動方向的決策，並非強制性義務，但具備推動監督透明度與提升公眾信任的意涵。）

### 行動項目  
- 建議在國會監督原則中加入鼓勵委員廣泛揭露其團隊組成（如公費助理、自費助理、顧問等）的條款 - 會議參與者（未明確指派）  
- 推動建立一個公開平台，讓委員自願揭露其團隊的助理與顧問資訊，包括顧問所「顧」的內容與服務範圍 - 會議參與者（未明確指派）  
- 評估並確認該揭露機制是否適用於不分區立委，並蒐集選過區域立委者之經驗與觀察 - 會議參與者（未明確指派）  
- 鼓勵監督國會團體與相關機構協助推動委員自我揭露，並作為透明度比較的依據 - 會議參與者（未明確指派）  

（註：

### 總結  
應推動建立公開平台，鼓勵立委自願揭露其團隊中公費、自費助理及顧問的數量與服務內容，以提升透明度並促進國會監督效能。",2025-09-24 23:10:00,建議廣泛揭露立委助理資訊，包含公費、自費及免費掛名顧問，以建立透明平臺讓委員自願公開，提升自律並便於外界比較監督。,,
24,"至於真正要怎麼去處理的時候，我想在原則及價值的部分也不太適合逐條地去寫應該要怎麼去處理，但是因為我們已經訂下這個原則，未來立法院以這個原則來設想我們如何梳理剛剛處長講的他們局處管理的業務裡面去促進這樣的可能性，應該是這樣。
洪國鈞：剛剛有提到對於公費助理的定義，其實現在相關的法規裡面像公職人員利益衝突迴避法第三條有做相關的定義，還是可以先用，因為公費助理這個詞其實定義是更窄更narrow，公職人員利益衝突迴避法第三條後面寫說是指各級民意代表的公費助理，還有加入助理工會之助理，還有其他受其指揮監督之助理，是不是可以先用這個名詞，至少這是法律也有定義，就沒有剛剛那個沒有法律定義的問題。
主席：好，ok，那我們這個第二……
侯宜秀：我想講的是，就是我們討論程序的問題，從剛剛原則這一塊看起來，我們接下來其實原則現在大家寫的這些google document裡面，應該是蒐集我們現在看到所有的需求跟資訊，但是于顥有另外貼一個表格是實際上我們接下來要再narrow down，就是說應該要再寫得更細，實際上要執行那個方案的內容會在那個表格裡面，我猜並不是所有東西都會放到那個表格裡面，所以有一些如果沒被放進去的，可能我們還是要在另外一個地方把它記下來，",525,"## 會議記錄整理

### 出現人物  
- 洪國鈞 - 公職人員利益衝突迴避法相關法規專家 / 原則定義建議者 - 提出應參考《公職人員利益衝突迴避法》第三條對「公費助理」的法律定義，認為該定義更明確且具法律依據，建議在會議中採用此定義以避免因缺乏法律基礎而產生爭議。  
- 侯宜秀 - 會議程序與執行規劃建議者 - 提出應將原則性內容與實際執行方案分開處理，建議在Google Document中蒐集整體需求與資訊，並由于顥負責製作更細緻的執行表格，同時強調未納入表格的內容仍需另作記錄，以確保資訊完整性與可操作性。  
- 于顥 - 執行方案細項規劃者（透過侯宜秀提及） - 被提及負責製作實際執行方案的細部表格，用以「narrow down」（精確化）未來執行內容，是實際操作層面的關鍵角色，雖未直接發言，但其工作內容被明確指出為會議進程中重要的一環。  

（註：主席為會議主持人，雖有出現，但未具體發言或提出具體貢獻內容，故未列入人物識

### 核心要點  
1. 使用《公職人員利益衝突迴避法》第三條定義「公費助理」——此為具法律依據的明確定義，可作為現行政策與業務處理的基礎，避免因缺乏法源而產生爭議。  
2. 原則性文件與執行細節分離：原則部分應聚焦於整體方向與價值導向，實際執行方案則透過專屬表格進一步細化與篩選，未納入表格的內容需另作記錄，確保內容完整與可操作性。

### 決策事項  
- 未來立法院將以「公職人員利益衝突迴避法第三條」所定義的「公費助理」為基礎，作為公費助理的定義，並採用此法律已有明確定義的名詞，以避免因缺乏法律依據而產生爭議。  
- 原則性內容將整理於Google Document中，用以蒐集現有需求與資訊；實際執行方案的細節將另以於顥所貼的表格中進行精緻化（narrow down），該表格將作為執行方案的具體內容載體。  
- 未被納入表格中的其他需求或資訊，將另於其他地方進行記錄與保存。  

（此決策事項涵蓋原則應用、定義依據、執行細節分工與資訊管理方式，屬於中高層級決策，具備明確的行動指引

### 行動項目  
- 將公費助理的定義依據《公職人員利益衝突迴避法》第三條進行採用（即涵蓋各級民意代表的公費助理、加入助理工會之助理，及其他受其指揮監督之助理） - 洪國鈞（建議提出，作為法源依據）  
- 整理並蒐集目前所有關於原則與價值的相關需求與資訊，納入Google Document中作為基礎資料 - 侯宜秀（負責推動資訊蒐集）  
- 針對實際執行方案內容，另設表格進行細部篩選與精簡（即「narrow down」），並釐清哪些內容將被納入表格、哪些需另作記載 - 于顥（負責設計與執行表格，並界定內容歸屬）  
- 對未納入執行表格的項目，進行補充記錄，確保所有

### 總結  
會議確認以「公職人員利益衝突迴避法」第三條定義為公費助理的標準，並強調未來將透過Google Document蒐集整體需求，再以專屬表格精確篩選執行細節，未納入表格之議題則另作記錄。",2025-09-24 23:10:54,與會者認為原則層面不必細列處理方式，助理定義可依《利益衝突迴避法》；未來需再收斂需求，將可執行方案與未納入項目分別記錄。,,
25,"就是在現在廣泛蒐集之後有選了一些是有押執行日期的，因為那個表格裡面是有執行日期，所以有執行日期就會時間到了，就要回來檢視執行成效，那有一些可能我們不會押在這一年的執行日期，那可能有另外一個表格我們要留著。那另外就是我覺得大概我們現在這些分類就是要去討論那些表格要怎麼做的細項時，可能每一個分類都需要有一場會議，不是五個分類一場，所以我想我們接下來是不是會有很多分組的會議，就是每一個項目裡面會有不同的……，就是你要去做實際上執行動作的時候討論就會很細，比如說像剛剛的討論可能也會需要邀請立法院實際上執行的人，然後要檢討現在的法制狀況，那所以我在想說後面這個東西就是在討論實際上那個action item的時候所討論的模式是否每一個題目都需要另外再安排會議，或是小組裡面都寫好，然後我們再怎麼進行。于顥貼的那個表格裡面，可能我們需要增加一欄是現在法規的相關規定，大概是這樣。
于顥：現在要先討論這個嗎？
主席：我想這樣的話，我們是不是一樣都把它順完，然後那個表格，我們現在就先記下來，那個表格應該要有一個對照到現在法規的欄位，然後以及剛才侯律師說的進入比較細部的討論，以及跟各個局處的對應，這些會發生在10月份嗎？還是會發生在9月底之前？",518,"## 會議記錄整理

### 出現人物  
- 于顥 - 表格製作與執行規劃參與者 - 提出應在表格中增加「法規相關規定」欄位，並詢問是否應立即進行此項討論，反映其在執行計畫細節與法規對應方面的主導角色  
- 主席 - 會議主持人 - 引導會議方向，提出應將表格設計包含法規對照欄，並詢問細部討論與各局處對應的時間節點（9月底或10月），顯示其在協調議程與進度安排上的核心角色  
- 侯律師 - 法制議題參與者 - 提出「進入比較細部的討論」，暗示其在法制狀況檢討與實際執行之間的橋樑作用，特別是針對現行法規與執行計畫的結合  

（註：雖未明確提及職稱，但根據語境可推斷其角色與貢獻）

### 核心要點  
1. 表格需增設「現行法規相關規定」欄位，以建立執行與法制的對照，提升後續檢視與評估的準確性。  
2. 每個分類項目應獨立舉辦專門會議或小組討論，以深入檢視實際執行細節與局處對應，確保行動項目（action item）具體可行。

### 決策事項  
- 在現有的表格中增加一欄「現在法規的相關規定」，以對照當前法規內容。  
- 對於各分類項目，未來在進行實際執行動作時，應針對每一個項目安排獨立的會議或小組討論，而非所有分類合併為一場會議。  
- 討論「實際行動項目（action item）」的細部內容與執行模式，將在9月底之前完成，並與各局處進行對應與檢討。  

（上述決策涵蓋中層與操作層級，涉及流程設計、表格結構與會議安排，具備明確行動指標與時間節點，屬於具體決策內容。）

### 行動項目  
- 增加「現行法規相關規定」欄位至於顥貼的表格中 - 于顥（負責）  
- 討論每一個分類項目是否需另安排專門會議，或透過小組討論進行細部執行動作規劃 - 主席（提出建議，需進一步確認）  
- 討論各分類項目與各局處的對應關係，並釐清細部討論時程 - 主席（提出議題）  
- 明確規劃「進入細部討論」與「局處對應」相關議程的時間點（是否於9月底前或10月份完成） - 主席（需確認時間要求）  

（緊急程度：中等；時間要求：需於9月底前或10月內完成，具體時程待確認）

### 總結  
會議決議在現有表格中增設「現行法規規定」欄位，並建議針對各分類項目另設專門小組會議，以深入討論執行動作與局處對應，相關細部討論預計於9月底前完成。",2025-09-24 23:11:32,會議討論如何管理執行表格，建議增設法規對照欄位；各分類需獨立會議深入檢討並邀立法院相關單位，細部討論時程規劃於9月底至10月間。,執行表格管理與流程優化、國會資料公開與法案進度即時性、投票與問政整合、以及公聽會事前公開與影響追蹤機制,
26,"于顥：其實剛剛宜秀提出來的東西，其實是針對後續我們時程安排整個架構的調整，所以我可能等一下……
主席：更務實化……
于顥：應該說我們把5組的東西都順完之後，因為現在大家應該是依照之前vTaiwan整理出來的東西作一個彙整，我們有一個共識是這樣，那下一個步驟，我們先來討論一下我們的記錄方式，因為接下來我們為了之後可以完整生成一份報告，大家寫東西的方式，還是要有一定的邏輯，這樣我們才有辦法最後生成一份文字化的報告，所以那個表格的部分，我剛剛丟到slack的是接下來大家要怎麼把意見分別丟到那些東西裡面，我們才有辦法之後再一個個把它抽出來，最後順成一份報告。然後還有另外因為我們原本排的是每次大會都是5組來做討論，那要不要改成一次會議討論一個項目？因為這個部分也會影響到時程，所以我覺得等一下我們順完之後整體來做個討論，好不好？把議程作這樣的調整，剛才第一組結束，是不是要請第二組？
主席：對，我們請口袋國會來報告下一個章節，便於取得利用的國會資訊。
高宇成：主席、各位伙伴大家好。口袋國會高宇成報告。第一次小組討論後，其實這一組最重要的是，協助國會資料便於公開並取得應用。現在我們主要是依照民眾、從vTaiwan整理民眾的意見，下面整理的是委員提供的意見。",528,"## 會議記錄整理

### 出現人物  
- 于顥 - 會議主持人/時程規劃者 - 提出調整會議架構與記錄方式的建議，強調需建立邏輯清晰的記錄體系以利後續報告生成，並建議將原「每次大會5組討論」調整為「每次會議討論一個項目」，以更有效管理時程與議程。  
- 主席 - 會議主持人 - 認同於顥提出的務實化方向，並指示請「口袋國會」進行下一個章節的報告，強調提升國會資訊的公開與應用價值。  
- 高宇成 - 口袋國會成員/報告人 - 報告第一組小組討論成果，重點在於協助國會資料的公開與可應用性，並說明團隊依據民眾意見與vTaiwan資料整理出委員提供的意見。

### 核心要點  
1. 調整會議議程結構 - 從原先「每次會議討論5組」改為「每次會議聚焦單一項目」，以提升討論效率與報告生成的邏輯性與完整性。  
2. 建立標準化記錄方式 - 要求各組以結構化表格方式整理意見，確保後續能系統性抽提並生成完整文字報告，強化資料可追溯與應用性。

### 決策事項  
- 將原本每次大會由5組進行討論的模式，調整為「一次會議討論一個項目」，以更符合實際時程與報告生成需求。  
- 確定未來會議的記錄方式需具備邏輯性，並建立明確的表格結構，以便將各組意見分類整理，最終能完整生成一份文字化報告。  
- 設定由「口袋國會」負責報告下一個章節，以提升國會資訊的公開性與可應用性。  

（上述決策涵蓋時程安排、記錄方式與議程執行層面，屬於中高層級決策，具備實際執行與後續報告生成的影響力。）

### 行動項目  
- 調整會議議程，由原先每場大會討論5組轉為每次會議討論一個項目，以更符合時程安排與討論效率 — 于顥（提出建議，需會議決議）  
- 建立統一的記錄方式與表格格式，確保意見能結構化整理，以便後續生成完整報告 — 于顥（負責推動，並提供Slack表格模板）  
- 請口袋國會團隊在會議中報告下一個章節的國會資料整理成果，並協助公開與應用國會資訊 — 高宇成（負責報告內容）  

（緊急程度：中等；時間要求：需於下一次會議前完成議程調整與記錄方式確認）

### 總結  
會議核心決議為調整討論架構，從原先每會5組輪流改為單一項目專題討論，並統一意見記錄方式以確保後續能完整生成報告。",2025-09-24 23:12:06,于顥建議調整會議流程與記錄方式，以利最終彙整完整報告；口袋國會第二組報告聚焦於提升國會資料公開性與可取得、可應用性。,,
27,"第一個意見提到，立法院應該主動公告法案進度，對於主動，民眾會有兩個想像：一個是他要找得到；一個是他坐在家裡就可以知道。第二個想像會比較困難，但在討論時仍會朝此方向來討論一些東西。至於委員的意見，其實現在立法院已經有法案的追蹤平台，因此法案進度的公開資訊這部分已經有在做。不過民眾為何如此無感？對此，在討論過程中一直會出現的一個東西是：即時性。也就是這東西是否夠快？如果要經過幾個月或半年後，或者一個會期結束後才會上立法院網站，這樣對民眾來說太慢！再來是近用性的優化。
第二，即使已經公告制式法案進度，但這部分仍與識讀教育有關，因為民眾並不知其意義為何，何謂進委員會？何謂一讀、二讀、三讀？何謂逕付二讀？這些可能和另外一組有關，所以我不多談。
民眾反映說，往往法案已經進入審議議程，甚至已經過了，他才知道原來有這個法案！若公民團體有一些想倡議的東西，那就已經來不及了！因此，有無可能做到在法案審議前期通知？譬如行政院已經在研議什麼法案，是不是應公告出來並在立法院看得到？也就是兩院應如何連結？譬如委員或黨團正在研擬何種提案，有無可能在審議前期就先進行公告？這點還滿重要的。",485,"## 會議記錄整理

### 出現人物  
- 立法院委員 - 委員職位 - 提出法案進度應主動公告，強調民眾對「即時性」與「近用性」的期待，認為現有追蹤平台雖存在，但資訊更新過慢、民眾無感，並建議在法案審議前期即公告行政院研議內容與委員黨團的提案，以提升民眾參與與倡議時機。  
- 行政院（代表性角色） - 政策研擬單位 - 被提及在研議法案，建議應在法案審議前期公告其研擬內容，以讓民眾及公民團體提早掌握資訊，避免錯過倡議時機。  
- 民眾 - 公眾參與者 - 反映法案審議資訊遲到，常在法案已進入或通過後才知悉，強調資訊透明與即時性的重要性，呼籲兩院應加強連結與提前公告。  
- 公民團體 - 社會參與組織 - 被提及為法案倡議的主體，反映在法案審議過後才知悉，導致倡議時機已錯過，呼籲應在審議前期即獲知法案動態。  

> 備註：會議記錄中未明確提及具體個人姓名，僅以「

### 核心要點  
1. 法案進度需提升即時性與近用性——民眾對法案資訊無感，主因在於資訊更新過慢（如需數月或會期結束後才上網），應優化為實時公告，讓民眾能在家即時掌握進度，並提升資訊的易讀與可理解性。  
2. 建議建立審議前期公告機制——應由行政院與立法院協力，在法案研擬階段即公開提案內容與審議計畫，讓公民團體與民眾提前知悉，避免法案已過審議期後才知曉，造成倡議時機錯失。

### 決策事項  
- 未來應加強法案進度公告的即時性，確保民眾能在法案審議過程中迅速取得資訊，避免需等待數月或一個會期後才上網公告，以提升資訊的近用性與可及性。  
- 建議在法案進入審議議程前，由行政院與立法院進行連結，於審議前期公告行政院研議中的法案或委員、黨團正在研擬的提案，使民眾及公民團體能提前知悉，避免因資訊遲到而錯失倡議時機。  

（上述兩項為會議中明確提出之決策方向與行動建議，屬於中高層級決策，涉及資訊透明度、民眾參與與制度連結之優化。）

### 行動項目  
- 建立法案審議前期公告機制，讓民眾在法案進入審議議程前即能知悉相關提案內容（如行政院研擬或立法院黨團研擬之法案） - 立法院與行政院（雙方協調）  
- 提升法案進度資訊的即時性，縮短資訊更新週期，避免需等待數月或一個會期後才上網公開 - 立法院法案追蹤平台團隊  
- 優化法案進度資訊的近用性，加強民眾對法案用語（如一讀、二讀、三讀、逕付二讀、進委員會等）的理解與識讀教育 - 立法院與公民教育單位（如教育部或公民參與機構）  
- 推動兩院資訊連結，使法案研擬階段的資訊能同步在立法院網站

### 總結  
立法院應提升法案進度公告的即時性與近用性，並在審議前期主動公告行政院研議與委員黨團提案，以彌補民眾資訊斷層與倡議時機錯失的問題。",2025-09-24 23:12:52,討論重點在法案進度公開：民眾感受不足主因在即時性與可讀性，建議加強早期公告與兩院資訊連結，避免法案審議後才被知悉。,,
28,"我們有看了一下法案追蹤平台，也是主動觸及民眾、即時性等問題，其實最重要的是即時性與前期告知。還有，資料雖有公開，但相對應用性仍然不足，所以建議可以舉辦一些活動，可以提升相關能力。
下一個民眾的意見是，立委個人資料整合與立委團隊資料整合。我們提出應該把立委相關資料整合在一起，這樣也許一個頁面就可以找到，方便民眾取得委員所有問政表現與紀錄。特別是投票紀錄仍無法完全資訊化，但唯有透過長期的投票紀錄才可以看到這個委員所關注的議題與其問政取向，其所長期關注的議題態度、立場是否一貫？所以還是希望可以把委員相關問政資料都整合在一起。至於應該要公開的資料，譬如助理，我們就不再贅述。
下一個民眾意見是法案於審議期間要有參與管道，好讓他們於審議期間就能有所瞭解。這就涉及一個東西，也就是民眾一直反映的公聽會問題！現在公聽會往往只見逐字稿會議紀錄，但民眾一直希望的，我們也應該做到的是，可否做到公聽會後續的影響追蹤與成效評估？譬如一場公聽會開完後，也對法案審議發揮功效，但哪些專家學者在公聽會上的意見被採用了？這就是公聽會的影響追蹤與成效評估，而不是只有當天的會議紀錄。否則大家只看到會議當天誰講了什麼話而已",497,"## 會議記錄整理

### 出現人物  
- 立委 - 未明確姓名，職位/角色：立法委員（代表民眾意見提出者） - 主要貢獻或發言重點：提出立委個人資料與團隊資料整合的建議，強調應將立委的問政表現、投票紀錄等資訊整合於一個平台，以便民眾掌握其長期議題關注與立場一致性；並指出現有投票紀錄資訊化不足，呼籲建立完整問政資料庫。  
- 民眾 - 未明確姓名，職位/角色：公眾意見代表 - 主要貢獻或發言重點：提出法案審議期間應設置參與管道，強調公聽會應不僅提供會議紀錄，更應進行「後續影響追蹤與成效評估」，例如追蹤專家學者意見是否被法案採納，以提升公聽會的實際效益與透明度。  

（註：會議記錄中未提及具體個人姓名，僅以「民眾」與「立委」作為角色代表，基於語境推論其為意見提出者與政策建議者。）

### 核心要點  
1. 整合立委問政資料（含投票紀錄）— 建議將立委個人問政表現、投票紀錄等資訊整合於單一平台，以提升民眾對立委立場與議題關注的透明度與長期觀察能力，強化問政透明度與一致性評估。  
2. 建立公聽會後續影響追蹤與成效評估機制— 民眾期盼公聽會不僅僅是會議紀錄公開，更應追蹤其意見是否被納入法案審議，並公開採納情況，以提升參與的實際價值與公信力。

### 決策事項  
- 將立委個人資料與團隊資料進行整合，建立一個統一平台，讓民眾可於單一頁面查詢立委的問政表現與紀錄，特別是投票紀錄，以評估其議題關注與立場一致性。  
- 建議在法案審議期間設立民眾參與管道，並推動公聽會後續的「影響追蹤與成效評估」，以檢視公聽會上專家學者意見是否被法案採納，提升公聽會的實際效益與透明度。  
- 考慮舉辦相關活動，以提升民眾對法案追蹤平台的應用能力，強化其即時性與前期告知功能，彌補現有資料的應用性不足問題。  

（上述決策事項中，「整合立委問政資料」與「推動公聽會後續影響追�

### 行動項目  
- 整合立委個人與團隊相關問政資料（如投票紀錄、問政表現等），並建置於單一平台，方便民眾查詢委員長期關注議題與立場一致性 - 負責單位：政策推動小組（或立法委員資料整合專案小組）  
- 建議推動公聽會後續影響追蹤與成效評估機制，明確記錄並公開專家學者意見是否被法案審議採納，提升民眾對公聽會參與價值的認知 - 負責單位：法案審議與民眾參與專案小組  
- 建議舉辦民眾參與活動，提升法案追蹤平台的即時性與應用性，強化民眾對法案審議過程的了解與互動能力 - 負責單位：民眾參與與教育推廣小組  
（緊急程度：

### 總結  
會議核心聚焦於提升法案審議透明度與民眾參與，強調需整合立委問政資料、推動公聽會後續影響追蹤與成效評估，並加強即時性與資料應用性。",2025-09-24 23:13:35,建議強化法案追蹤即時性與前期告知，並整合立委投票與問政資料；另呼籲建立公聽會後續影響追蹤與成效評估機制，提升民眾參與實質性。,,
29,"其實並不太能知道公聽會的效果何在！再來，公聽會的辦理有無開放其他機制？現在大概就是委員會舉辦或委員個別舉辦，但這涉及民眾參與，屬於另外一組的東西，我們就不多談，這可能需要整合性地一起談。
立院公聽會資料應該在公聽會前即對外開放，譬如該次公聽會有哪些已經有的法案版本？或者是專家學者的相關意見有沒有可能提前，或者是委員會對於這個法案的一些分析評估有沒有可能提前公布讓民眾知道，而不是只告訴你有個會議、有誰會來，但是這個會議的相關資訊都完全沒有，其實應該是在會議開會前有一些資訊，而這些資訊是否可以在會議前就公開。還有就是行政院送立法院審議的法案有沒有可能在審議之前就符合開放資料原則？比如說行政院正在審議中的法案有哪些，有沒有一個公告？不然我們都不知道行政院正在研議哪些法案，忽然「怦」就丟到立法院，然後民眾或是公民團體都不曉得。
民眾還有一個意見是中央法案跟各地方政府執行的落差，這個可能不完全是資料開放的問題，我們委員的討論反而是中央跟地方法案的落實要有一些說明的問題或立法意旨說明的問題，或者是至少應該可以連接相關法律跟地方政府的施行細則。民眾的反映是說，這個法是這樣規定的，但是在臺南、在臺北、在臺中為什麼執行是這樣",511,"## 會議記錄整理

### 出現人物  
- 委員 - 委員會成員（未具體命名） - 提出公聽會資訊應提前公開的建議，強調法案版本、專家意見及委員會分析評估應在會議前對外公布，並質疑現行僅通知會議資訊卻無內容公開的缺失；同時指出行政院送審法案應符合開放資料原則，建議應公告審議中法案，以提升民眾參與與透明度。  
- 民眾 - 公民團體或一般民眾代表（未具體命名） - 提出中央法案與地方政府執行之間落差的問題，呼籲應加強中央與地方立法意旨的說明，並建議建立法律與地方政府施行細則之間的連結，以確保政策執行的一致性與透明度。  

（註：會議記錄中未提及具體個人姓名，僅以「委員」與「民眾」概括其角色與發言內容。）

### 核心要點  
1. 公聽會前應公開法案版本、專家意見及委員會評估資訊 - 為提升民眾參與品質，應在公聽會前主動公開相關法案內容與專業分析，避免僅告知會議資訊卻無實際內容可參考。  
2. 行政院審議中的法案應依法公開，並建立中央與地方執行落差的說明機制 - 應推動法案審議過程透明化，並強化中央法規與地方施行細則之間的連結，以解決實際執行上的不一致問題。

### 決策事項  
- 立院公聽會的相關資料（如法案版本、專家學者意見、委員會分析評估）應在公聽會前對外公開，以提升民眾參與度與透明度。  
- 行政院送立法院審議的法案，應在審議前符合開放資料原則，並公告正在研議中的法案內容，使民眾及公民團體能提前知悉。  
- 中央法案與地方政府執行之間的落差，應透過立法意旨說明或建立中央法規與地方施行細則的連結，以提升政策落實的透明性與一致性。  

（以上決策事項為會議中提出之具體建議與結論，屬於中高層級政策透明化與民眾參與的關鍵決策，具備可操作性與政策導向性。）

### 行動項目  
- 公聽會相關資料應於會議前對外公開，包括法案現行版本、專家學者意見及委員會的分析評估，以提升民眾參與度與透明度 - 委員會（或相關政策單位）  
- 探討行政院送立法院審議的法案是否可在審議前依開放資料原則公告，明確公開正在研議中的法案清單 - 行政院  
- 整合中央法案與地方政府執行之間的落差，建立中央法規與地方施行細則之間的連結機制，並加強立法意旨說明，使民眾清楚理解法規在不同地區的執行差異 - 委員會或立法單位  

（註：上述行動項目皆未明確指派具體個人，負責單位以政策主責單位為主；緊急程度依序為中高，其中「公聽會

### 總結  
公聽會應提前公開法案版本、專家意見及審議進度，並需加強中央與地方立法意旨及執行細則的連結，以提升民眾參與與透明度。",2025-09-24 23:14:13,建議公聽會應於會前公開法案版本與專家意見，行政院法案研議亦應提早公告；另指出中央法案與地方施行落差大，需加強法規與細則連結與說明。,,
30,"比如說美豬，地方是零檢出，但中央已經開放了，這到底是怎麼回事？到底是零檢出還是我可以使用？我可以吃？可能民眾會有這個問題，這個可能一部分牽扯到資料的開放。
另外很重要的，我們提出的是，立法院預算中心有定期相關的評估報告，這個部分是不是應該也要可以公開？我們建議是要公開，不是是不是也要公開，我們建議要公開，比如說公開研究的時程等等。
再來是民眾有反映說委員會辦的跟立委自己辦的公聽會資料開放程度不同，有一些委員自辦公聽會也是用立院的資源開的，有些是用委員的身分召開的，但是可能就沒有完整的會議紀錄，或者是有一些相關的資訊就沒有充分揭露，所以應該是要一致的。
另外，民眾有反映公聽會是不是可以開放民眾報名參與或是開出名額讓NGO自己主動報名？我們的建議是立院應該要有一個完整的議事行事曆，對於這個部分，立法院現在的確會公告下一週的議程，前兩週或前一週會公告下一週的一些主要議程，但是好像沒有一個完整整合性的行事曆，我們建議公聽會至少要在一週前公告，因為有些公聽會召開可能是比較臨時的，但至少能在一週前可以詳實公布議事的行程，讓民眾可以提早得知，至於是不是民眾可以參與則是另外一組，那就大家一起整合來討論",500,"## 會議記錄整理

### 出現人物  
- 立法院預算中心 - 預算評估單位 / 建議提出者 - 提出應公開相關評估報告（如研究時程），並強調資料透明化的重要性，以回應民眾對資訊開放的疑問  
- 立法院委員 - 公聽會組織者 / 資料開放監督者 - 民眾反映委員會辦的公聽會與立委自辦公聽會在資料開放程度上不一致，指出部分公聽會缺乏完整會議紀錄或資訊揭露，呼籲應統一標準  
- 立法院 - 議事運作單位 / 政策建議主體 - 被建議應建立完整整合性的議事行事曆，並提前一週公告公聽會議程，以提升民眾參與與資訊透明度；同時建議公聽會應開放民眾或NGO報名參與，並由各方共同討論  

（註：會議記錄中未提及具體個人姓名，僅以「立法院預算中心」、「立法院委員」、「立法院」等組織或角色出現，因此以職位或角色代稱，並依其在內容中所扮演的貢獻與發言重點進行歸納）

### 核心要點  
1. 公聽會資訊應公開透明且具預告性 – 建議立法院建立完整整合的議事行事曆，至少提前一週公告公聽會議程，確保民眾能及時知悉，並提升資訊透明度與參與機會。  
2. 公聽會資料與研究評估應統一公開 – 建議所有公聽會（含委員自辦）應有完整會議紀錄與相關資訊公開，並推動立法院預算中心的評估報告、研究時程等內容公開，確保資訊對等與民眾知情權。

### 決策事項  
- 立法院預算中心定期發布的相關評估報告應公開，包括研究時程等資訊。  
- 公聽會應建立一致的資料開放標準，確保無論是由立法院主辦或委員自辦，皆應有完整會議紀錄與相關資訊揭露。  
- 立法院應制定並公告完整的議事行事曆，公聽會至少應於一週前公開詳細議程，以讓民眾及時知悉。  
- 公聽會是否應開放民眾報名參與，或允許NGO主動報名，建議另組專案進行整合討論（此為建議性討論，尚未形成決策）。  

（說明：上述決策事項中，前三大項為明確提出且具體的建議與決策方向，已具備可執行性與責任歸屬；第四項為進一步討論議題，

### 行動項目  
- 公開立法院預算中心定期評估報告（含研究時程等內容） - 立法院預算中心（建議公開）  
- 建立統一且完整的立法院議事行事曆，並確保公聽會至少於一週前公告議程與詳細資訊 - 立法院議事處或相關單位  
- 推動公聽會開放民眾報名參與，並允許NGO主動報名參與 - 立法院相關單位（需與其他單位協調整合）  
- 統一各委員會與立委自辦公聽會的資料開放標準，確保會議紀錄與相關資訊完整揭露 - 立法院議事處或公聽會管理單位  
- 明確釐清「美豬零檢出」與中央開放政策之間的差異，並公開相關資料以回應民眾疑問

### 總結  
會議核心為推動立法院公聽會資訊透明化，建議公開評估報告、統一公開標準、建立完整議事行事曆，並提升民眾參與與報名機制。",2025-09-24 23:14:56,建議公開立院預算中心評估報告，並統一委員會與立委自辦公聽會資訊揭露；同時推動完整議事行事曆，至少提前一週公告，提升民眾知情與參與機會。,立院資料與預算公開、議事行事曆與公聽會透明化、遊說法落實與資料整合、分階段開放及著作權標示規劃,
31,"另外，我們也建議公聽會要開放民眾報名、NGO報名，再來是公聽會應該開放直播跟線上參與，這個是資料開放可以做到的。
再來是民眾有反映資訊釋出的時間跟正確有落差，導致倡議的時候資料是不同的，資料的定義也不明確。這個也跟即時性有關，之前立院可能會公告要開什麼會、有什麼資料，但等到正式開會的時候，網路上的資料跟現場提供的資料又不一樣了，這個就造成一些問題，所以資料即時開放的部分，我們覺得要彌補那個落差，建議要去盤點現在資料更新的時間頻率跟時間落差。立法程序中的各種相關質詢跟政府提供的資料，應該開放民眾能夠近用，因為我們有去查了，其實立法院網站有公布一個很完整的立法程序，但是這個圖畫成這樣，民眾其實也很難看得懂或是不一定看得懂。所以我們的建議是，其實在所有的立法過程中，可以公開的相關資料就應該公開給民眾能夠在方便的管道或者是平臺上都可以取得。
再來就是預算相關的資料需要公開，這個是現在立法院一直沒有公開的部分，就是預算相關的資料，應該進一步針對不同立法程序中各項法案的相關資料做到開放跟透明。
接下來是委員提的一些意見，就是立院法制局跟預算中心會提供一些委員修法相關的研析資料，這個應該也要公開",498,"## 會議記錄整理

### 出現人物  
- 立法院立法程序相關單位（未具體命名） - 資料開放與透明化推動者 - 提出立法程序中資料公開的建議，強調應公開立法過程中的質詢內容、政府提供的資料，並改善資料呈現方式，使民眾能更易理解；同時建議盤點資料更新頻率與時間落差，彌補資訊釋出時的不一致問題。  
- 立法院法制局 - 資料提供與研析單位 - 建議其提供的委員修法相關研析資料應公開，以提升立法透明度。  
- 立法院預算中心 - 資料提供單位 - 建議其在立法程序中所涉及的預算相關資料應進一步公開，以實現預算透明化。  

（註：會議記錄中未提及具體個人姓名，僅提到「立法院法制局」、「預算中心」等機構與職能單位，因此無法確認為特定個人，僅能根據職能推論其角色與貢獻。）  

✅ 結論：本段雖提及多個單位與職能，但**無明確個人姓名**，僅有機構性角色描述。  

### 出現人物  
- 本段無具體人物提及

### 核心要點  
1. 資料即時性與透明度不足導致資訊落差 — 建議盤點資料更新頻率與公開時程，彌補立法院公告與實際現場資料不一致的問題，並公開立法程序中的質詢、研析資料，提升民眾對立法過程的理解與信任。  
2. 預算相關資料應全面公開 — 建議將各法案所涉及的預算資訊公開，並透過易懂的平台與管道讓民眾可近用，強化立法透明度與公眾參與。

### 決策事項  
- 公聽會應開放民眾及NGO報名，並提供直播與線上參與功能，以提升參與便利性與透明度。  
- 盤點現有資料更新的時間頻率與實際發布與現場資料之間的時間落差，以彌補資訊釋出時的不一致問題。  
- 在立法程序中，應公開相關質詢內容與政府提供的資料，並改善資料呈現方式，使其更易被一般民眾理解與取得。  
- 預算相關資料應進一步公開，並針對各項法案在立法程序中的預算內容進行透明化與開放。  
- 委員修法所依據的法制局與預算中心提供的研析資料，應同步公開，以提升立法過程的透明度與公眾參與度。  

（上述決策事項均基於會議中提出的具體建議，並以「

### 行動項目  
- 開放公聽會民眾及NGO報名機制 - 無明確負責人  
- 開放公聽會直播與線上參與 - 無明確負責人  
- 盤點現有資料更新的時間頻率與實際發布之間的時間落差，以彌補資訊不一致問題 - 無明確負責人  
- 公開立法程序中相關質詢與政府提供的資料，並改善資料呈現方式，使其更易被民眾理解與使用 - 無明確負責人  
- 公開預算相關資料，針對不同立法程序中的各項法案進行透明化與開放 - 無明確負責人  
- 公開立法院法制局與預算中心提供的委員修法相關研析資料 - 無明確負責人  

（註：所有行動項目均未提及具體

### 總結  
會議核心建議為：應全面開放立法程序、預算及質詢相關資料，並強化資料即時性與透明度，以彌補資訊落差，提升民眾可近用性與理解度。",2025-09-24 23:15:38,建議公聽會應開放民眾與 NGO 報名，並提供直播與線上參與；同時強化資料即時更新，避免公告與現場資料落差。另提預算及法制局研析資料應公開，提升透明度與可近用性。,,
32,"這是立法院提供給委員參考的資料，是不是應該要公開？我們就抓了一、兩個例子，大家可以點進去看一下，這種相關的資料雖然是供委員參考的資料，但既然是立法院的資料，這個部分我們建議就要公開。
再來就是各黨團其實也是用公共預算來運作的，所以黨團的資料應該要公開，包括黨團的助理，黨團開黨團會議的會議紀錄、會議資訊等等，黨團的經費運用應該也要透明，因為這個其實是立法院編列預算讓黨團去使用的，所以民眾應該也可以順利地取得相關的資料。過去黨團在幹嘛其實民眾不太知道，一個黨團大概聘請多少個助理，我們也不知道；黨團開會形成什麼決議、黨團要提出什麼提案、黨團在立院裡面要推動運作什麼政策，我們也都不知道，所以黨團資訊應該是要公開的。
再來就是政治獻金、財產申報這部分，目前的職權在監察院，但是馬上修憲委員會就要召開了，還有很多廢考、監的聲浪，所以有委員就提到立院至少要做好準備，是不是將來這個東西會到立法院來，或者監察院還在運作的時候有沒有一些連結，可以串連委員完整的相關的資料。
再來還有一個就是遊說法應該要落實，到底有多少人來立法院找委員，然後談什麼事情，然後遊說的公開機制應該要建立",485,"## 會議記錄整理

### 出現人物  
- 馬上修憲委員會相關委員 - 修憲議題參與者 / 建議者 - 提出關於政治獻金與財產申報未來可能由立法院接管的議題，建議立法院應做好準備，並思考與監察院現有職權的連結與資料串連，以提升透明度與民眾可及性。  
- 立法院委員 - 會議參與者 / 發言者 - 主導討論黨團資料公開、政治獻金與財產申報透明化、遊說活動公開機制等議題，強調民眾應能取得黨團運作、經費使用、會議決議及遊說內容等資訊，並呼籲建立公開機制。  

（註：會議中未提及具體個人姓名，僅以「有委員」、「馬上修憲委員會就要召開」等語氣提及參與者，因此以職務或角色代稱，並依其發言內容歸納其貢獻與重點。）

### 核心要點  
1. 雖然現行為供委員參考，但立法院的黨團資料（如助理人數、會議紀錄、經費運用與政策推動）應公開透明，以讓民眾了解黨團運作與預算使用情況。  
2. 應推動政治獻金與財產申報資訊的公開機制，並考慮未來將相關職權移轉或整合至立法院，建立與監察院的資料串聯與透明化制度。

### 決策事項  
- 建議立法院應公開其提供的供委員參考資料，例如具體案例，使民眾得以點進查看，強調立法院資料應公開透明。  
- 建議黨團資料應公開，包括黨團助理人數、黨團會議紀錄與資訊、黨團經費運用等，因黨團運作係依公共預算進行，民眾應有權取得相關資訊。  
- 建議建立遊說法的公開機制，明確記錄並公開有多少人至立法院找委員遊說，以及談判內容，以提升透明度與公眾監督。  
- 建議立法院應就政治獻金與財產申報等事項做好準備，考慮未來相關職權可能由立法院承接，或與監察院現有機制進行串連，以建立完整、可查詢的

### 行動項目  
- 公開立法院提供給委員參考的資料（如具體案例），並建立可點閱的公開機制 - 立法院（建議執行單位）  
- 公開黨團相關資料，包括助理人數、黨團會議紀錄、會議資訊及經費運用情況，提升黨團運作透明度 - 立法院（建議執行單位）  
- 探討政治獻金與財產申報資料的未來管理機制，評估是否由立法院承接或與監察院建立資料串聯，並為即將召開的修憲委員會做好準備 - 立法院（建議執行單位）  
- 建立遊說法的公開機制，明確記錄並公開委員遭遊說的次數、內容與對象，並推動相關制度落實 - 立法院（建議執行單位）

### 總結  
立法院應推動黨團資料、政治獻金與遊說活動的公開透明，以提升政治運作的可見度與民眾監督權。",2025-09-24 23:16:17,建議公開立院提供委員參考的研析資料；黨團助理、會議紀錄與經費運用也應透明化。另強調政治獻金與財產申報資料應與立院連結，並落實遊說法，建立公開機制。,,
33,"雖然有遊說法，但是都沒有落實，因為我們都不知道哪些團體、哪些人來找委員，然後關心什麼樣的法案、推動什麼樣的法案。
最後一個是行政院的開放資料跟立法院的開放資料有相對的落差，行政院的開放資料以立院的預算為主，立法院以委員相關法案為主，建議只要有相關的，是開放國會行動方案裡面可以要求的，我們希望立法院跟行政院，就是我們的開放國會跟開放政府這邊其實應該要做一個好的協調跟統整。以上是我們這一組提出來的意見，請大家可以提供一些高見來討論。謝謝。
主席：請大家……還有意見的意思是什麼？因為大家還是要看一下……
吳銘軒：可以把這個檔案丟到slack嗎？
高宇成：有。
主席：我先講一個意見，就是可能要注意一下于顥剛剛給的那個表格喔，最後還是要收斂到一個又更narrow一點的。好，剛剛是不是有誰？好，LuLu。
耿璐：大家好，我是開放文化基金會的耿璐。其實只是補充一下，我覺得當然民眾想要立法院開放的東西很多元，那我覺得也不是在第一輪就全部都要做到，所以我們在討論裡面有提到，就是立法院不是有議會的階段表嗎？那我們是不是在第一輪先檢視這個過程當中有哪些應該被開放的還沒有開放，不見得是可能會加很多東西，先就現在的議程，這也是其中一個意見",514,"## 會議記錄整理

### 出現人物  
- 吳銘軒 - 會議參與者 / 資料協調者 - 提出將會議檔案上傳至 Slack，以促進資訊流通與團隊協作  
- 高宇成 - 會議參與者 / 技術或行政支援人員 - 肯定吳銘軒的建議，表示可執行檔案上傳至 Slack  
- 主席 - 會議主持人 - 引導討論，提醒與會者關注于顥提供的表格，並強調需收斂議題至更精確範圍，同時詢問是否有其他意見  
- 于顥 - 會議參與者 / 資料分析或政策建議者 - 提供表格作為討論基礎，內容涉及行政院與立法院開放資料的落差與協調需求  
- 耿璐 - 開放文化基金會代表 / 公共政策倡議者 - 補充意見，主張立法院開放資料應以現行議程為基礎，先檢視尚未開放的項目，避免過度擴張第一輪開放範圍  

（註：於顥雖未直接提及姓名，但其提供表格並被主席明確提及，屬於會議中具體參與討論的人物，故納入識別）

### 核心要點  
1. 立法院與行政院開放資料內容存在落差，應協調統整——行政院以預算為主，立法院以法案為主，建議針對開放國會行動方案中的項目，由兩方進行有效協調，提升資料透明度與一致性。  
2. 首輪開放應聚焦現有議程，避免過度擴張——應先檢視目前議會階段表中尚未開放的項目，逐步推動，確保可行性與實務落實，而非一開始就全面開放多元議題。

### 決策事項  
- 建議立法院與行政院在開放資料的範疇上進行良好的協調與統整，特別是針對「開放國會行動方案」中可要求的內容，彌補兩者之間的落差（行政院以預算為主、立法院以委員法案為主）。  
- 提出應聚焦於現行議程中尚未開放的項目，並在第一輪檢視哪些議題應優先開放，而非在初期過度擴大開放範圍，以確保實務可行性與執行效率。  

（上述兩項為會議中明確提出的建議與方向，雖未以「決議」形式表達，但具備明確的行動導向與決策意涵，屬於中高層級的政策協調與執行策略決策。）

### 行動項目  
- 將會議中關於行政院與立法院開放資料落差的協調建議，以及開放國會行動方案的統整需求，整理成文件並上傳至 Slack - 高宇成（執行單位：會議組）  
- 檢視立法院現行議會階段表，識別第一輪中尚未開放但應被開放的議程項目，提出初步建議清單 - 耿璐（負責單位：開放文化基金會）  
- 收斂討論內容，聚焦於更精確（narrow）的議題範疇，避免過度擴張議程 - 主席（負責單位：會議主持人）  

（緊急程度：中等；上述行動皆需在下次會議前完成初步成果，其中「檢視議程清單」建議為第一輪重點，應優先推動）

### 總結  
立法院與行政院開放資料內容存在落差，應協調統整並聚焦於現行議程中尚未開放的項目，逐步推動開放國會與開放政府的實踐。",2025-09-24 23:17:00,建議強化遊說法落實，公開遊說對象與法案關聯；並促進行政院與立法院資料協調整合。與會者提醒第一輪先聚焦檢視現行議程中尚未開放的部分，再逐步擴展。,,
34,"就是先看現在的議事流程表裡面，是不是有哪些東西還沒有開放，也是開放資料我們第一個想到的部分，所以才會在討論裡面補了那張表。
主席：那個補充的表格在最後一頁，在雲端的最後一頁，那個圖大家可以看一下，就是那個流程圖。因為有一部分可能會是已經有開放，但是其實民眾不容易搜尋、不容易找的；有一部分是還沒有開放，所以可能還是要把它稍微整理成比較短期跟比較長期的，以及只是要優化目前的程序跟被近用的模式的簡易度。大家還有沒有什麼意見？沒有的話，接著可能就要請這個組別的人，要把這些真的是很豐富的意見濃縮到表格裡面。
王文岳：我只是要補充一個意見，這也是我們另外一組在討論的時候發現的一個問題，就是有關立院的資料，我們有時候不太知道到底什麼樣的資料，它的license狀態是什麼，我覺得這件事情可以讓便於取得利用的國會資訊這一組和數位化國會這一組一起來討論看看，是否在著作權法上面去看看立院到底哪些資料是得為著作標的，以及哪些是不為，不為的範圍在跟民眾宣導的時候是不是要講一下？或者要標示清楚比如這份文件或文獻是屬於不受著作權保護，因為它不是著作權標的，或者是說它有著作權，像是直播的影片，那都是會有著作權的",497,"## 會議記錄整理

### 出現人物  
- 主席 - 會議主持人 - 提出補充表格的說明，指出民眾難以搜尋部分開放資料的問題，並建議將資料按短期、長期及程序優化分類，引導討論進程，並詢問與會者是否有意見。  
- 王文岳 - 國會資訊與數位化組別成員 - 補充意見指出立法院資料的著作權狀態不明，建議由「便於取得利用的國會資訊」與「數位化國會」兩組共同討論，釐清哪些資料屬著作權標的、哪些不屬，並提出應在公開時標示清楚，以提升民眾對資料使用權益的了解。

### 核心要點  
1. 整理議事流程表的開放狀態與使用難度，區分短期、長期與程序優化項目，以提升民眾搜尋與利用效率 — 簡要說明：會議強調需將現有議事流程中已開放與尚未開放的資料，依時程與需求分類，並優化現有流程的可近用性，使民眾能更易取得資訊。  
2. 明確標示立法院資料的著作權狀態，釐清哪些資料受著作權保護、哪些不受，並於公開時主動標示 — 簡要說明：為避免使用誤判，建議由國會資訊與數位化國會組合議，釐清資料的著作標的範圍，並在公開時清楚標示其著作權狀態，提升資料透明度與可利用性。

### 決策事項  
- 將立法院資料的著作權狀態（是否為著作標的）進行釐清，並由「便於取得利用的國會資訊」與「數位化國會」兩組共同討論，釐定相關資料的著作權範圍。  
- 對於不受著作權保護的資料（如議案紀錄、會議筆記等），應在公開時明確標示或宣導，讓民眾清楚知道該資料不具著作權，可自由使用；對於具著作權的資料（如直播影片），則應依規定處理，並標示其著作權狀態。  

（此決策屬於中層重要性，涉及資料開放的法律基礎與民眾使用透明度，屬於流程優化與資料管理層級的關鍵決策。）

### 行動項目  
- 將現有議事流程表中尚未開放的資料進行整理，區分為短期、長期及程序優化類型，並納入雲端流程圖中呈現 - 負責單位：會議組（或相關組別）  
- 與「便於取得利用的國會資訊」組及「數位化國會」組協調，釐清立法院資料的著作權狀態（哪些為著作標的、哪些不為著作標的） - 負責單位：數位化國會組與便於取得利用的國會資訊組  
- 在公開資料中對不具著作權的資料（如議事紀錄、公開文件等）進行明確標示，並於民眾使用時說明其著作權狀態（例如：不受著作權保護、為公開資料） - 負責單位：數位化國會組與便於取得利用的

### 總結  
會議核心聚焦於優化議事流程表的開放與可及性，並提出應明確區分立法院資料的著作權狀態，以提升民眾對資料使用權益的認知與便利性。",2025-09-24 23:17:38,建議整理議事流程表，區分短期可優化與長期待開放項目；另提出立院資料應明確標示著作權狀態，方便民眾理解與使用，並建議與數位化國會組別協作討論。,,
35,"所以說後續各式各樣的錄影、錄音或是文件等等，有關license的部分可能要注意一下。做以上補充。
主席：這要在哪裡注意？
王文岳：第一個我們要先去盤點，到底不受著作權標的文件有哪些，再來就是對於有著作權的東西，在這些檔案或資料釋出的時候，就要在它的metadata上明確的輸入，比如立院願意怎麼樣開放它，是CC嗎？還是別的license？是政府開放資料授權一版嗎？諸如這些等等的。我覺得實際上怎麼做是可以討論的，不過到時候我們在做資料釋出時……，因為目前我看立院的網站，那些有所謂的開放資料，其實在license上面好像都沒有很清楚標示，頂多就是講通通都用政府開放資料授權一版，但事實上有些是不得為著作標的。我目前觀察到的狀況是這樣。
主席：所以在便於取得利用的國會資訊以及數位化的國會可能都要去討論出來，之後在立法院資料開放的時候，應該要做這樣的標示。
王文岳：對，可能兩邊，甚至是多邊，可能包含連國會識讀的部分，在推廣時可能都要做這樣的推廣。
主席：三個小組的組長都先記起來。
于顥：對，有關的建議應該是有關的小組自己要把它叼走。繼續我提一下，公聽會是不是可以開放民眾報名參與這個部分應該不屬於這個項目，這應該是第三組的。
主席：應該是……
于顥：就是公聽會報名參與的部分應該是……",543,"## 會議記錄整理

### 出現人物  
- 王文岳 - 資料開放與著作權政策建議者 - 主要貢獻或發言重點：提出應先盤點不受著作權保護的文件，並強調在釋出資料時必須於metadata中明確標示授權方式（如CC或政府開放資料授權一版），指出現行立院網站對授權標示不清晰，部分資料不得為著作標的，呼籲在資料開放時加強授權標示與透明度。  
- 于顥 - 公聽會相關事項負責人 - 主要貢獻或發言重點：建議公聽會的民眾報名參與事項不屬於本項目範疇，應由第三小組負責，並強調此部分應由相關小組自行處理。  
- 主席 - 會議主持人 - 主要貢獻或發言重點：引導討論，提出資料開放應加強標示授權、推動國會資訊數位化與易取得，並要求三小組組長記住相關建議，確保議題落實。

### 核心要點  
1. 資料釋出時必須在metadata中明確標示著作權授權方式（如CC或政府開放資料授權一版），並區分哪些內容不得為著作標的，以避免使用誤解或法律風險。  
2. 立法院應系統性盤點不受著作權保護的文件，並在國會資訊數位化與開放過程中，同步建立清晰、一致的授權標示機制，提升資料可取得性與利用性。

### 決策事項  
- 對於立法院公開的檔案或資料，在釋出時應於metadata中明確標示其授權方式（如CC授權、政府開放資料授權一版等），並區分哪些內容不得視為著作標的。  
- 在未來推動國會資訊數位化與公開時，應針對「便於取得利用的國會資訊」進行系統性盤點與規劃，並在資料釋出時清楚標示授權條款。  
- 有關授權標示與資料開放的實務操作，應由相關小組（如資料開放小組）負責推動與落實，並在推廣過程中涵蓋國會識讀等多面向內容。  
- 公聽會的民眾報名參與事宜，不屬於本會議項目，應由第三組負責處理。  

（決策層級分級說明：  
1. 高層級決策

### 行動項目  
- 盤點立法院現有檔案或資料中，不受著作權保護的文件項目 - 王文岳（負責）  
- 在公開釋出有著作權的檔案或資料時，於metadata中明確標示其授權方式（如CC、政府開放資料授權一版等） - 王文岳（負責）  
- 檢視立法院網站上開放資料的授權標示，並補充明確的license資訊，特別是針對「不得為著作標的」之項目 - 王文岳（負責）  
- 推動國會資訊與數位化資料在釋出時，於推廣過程中加入授權標示的說明，並擴及連國會識讀部分 - 王文岳（負責）  
- 三個小組組長需記住並推動上述授權標示相關議題的執行 - 主席（指示

### 總結  
立法院在釋出數位化檔案時，應明確標示各文件的著作權授權方式（如CC或政府開放資料授權一版），並針對不受著作權保護的資料進行盤點，以提升資訊可取得性與使用透明度。",2025-09-24 23:18:18,建議立院釐清各類文件、影音之著作權與授權方式，於資料釋出時明確標示 license；此事宜應由「便於利用資訊」、「數位化國會」等小組協同處理並推廣。,文件與影音著作權標示、資訊公開即時性與正確性、公聽會透明度與人民參與限制、國會資料檢索與整合改善,
36,"主席：便於人民參與的國會……
于顥：我先大概順一下這幾個意見。立院應主動公告法案進度，這個我覺得原則上還屬於這一組，但細部的部分，可能到時候再跟行政單位討論。有關立委個人資料整合、立委團隊資料整合，看起來也是屬於這組沒有錯，這也是到時候再跟資訊處那邊做討論。
主席：那公聽會的部分歸入便於人民參與的國會，應該是比較對。
于顥：有關行政院的部分，我想要討論一下，這要不要算在我們的行動方案裡面，因為行政單位應該自己也要出一份行動方案，我覺得不能因為他們沒出，我們就幫他們出，我自己覺得啦！這是我自己的想法。
高宇成：主席，我補充一下。有關公聽會的部分，的確會有兩個部分，一個是民眾便於參與，一個是資訊公開，有關便於參與的部分，我們就不多討論，但是資訊公開的部分，其實現在立院的公聽會應該都是只給會議紀錄文字檔，就是詳細會議紀錄文字檔，可是也不完整。比如你現在隨便去看立院第9屆公聽會的會議紀錄，可能只有第1會期、第5會期、第7會期，不是所有會期都有，所以也不完整，所以第一個就是資訊公開。第二個部分，我們剛剛提到怎麼樣更提早進行法案前期相關資料的通知，或是公聽會前期相關資料的通知，我覺得這個比較困難，但是不是有可能朝這個方向努力",514,"## 會議記錄整理

### 出現人物  
- 于顥 - 立法院議員（或政策提案者） - 提出立院應主動公告法案進度與立委個人資料整合的建議，強調細部議題需與行政單位討論；並表達對行政院應自行提出行動方案的觀點，認為不能單方面由立法院代為制定。  
- 高宇成 - 立法院議員（或政策參與者） - 補充公聽會相關議題，指出現行公聽會僅提供部分會議紀錄且不完整，建議加強資訊公開；並提出應更提早通知民眾法案前期與公聽會相關資料的可行性，雖認為困難，但呼籲朝此方向努力。  
- 主席 - 會議主持人 - 負責引導議題討論，明確將「公聽會」歸入「便於人民參與的國會」範疇，並引導於顥與高宇成進行發言與補充。  

（註：主席為會議主持人，非具體政策提案者，但其角色在會議中具關鍵引導作用，故列為出現人物。）

### 核心要點  
1. 立法院公聽會資訊公開不完整，僅提供部分會期會議紀錄，應加強資訊透明度與完整性，確保民眾能取得完整、及時的法案前期資料。  
2. 行政院應自主提出行動方案，立法院不宜代為制定，強調需建立行政與立法單位協作的責任分工機制。

### 決策事項  
- 會議認為「公聽會的資訊公開」應納入便於人民參與的國會行動方案中，並指出現行公聽會僅提供部分會期的會議紀錄文字檔，內容不完整，需改善資訊公開的完整性與可及性。  
- 會議討論是否應將行政院的行動方案納入本議題，但最終未形成明確決議，僅提出「不應因行政單位未出方案而由立院代為制定」的原則性看法，屬意見表達而非決策。  

（說明：其中「資訊公開」部分為具體且明確的決策方向，屬於中層決策；「是否納入行政院行動方案」為討論性意見，未達結論，故僅列為討論內容。）

### 行動項目  
- 主動公告法案進度（包含立委個人資料整合與立委團隊資料整合） - 于顥（建議與資訊處進一步討論）  
- 提升立院公聽會資訊公開完整性（補充所有會期的會議紀錄文字檔） - 高宇成（建議優先推動）  
- 推動公聽會前期相關資料的提早通知（如法案前期資料） - 高宇成（視為困難但可朝此方向努力）  
- 評估行政院是否應納入本行動方案（是否需由行政單位自行提出行動方案） - 于顥（提出意見，建議不應因行政單位未出而代為制定）  

> 備註：  
> - 「主動公告法案進度」與「資料整合」屬原則性建議，細部執行需與資訊處討論，屬中長期行動。  
>

### 總結  
立法院應加強公聽會的資訊公開完整性與提前通知機制，並推動法案進度主動公告，但不應替代行政單位自行制定行動方案。",2025-09-24 23:18:56,會議確認公聽會屬於「便於人民參與」範疇，但其資訊公開亦應加強；另強調法案與公聽會資料應更完整且提前通知，避免紀錄缺漏並提升透明度。,,
37,"行政院的部分我也再說明一下，我剛剛報告時也有提到，其實開放國會行動方案跟開放政府行動方案在某些部分可能要有一個統整與配合，謝謝。
周韻采：我們整理了一些意見，其實發現有一些小組可能比較需要一些groundwork，就是比較地毯式的苦力，也就是需要一些智慧功能的處理，因為有一些是已經開放了，可是可能不完善，譬如立法院的議事紀錄本來就有，但是你要是每一個字都去唸，找到每個委員的講法或當時的情況，其實是很耗工的，但是目前立法院沒有做tag的動作，以至於你真的要了解他們當時開會的情形，就變成每一個字全部逐字唸完以後，才有辦法找到委員講了什麼。
其實就變成哪一些部分是我們未來可能需要做一些改善，不只是增加新的資料，而是在現有的資料上面可不可以把它變得更容易懂、更快擷取某些資訊。可能之後就變成我們這組需要比較密切的跟立法院資訊處來做，針對某一些他們已經有的，我們可能要進去看以後，大家去討論看看有沒有更好的一個開放形式出來。
主席：于顥先說。
于顥：我只是單純提個建議，我覺得這些意見maybe可以大概融進幾個大項裡面，譬如資訊公開的即時性，包含第一項提到的，還有後面資訊釋出的時間和正確性的部分，其他的部分想到再講，因為我剛剛只想到一半而已，不好意思",525,"## 會議記錄整理

### 出現人物  
- 周韻采 - 開放政府行動方案小組成員 / 資料處理與資訊整合專責 - 提出立法院議事紀錄缺乏標記（tag）的問題，指出現有資料雖已存在但難以有效擷取委員講法，強調未來應聚焦於提升現有資料的可讀性與資訊檢索效率，並建議未來需與立法院資訊處密切合作，優化開放資料的呈現形式。  
- 于顥 - 行政院相關政策建議者 / 行政院內部協調人員 - 建議將眾多意見整合為幾個大項目，特別提到「資訊公開的即時性」，包括資訊釋出的時間與正確性，並提出初步框架，作為後續討論的基礎。  
- 主席 - 會議主持人 / 協調者 - 負責引導討論流程，於會議中點出「于顥先說」，顯示其在會議中扮演調度與推動討論的角色，確保議題順利進行。  

（註：會議中雖未明確標註所有人物職稱，但根據其發言內容與語境可合理推斷其角色與貢獻。）

### 核心要點  
1. 現有議事資料需加強結構化與標籤化（tagging）以提升資訊擷取效率 - 當前立法院議事紀錄雖已存在，但缺乏標籤與智慧處理，導致需逐字閱讀才能定位委員言論，建議未來應與立法院資訊處合作，推動資料結構化與智慧化，提升即時性與可查詢性。  
2. 需統整開放政府與國會行動方案，聚焦資訊公開的即時性與正確性 - 兩大方案應在執行上進行協調與整合，特別是資訊釋出的時間點與內容準確性，作為優先改善方向，以提升公眾對政府資訊的信任與使用體驗。

### 決策事項  
- 未來應針對現有開放資料（如立法院議事紀錄）進行改善，提升資訊的可讀性與資訊擷取效率，特別是在缺乏標記（tag）的情況下，需透過智慧功能（如標註、搜尋優化）協助用戶快速找到委員講法或會議內容。  
- 建議將相關意見整合為幾個大項，其中首推「資訊公開的即時性」，包含資訊釋出的時間與正確性等面向，作為後續討論與行動的重點方向。  

（此為中階決策，屬於方向性與結構性決策，非具體執行行動，但確立了未來工作重點與整合框架，具備明確的決策結論與行動導向。）

### 行動項目  
- 整合開放國會行動方案與開放政府行動方案，進行統整與協調配合 - 行政院（相關單位）  
- 評估立法院議事紀錄的現有資料，提出改善建議，提升資訊可讀性與資訊擷取效率（如加入tag功能，使委員講法更易查詢） - 周韻采團隊（與立法院資訊處密切合作）  
- 將相關意見歸納為幾個大項，特別是資訊公開的即時性（包含資訊釋出時間與正確性）進行結構化整理 - 于顥（建議提出與整理）  

（註：上述行動項目中，「資訊公開的即時性」為建議重點方向，具備時間與執行上的潛在需求，但尚未明確設定時間表或具體執行期限，故視為中度緊急、需後

### 總結  
會議核心聚焦於現有議事資料的結構化與資訊可擷取性改善，強調應在已有資料基礎上加強標籤化與智慧處理，以提升開放政府資訊的即時性與易用性。",2025-09-24 23:19:40,會議指出國會與政府開放方案需統整配合，並強調改善現有資料檢索性，如議事紀錄加標籤提升可讀性；建議將意見整合為資訊公開即時性與正確性等大項。,,
38,"主席：但是剛才講有關公聽會的部分，我覺得有分成幾個層次啦！一個是資料的即時開放，即時開放和整合的部分可能就是在這一組─便於取得利用的國會資訊；但是如果都是在公聽會的層次，哪一些應該要歸於便於人民參與的國會？我覺得乾脆現在口袋國會代表的這一組直接把屬於便於人民參與的國會部分切給他們，不要把整個公聽會弄在一起，我們先切開，到時候在寫報告、行動方案的時候，再決定有沒有調整的必要，但是就把它切開。
另外，我認為有一些網站上面，畢竟我們並不是在幫立法院做網站的優化，讓人民更容易的看到、看懂，有更好的表現方式，這當然是我們追求的一個目標；但是理論上我們如果能夠讓所有的資訊都即時開放，包括文字檔、影片的開放程度都是做到最大化，以及機器可判讀的話，其實每一個厲害的人認為怎麼做會是人民更容易看得懂的模式，就會自然展現在不管是監督團體，或是對立法院有興趣的人，他就會做出那樣的東西，他認為他最想要被看到的是什麼東西，他就會做出來，只要我們的資料真的能夠即時且更廣泛的開放。
所以我個人認為，這部分大家在濃縮的過程裡面，儘量不要一直掉到怎麼樣讓立法院網站更優化的狀態，因為我相信高手跟在外面的人會覺得，",495,"## 會議記錄整理

### 出現人物  
- 主席 - 會議主持人 / 方向引導者 - 提出將公聽會內容按層次分類的建議，強調應將「便於人民參與的國會」部分交由口袋國會代表組負責；並主張應聚焦於資料即時開放與機器可判讀，而非過度優化立法院網站本身，認為開放資料將自然激發外部群體的創新與參與。

### 核心要點  
1. 將「便於人民參與的國會」功能獨立劃歸至口袋國會代表組，避免與公聽會等議程混雜，提升參與設計的專注與實效性。  
2. 重視資料的即時開放與機器可判讀，強調最大化開放文字、影片等原始資料，讓外部創作者自然發展出符合需求的資訊呈現方式，而非過度聚焦於立法院網站的表面優化。

### 決策事項  
- 將「便於人民參與的國會」相關內容（特別是公聽會中屬於人民參與的部分）明確劃歸給「口袋國會代表」這一組負責，並與「資料即時開放與整合」的層次區分，不將公聽會整體內容納入該組工作範疇。  
- 在資料開放策略上，主張應以「即時開放」、「最大化開放文字檔與影片」、「提升機器可判讀性」為核心目標，而非過度著重於立法院網站本身的優化設計，認為開放資料的廣度與即時性將自然引發民間監督團體與熱心民眾開發出符合需求的呈現方式。  
（此決策屬中高層級，涉及工作分工與政策方向的調整，具備明確的行動指引與價值判斷，屬於戰略

### 行動項目  
- 將公聽會中「便於人民參與的國會」部分，劃歸給口袋國會代表組負責執行 - 口袋國會代表組  
（緊急程度：中等；時間要求：無明確期限，建議於報告與行動方案撰寫前完成劃分）  
- 推動立法院資料的即時開放，包含文字檔、影片等，並提升機器可判讀程度，以促進民間團體與監督者自主創造易懂的資訊呈現方式 - 立法院資訊推動小組（或相關資料開放單位）  
（緊急程度：高；時間要求：應盡速推動，作為未來資料開放的基礎）  
- 在後續報告與行動方案中，評估是否需調整「公聽會」與「人民參與」的分工與整合方式 - 全體會議團隊（或政策規劃小

### 總結  
應將公聽會相關內容按「資料即時開放」與「人民參與」分層處理，並優先推動資料的即時、完整且機器可判讀開放，讓外部群體自主創造易懂的呈現方式，而非聚焦於立法院網站的表面優化。",2025-09-24 23:20:14,主席建議將公聽會分為「資訊即時開放」與「人民參與」兩部分分別處理，並強調重點在於資料完整、即時且機器可判讀，而非著重於網站優化，由外部自然發展多元呈現。,,
39,"你只要東西開給我，就可以弄得比你還要更容易看得懂之類的。
ok，我們這一組差不多是到這邊，下一組是便於人民參與的國會，我們請賴香伶委員辦公室代表，謝謝。
呂儀恬：可以幫我切個畫面嗎，謝謝。
我們是第三組，主要是講便於人民參與的部分，我們統整了一下，在那個表格裡面，大概有48則都是關於便於人民參與的國會。這邊我們是以四個項目為主，一個是人民的參與門檻，人民主要是針對資訊的部分，還滿多是針對資訊無法取得，或者是他們不曉得從哪邊取得。像是一些議題的部分，他們比較難以理解。假設是法案的話，他們怎麼進入這個脈絡，是有十分地困難。假設美豬、美牛這個案子好了，在現在的立法院網站上面可能沒辦法瞭解，在幾年前某個政黨曾經反對過，目前執政黨他們是通過的，就是希望往這個方向推動，這個歷程怎麼變化，人民沒辦法去理解這件事情。另外，剛剛提到公聽會的部分，是在人民如何參與開放國會這件事情，有一個實體跟網路。實體的話，因為立法院都在北部，除了NGO在北部有辦公室之外的，可能中南部或者是東部的NGO他們要參與會比較困難，尤其是收到通知的時候可能已經是前幾天了，他們可能就沒辦法有即時性的。除了時間上的限制之外，可能也有預算上的困難",506,"## 會議記錄整理

### 出現人物  
- 賴香伶 - 委員辦公室代表 - 代表賴香伶委員出席會議，負責說明「便於人民參與的國會」相關議題，並由其辦公室代表參與討論，顯示其在推動人民參與國會事項上的角色與關切。  
- 呂儀恬 - 會議參與者 - 提出具體操作需求，請求「切個畫面」，顯示其在會議中擔任技術或視覺呈現相關的協調角色，可能為幕後製作或紀錄人員，協助會議流程的視覺化呈現。  

（註：會議中提及「我們這一組」、「第三組」等，為團隊性描述，未明確指出個人姓名，故僅識別出上述兩位具體姓名者。）

### 核心要點  
1. 人民參與門檻高：民眾難以取得國會資訊，如法案演變過程（如美豬、美牛案）缺乏透明度，且立法院網站資訊不完整，導致民眾無法理解議題脈絡與政策發展歷程。  
2. 參與管道不均與實務限制：實體公聽會因地理位置（北部集中）與時間、預算限制，使中南部及東部NGO與民眾難以參與，網路參與雖存在，但整體參與機制仍缺乏可及性與便利性。

### 決策事項  
- 本段為討論性質，無具體決策

### 行動項目  
- 統整並整理「便於人民參與的國會」相關內容，建立包含48則案例的表格（以人民參與門檻、資訊取得困難、議題理解困難、公聽會參與門檻等四個項目為主） - 第三組團隊（負責單位未明確指定）  
- 提供立法院網站上法案議題演進歷程（如美豬、美牛案）的可讀性內容，讓民眾能清楚理解政策變遷與黨派立場變化 - 第三組團隊（負責單位未明確指定）  
- 建議並規劃改善人民參與國會的資訊透明度與可及性，特別針對中南部與東部地區NGO參與公聽會的時間與預算限制問題 - 第三組團隊（負責單位未明確指定）  
- 帮助切取會議畫

### 總結  
本會議核心聚焦於人民參與國會的門檻問題，特別是資訊不透明與參與途徑不均，導致中南部及東部民眾難以掌握議題脈絡與參與公聽會。",2025-09-24 23:20:44,第三組報告聚焦「便於人民參與」，指出人民在資訊取得與理解上有困難，法案歷程不透明；公聽會則因地理與通知時間限制，致中南部及東部 NGO 參與受阻。,,
40,"這是比較多在提供意見上面提到的，大概有10個以上是關於公聽會立法院地點不變的事情。
網路參與的部分，主要是在立法倡議平臺。民眾希望能像行政院公共政策網路參與平臺，人民會提供一些提案在上面，但是立法院可能就沒有這樣，讓大家發表意見的地方，所以希望可以建立一個立法倡議平臺。除了這個之外，還有一些是關於IVOD系統的強化，像是逐字稿、提供意見留言，在網路上面他們可以及時地參與，就像一些youtube大家可以在上面即時留言，但是在立法院IVOD上面是沒辦法的，主要是類似這樣子。
其他的話，有幾個是我們認為沒辦法接納這個意見的，其中一個是開放政府，他們希望可以作為一個衝突教練，提供服務給立委，讓立委團隊有能力面對衝突。這部分我們是不予採納，因為基於行政立法的分立，我們沒有把這個意見列入在裡面。還有另外一個，是希望議事暨公報管理系統可以整理每個委員的量表，就是可能像一些雷達圖、甘特圖等等。這部分因為立法院上面的議題其實還滿多元的，所以這部分沒有辦法窮盡，我們也沒有納入在裡面。除此之外，還有一個就是遊說登記的部分，遊說登記的話，都是希望除了有登記遊說法的團體之外，希望委員都可以正式的回覆他們，不管是拒絕還是給予拜訪時間等等",512,"## 會議記錄整理

### 出現人物  
- 電子參與民眾 - 網路參與者 / 公眾意見提出者 - 提出希望建立立法倡議平臺，類似行政院公共政策網路參與平臺，讓民眾能提出提案並發表意見；同時建議強化IVOD系統，增加逐字稿與意見留言功能，使民眾能如YouTube般即時參與議事過程。  
- 開放政府 - 公共政策倡議團體 / 政策推動者 - 建議立法院設置「衝突教練」服務，協助立委團隊提升處理衝突的能力，此建議被立法院認為基於行政與立法分立原則，不予採納。  
- 議事暨公報管理系統相關建議者 - 政策建議者 / 委員團隊代表 - 建議系統應整理每位委員的量表，例如使用雷達圖、甘特圖等工具，以更清晰呈現議題進度，但因議題多元、難以全面整理，此建議亦未被納入。  
- 遊說登記相關意見提出者 - 公眾或民間團體代表 - 建議立法院委員應對遊說團體正式回覆，無論是拒絕或同意拜訪，以提升透明度與責任感，此建議被視為具可行性

### 核心要點  
1. 建立立法倡議平臺 - 民眾期盼設立類似行政院公共政策網路參與平臺的系統，讓公眾能提出提案並參與立法過程，提升透明度與參與感。  
2. 強化IVOD系統功能 - 提議增設逐字稿、意見留言等互動功能，使民眾能如YouTube般即時參與與回應立法院議事內容，提升數位參與體驗。

### 決策事項  
- 建立立法倡議平臺，讓民眾能像行政院公共政策網路參與平臺一樣，提出提案並發表意見。  
- 強化立法院IVOD系統，增加逐字稿及意見留言功能，使民眾能如YouTube般即時參與並留言。  
- 不予採納「開放政府」提出的「作為衝突教練，提供服務給立委」之建議，因基於行政與立法分立，無法納入。  
- 不予採納「議事暨公報管理系統整理委員量表」（如雷達圖、甘特圖等）之建議，因立法院議題多元，難以全面整理，故未納入。  
- 對於遊說登記部分，雖有建議，但會議中未明確決定是否實施「委員須正式回覆遊說團體」（如

### 行動項目  
- 建立立法倡議平臺，讓民眾能像行政院公共政策網路參與平臺一樣，提出提案並發表意見 - 立法院（執行單位未明確指派）  
- 強化IVOD系統功能，加入逐字稿及意見留言功能，讓民眾能如YouTube般即時參與與互動 - 立法院（執行單位未明確指派）  
- 對遊說登記制度進行調整，要求立委針對遊說團體正式回覆（包括拒絕或同意拜訪時間） - 立法院（執行單位未明確指派）  

（註：會議中提及的「開放政府作為衝突教練」及「議事暨公報管理系統整理委員量表」等意見被明確拒絕納入，無對應行動項目。）

### 總結  
會議核心為民眾呼籲建立立法倡議平臺與強化IVOD系統的線上參與功能，並提出對開放政府衝突教練及議事系統量表整理等議題的否決意見。",2025-09-24 23:21:26,第三組意見包含建立立法倡議平臺、強化 IVOD 系統並允許即時互動；另對部分提案如衝突教練、議員量表圖示不予採納；遊說登記則建議委員應正式回覆。,立法倡議平臺與遊說登記機制、數位化國會跨組整合、網站與法案搜尋優化、開源與直播授權、永久網址與API建置,
41,"而不是……因為目前很多可能提供了遊說登記，希望可以拜會委員，可是還滿多可能都是不了了之等等。所以在這部分一些民間團體希望的是，除了落實遊說登記之外，也希望可以增加，因為它都是紙本，希望增加線上登記的機制，主要是這些。謝謝。
主席：大家有什麼意見？
吳銘軒：補充一下，剛剛說的那個就是衝突教練，因為那時候有被assign到我們第一組，我們也看了那個，所以我們後來把它轉化成提供一些學習資源跟交流的機會，針對不管是……我們就把它寫成開放文化，就是那個是補充一下。
主席：好，還有沒有其他人？好，還有沒有其他的意見？對啊！如果這樣子的話，一樣也請接著這一組可以進入濃縮那個文字，然後還對照表格化。
好，再來我們請下一組─數位化的國會，王向榮。
王向榮：大家好，我是王向榮，我們這一組是數位化的國會。另外，我剛剛順便也把我們五組的討論都補在我們原來的表中，所以之後大家要找這五組的討論會比較好找。我們這一組討論的作法是，我們並沒有針對此次標記成我們這一組的那些項目，我們是把所有的項目都看了一遍，然後我們速速看一遍其他組的，如果覺得跟我們也有關係的，我們就把它納進來；如果我們自己組的，我們覺得好像有點模糊……因為我們在討論過程有發現到",514,"## 會議記錄整理

### 出現人物  
- 吳銘軒 - 負責「衝突教練」議題的組別成員 / 學習資源與交流推動者 - 補充說明將「衝突教練」項目轉化為提供學習資源與交流機會，並提出以「開放文化」作為框架進行呈現，強調其教育性與可擴展性。  
- 王向榮 - 數位化的國會組別負責人 / 多組議題整合推動者 - 介紹本組為「數位化的國會」，並說明其討論方式為全面檢視所有項目，主動納入相關議題，針對模糊議題提出進一步釐清與討論的態度，強調跨組協作與整合。  
- 主席 - 會議主持人 / 討論引導者 - 引導會議流程，詢問意見、確認討論方向，並推動各組進行內容濃縮與表格化整理，確保議題有效落實與呈現。  

（註：會議中雖提及「民間團體」與「委員」等泛稱，但未提供具體姓名，故不列入人物識別。）

### 核心要點  
1. 增加線上遊說登記機制 - 民間團體呼籲除現行紙本遊說登記外，應推動線上登記，以提升透明度與效率，避免「不了了之」的情況。  
2. 推動數位化國會建設 - 本組提出將所有相關議題全面檢視並整合，不僅聚焦標記項目，更擴展至相關領域，強調跨組協作與數位工具應用，以提升國會運作透明與效率。

### 決策事項  
- 民間團體希望在落實遊說登記的基礎上，增加線上登記機制，以改善目前僅依紙本登記導致「不了了之」的問題。  
（此為具體決策內容，屬中層決策，反映民間團體對現行制度的改進需求，雖未明確決定執行方式，但已形成具體方向與訴求。）  

- 將「衝突教練」相關議題轉化為提供學習資源與交流機會，並納入「開放文化」的框架進行推動。  
（此為具體決策內容，屬中層決策，屬於議題轉型與資源再設計的明確結論。）  

- 下一組「數位化的國會」將整合所有相關議題，並在討論過程中將與本組相關的項目納入，若議

### 行動項目  
- 增加線上遊說登記機制（補充紙本遊說登記之不足） - 民間團體（建議提出）  
- 將「衝突教練」相關內容轉化為開放文化學習資源與交流機會 - 吳銘軒（負責人）  
- 將各組討論內容濃縮為文字，並對照表格化呈現 - 全體會議組（含第一組與數位化的國會組）  
- 整合五組討論內容，並更新至原討論表中，以利後續查找 - 王向榮（負責人）

### 總結  
民間團體呼籲推動遊說登記線上化，並建議將數位化國會議題擴大涵蓋其他組別討論內容。",2025-09-24 23:22:04,民間建議遊說登記應增設線上機制並確保委員回覆；主席請各組持續濃縮並表格化。隨後「數位化國會」組報告，強調跨組檢視並納入相關議題以避免遺漏。,,
42,"其實有一些項目組別有一點難界定，有一點跨組別，我們怕說會不會其實兩組都以為是別組的，就沒有被納進來，所以我們自己也有講我們這一組，我們覺得其實不是我們這一組的東西，可能他貼錯地方，我們有在表格的備註後面補上它是哪一組。
所以根據我們瀏覽過一遍之後，我們把我們這一組的東西主要就是收斂成五個大項目。五個大項目分別是第一個，線上系統整合的部分，主要是因為有看到有非常非常多的民眾提的需求─他希望有個什麼樣的功能。我們在討論過程中就有發現到，其實這些功能好像都已經有網站，很多民眾也都有，但是民眾自己不知道這些網站在哪裡，所以一個很重要的需要做的項目，就是可能立法院必須要做好網站的整合、優化。剛好我們在討論過程中有發現到，資訊處最近有一個標案是做資訊處議事網站整合改版的規劃案，所以或許也需要跟這個整合，瞭解一下他們的規劃案的進度到哪裡、是否規劃案能跟到我們這部分，把我們這邊的一些想法、收集到的意見採納進去。
再來一個是討論到更容易搜尋到的系統。其實目前立法……像前面其實其他組別也有提到，法案的搜尋有時候你必須要很精準的搜尋，像是勞基法，你不能用「勞基法」三個字，要用「勞動基準法」，或工輔法，你要用工廠輔導法",505,"## 會議記錄整理

### 出現人物  
- 會議參與者（未具體命名） - 會議討論者 / 項目組代表 - 主要貢獻或發言重點：提出線上系統整合與搜尋功能優化的建議，指出民眾對網站功能需求高但不知網站位置，強調立法院應整合各網站並優化搜尋體驗；提及資訊處目前有進行議事網站整合改版規劃案，建議進一步了解該規劃案進度，並將民眾意見納入其中。  

（註：會議記錄中未明確提及具體個人姓名，僅以「我們」、「我們這一組」、「其他組別」等泛稱描述參與者，因此無法確認為特定人物姓名。）

本段無具體人物提及

### 核心要點  
1. 線上系統整合與優化 – 民眾需求顯示現有網站功能齊全但難以尋找，建議立法院推動網站整合與優化，並結合資訊處現行整合改版規劃案，納入民眾意見以提升使用體驗。  
2. 搜尋機制的精準化 – 目前法案搜尋需使用特定術語（如「勞動基準法」而非「勞基法」），反映民眾對搜尋難度的困擾，應優化搜尋系統，提升關鍵字辨識與匹配能力。

### 決策事項  
- 本組將其負責範圍內的項目收斂為五個大項目，其中第一項為「線上系統整合」，主張立法院應推動網站整合與優化，以解決民眾不知各功能網站位置的問題，並建議主動了解資訊處「議事網站整合改版規劃案」的進度，並評估該規劃案是否能納入本組收集的民眾需求與意見。  

（說明：此為明確的決策，屬於中層級決策，涉及跨部門協調與資源整合方向的確認。雖未直接決定是否投入經費或執行，但確立了「主動了解規劃案進度」與「納入民眾意見」的行動方向，具備實際執行意義。）  

> 補充說明：後續關於「法案搜尋難度」的討論（如需精確用詞

### 行動項目  
- 整合立法院各線上系統，優化民眾對網站功能的認識與使用體驗，提升系統可見性與易用性 - 資訊處（資訊處議事網站整合改版規劃案相關單位）  
（緊急程度：中等；時間要求：需於規劃案進度追蹤後評估納入，建議於下個月內完成進度確認）  
- 評估並確認資訊處「議事網站整合改版規劃案」的進度，並檢視該規劃是否涵蓋民眾所提功能需求，將本組收集之意見納入考量 - 資訊處（負責單位）  
（緊急程度：中等；時間要求：於下個月內完成進度評估與意見對接）  
- 建議建立更直覺、易搜尋的法案搜尋機制，

### 總結  
會議核心結論為：應推動立法院網站系統整合與優化，並加強法案搜尋的易用性，以提升民眾對資訊的可及性與正確理解。",2025-09-24 23:22:42,數位化國會組將意見收斂為五大項，首重網站整合與優化，因民眾多不知相關平臺已存在；並建議改善法案搜尋系統，避免需使用過度精準詞彙才能找到資料。,,
43,"如果你沒有想到那個完整的名字的時候，很多相關的討論你不一定找得到，所以這部分可能是要做的一個改進方向。
第二部分是開源，開源就是說，目前立法院的資訊系統是否能開源？我們在討論過程也有想到，如果全數做開源或許會有技術上的困難，或許能做的方向是說，未來新開的標案以開源為原則，舊的話就是在再看怎麼……再來，開源還有另一個部分是直播影片的開放授權，就是能夠讓每個民間或是其他單位可以做更多的應用。
第三個大類是百年不變的網址，就是永久網址，我們弄一個比較炫一點的title，然後這邊主要……對，想一個比較炫、百年不變的網址。主要這部分就是因為其實很多的民間意見有提到，就是網址很容易失效，或者是說立法院網站有時候網址可能十分鐘後就失效，因為立法院有幾個網站，不知道為什麼設計成過一會玩那個東西就不能看了，那所以就彙整到的意見包含一是議案、委員、法案或各種屬於獨立個體的東西，它應該有一個自己的代碼跟一個永久的網址，這個網址就是一來可以方便分享，二來是方便區別，然後而且也希望能做到就算網站改版了，這些網址的規則也要延續下去，這樣就不會因為網站改版後，很多的外部連結、分享因此失效。再來也有意見提到希望下載的檔名能夠更容易辨識",509,"## 會議記錄整理

### 出現人物  
- 未明確提及具體人物姓名 - 會議參與者（無具體姓名） - 在討論中提出立法院資訊系統是否可開源、未來新標案應以開源為原則、舊系統需評估、直播影片開放授權、永久網址設計、網址失效問題、議案與法案應有獨立代碼與永久網址、下載檔名應易辨識等議題，並反映民間意見與技術可行性，顯示參與者對資訊系統透明度、穩定性與開放性有深入討論與建言。

（本段無具體人物姓名提及，所有發言均屬會議參與者群體之共識性討論，無法辨識個別人物姓名與職位。）

### 核心要點  
1. 推行新標案以開源為原則，並開放直播影片使用開放授權，提升透明度與民間應用可能性 — 結合技術可行性與開放共享，強化立法院資訊系統的可擴充性與參與度。  
2. 建立「百年不變的永久網址」機制，為議案、委員、法案等獨立內容賦予唯一且穩定的網址代碼，確保連結永續、分享便利，並避免因網站改版導致連結失效。

### 決策事項  
- 未來新開標案應以開源為原則，舊有系統則視情況評估是否可開源。  
- 推動直播影片的開放授權，使民間或其他單位得以進一步應用。  
- 建立議案、委員、法案等獨立內容的永久網址（百年不變網址），並賦予其獨特代碼，以確保連結穩定、可分享、可辨識，且即使網站改版亦不影響網址有效性。  
- 优化下載檔名，使其更易辨識。  

（上述決策涵蓋技術原則、系統設計與使用者體驗改善，屬於中高層級決策，具備可執行性與長期影響力。）

### 行動項目  
- 設計並推動立法院資訊系統未來新標案以開源為原則，舊系統則評估可行開源路徑 - 技術團隊/資訊處（緊急程度：中）  
- 推動直播影片的開放授權，讓民間或其他單位能進一步應用 - 資訊處/數位內容團隊（緊急程度：低）  
- 設計並建立「百年不變的網址」機制，為議案、委員、法案等獨立內容賦予永久網址與唯一代碼，確保網站改版後連結不失效 - 資訊處/網站工程團隊（緊急程度：高）  
- 建議並實踐下載檔案的檔名命名規則，使其更易辨識與分享 - 資訊處/檔案管理單位（緊急程度：中）

### 總結  
會議核心聚焦於改善立法院資訊系統的永續性與開放性，重點提出應推動新標案開源、建立永久網址以確保連結穩定，並優化檔案命名以提升可讀性與分享便利性。",2025-09-24 23:23:18,數位化國會組提出改進方向：改善法案搜尋便利性；推動新系統以開源為原則並開放直播影片授權；建立永久網址與穩定代碼，避免網站改版導致連結失效，並優化檔案命名。,,
44,"譬如它是什麼樣的法案、它是哪個黨團提出來的，就是說方便下載之後可以整理這樣檔案，所以後面也有提到網址的部分可以參考DOI的機制。
第四個分類是立法院對外網站功能許願，因為在這個分類中有很多民眾提到很希望有什麼樣的功能，所以我們統整了立法院網站的法案查詢要有機器可讀的API可以使用，以及有民眾希望有網路數位看板，可以知道各法案現在進度走到哪裡，或是各委員目前提案的情況，提案能夠走進一讀、二讀、三讀的比例有多高。
第五個部分是國會討論流程的數位化，其中就有人提到，因為國會討論過程現在雖然有影像直播，但是影像直播並不完全等於數位化，很多事情其實距離數位化還有落差，例如現在是由司儀唸出最後版本，但是如果能夠在螢幕上顯示出文字，甚至這些文字是能夠被大家複製、貼上帶走的，那就是更好的數位化方法。我們在討論過程中知道教育及文化委員會已經有做到這件事情，那我們是否能夠把教育及文化委員會的作法擴大到整個立法院？以上就是我們這個小組針對這些項目整理出來的大概內容。
主席：請大家補充一下。
洪國鈞：其實就針對他們有一個模糊搜尋，基本上國會圖書館的法案搜尋系統其實已經有做模糊搜尋了，譬如剛剛說的勞動基準法，其實搜尋勞基法就可以找到相關的法案",516,"## 會議記錄整理

### 出現人物  
- 洪國鈞 - 國會圖書館相關技術或業務負責人 - 提出國會圖書館的法案搜尋系統已具備模糊搜尋功能，並以「勞動基準法」為例說明搜尋勞基法即可找到相關法案，強調系統在法案查詢上的實用性與易用性，反映對法案資訊可及性的支持。

### 核心要點  
1. 建立機器可讀的法案API與數位看板功能 - 立法院應提供開放的API讓民眾查詢法案進度，並設置網路數位看板，實時顯示法案審查階段與委員提案進度，提升透明度與可及性。  
2. 推廣國會討論過程的數位化 - 擴大教育及文化委員會的實踐，將司儀唸稿轉為螢幕即時顯示可複製的文字內容，實現討論流程的真正數位化，提升參與與資訊可攜性。

### 決策事項  
- 推動立法院對外網站功能的數位化，包括建立機器可讀的API，以利法案查詢與整合；  
- 設置網路數位看板，讓民眾可即時掌握各法案進度（如一讀、二讀、三讀）及委員提案的走勢與比例；  
- 採納教育及文化委員會現有於討論過程中於螢幕顯示文字並允許複製貼上的做法，並評估將其擴大應用至整個立法院的討論流程中；  
- 建議在國會圖書館法案搜尋系統中優化模糊搜尋功能，以提升民眾查詢效率（如搜尋「勞基法」即可找到相關法案）。  

（上述決策內容皆基於會議中提出之建議與現有實務，並經討論後形成具體

### 行動項目  
- 提供立法院對外網站功能許願整理，包含建立法案查詢之機器可讀API，並整合民眾建議的網路數位看板，用以顯示法案進度與委員提案走讀比例 - 立法院小組（負責統整與推動）  
- 推動國會討論流程數位化，將教育及文化委員會現有於討論中螢幕顯示文字、可複製貼上的作法，擴大應用至全立法院議場 - 立法院小組（負責推動擴展）  
- 建立法案搜尋系統之模糊搜尋功能優化，提升使用者搜尋體驗（如搜尋「勞基法」可自動匹配相關法案） - 國會圖書館（負責技術優化）  

（緊急程度：中等；時間要求：無明確期限，建議於下一

### 總結  
本會議核心聚焦於推動立法院網站與國會流程的數位化，重點包括建立機器可讀的法案API、設置法案進度數位看板，並擴大教育及文化委員會的實時文字顯示作法至全院，以提升資訊可及性與透明度。",2025-09-24 23:23:54,數位化國會組建議：建置API與數位看板、提供可複製文字顯示以推動流程數位化，並參考DOI機制確保檔案與網址穩定。,,
45,"；甚至比如搜尋同婚，沒有一個法案裡面寫同婚法、什麼公投法、什麼七四八施行細則，但他可以把那一串全部搜尋出來，所以國會圖書館有做。我覺得這個地方的難度在於大家甚至說不出同婚，一般人啦，他可能找的是什麼更奇怪的、你沒有辦法想像的詞去搜尋，他可能甚至想不到，譬如你這邊舉例工輔法，其實一般人也不知道什麼工輔法，他可能搜尋農地工廠，類似這種東西，但是這個又更遠，那我剛剛有試過，搜尋農地工廠確實搜尋不到，或者可能就是另外的問題，他們現在有做模糊搜尋。
主席：那可能就寫加強特模糊搜尋，所以這個部分大家沒有意見的話，我們再……
于顥：我們那個關鍵字的部分，好像有跟剛剛那個第二組的部分有重複，是不是派出我們的組長去協調，謝謝。
主席：好，是否請Ronny去跟第二組再協調一下那個關鍵字的部分？
于顥：就你們再討論一下，那剛剛那個雨蒼先，然後再文岳。
林哲瑋：我想要確認一下那個第四組之後會跟資訊處還有議事處來討論這件事情嗎？
于顥：我們計畫是有要約。
王文岳：關於關鍵字的部分，我其實還有一個想法是，因為這個關鍵字某種程度上對於民眾，它是針對民眾，因為民眾會用這些詞，我們才需要去設計這些事情嘛，所以我覺得這個到最後可能也會到國會識讀那一組",515,"## 會議記錄整理

### 出現人物  
- 于顥 - 會議組長 / 協調者 - 提出關鍵字部分與第二組存在重複，建議派組長協調；並提及關鍵字設計應針對民眾用語，推動與國會識讀組的整合  
- 主席 - 會議主持人 - 提出加強模糊搜尋的建議，並指示Ronny與第二組協調關鍵字部分  
- Ronny - 協調人員（未明確姓名，推測為第二組組長） - 被主席指派與第二組協調關鍵字部分  
- 林哲瑋 - 會議參與者 / 第四組代表 - 問詢第四組是否將與資訊處及議事處討論相關事項，確認計畫安排  
- 王文岳 - 會議參與者 / 第二組代表 - 提出關鍵字設計應反映民眾實際使用的詞彙，強調民眾用語的重要性，並建議最終由國會識讀組負責整合  

（註：「雨蒼」為誤寫或口語發音，會議中未出現完整姓名，故不列入人物識別）

### 核心要點  
1. 需加強模糊搜尋功能以捕捉民眾不熟悉或非標準的關鍵字（如「農地工廠」而非「工輔法」），提升搜尋的實際可用性與代表性。  
2. 關鍵字設計應以民眾實際使用語詞為基礎，並由國會識讀專組負責最終協調，確保搜尋內容貼近民眾需求與語意理解。

### 決策事項  
- 加強特模糊搜尋功能，以提升民眾搜尋關鍵字的匹配能力。  
- 請Ronny前往與第二組協調關鍵字部分的重複與整合問題。  
- 計畫由第四組與資訊處、議事處進行進一步討論，以釐清關鍵字設計與實際應用的細節。  
- 關鍵字設計應以民眾實際使用的語詞為基礎，最終可能由國會識讀專組負責相關工作。  

（上述決策涵蓋技術功能強化、跨組協調機制、責任分工與設計原則的確認，屬於中高層級決策，具備明確行動與責任歸屬。）

### 行動項目  
- 加強模糊搜尋功能 - 國會圖書館（技術實現）  
- 協調關鍵字設計與第二組的重複部分 - Ronny（負責與第二組協調）  
- 確認第四組是否將與資訊處及議事處進行討論 - 林哲瑋（確認議程與協作單位）  
- 關鍵字設計應以民眾實際使用語詞為基礎，最終由國會識讀組參與規劃 - 王文岳（提出建議與後續規劃方向）  

（註：上述行動項目根據會議中提及的任務分工、協調需求與技術方向整理，其中「加強模糊搜尋」為技術目標，「協調關鍵字」為具體執行任務，「確認討論安排」為確認流程，「民眾語詞導向」為設計原則，皆具備明確負責人或執行單位

### 總結  
會議聚焦於提升國會圖書館關鍵字搜尋的準確性與民眾語意貼近度，並決議由國會識讀組協調關鍵字設計，強化模糊搜尋與民眾實際用語的對應。",2025-09-24 23:24:32,討論聚焦於模糊搜尋不足，需加強關鍵字設計以符合民眾習慣；建議跨組協調並納入國會識讀組，提升搜尋友善度與實用性。,模糊搜尋與關鍵字優化、跨組協調與國會識讀教育、法案流程科普與CC授權素材、國會資訊宣傳與多元溝通管道,
46,"就在終端教育的時候，因為他們可能會站在比較第一線的地方，就是說會真的有碰到民眾的話，那這部分可能也需要多方來討論看看，如果我們到之後，我們第二組跟第四組討論出來的關鍵字，某些可能也不是民眾真的會去用的關鍵字，好像也沒有真的幫助到這一塊，我的想像是這樣子。
主席：但到底關鍵字是什麼，也不會是我們討論啦！所以我們應該原則性地寫是特模糊或者超模糊。我補充一下，我們這組在討論這一題時的確有講到說會不會有涉及歧視的，因為民眾想到的特模糊或者超模糊的字，例如同婚法案，大家都知道，關於同婚，反同那邊會有比較多歧視性的文字，所以下意識就是搜尋「歧視性」，那我們要把這種歧視性的文字放到標籤嗎？這一定是不行嘛！所以我是說有必要在這個原則性裡面去強調要避開這一種的，還是說這就是未來自然就應該會避開的詞？
曾柏瑜：一般關鍵字的產生應該不會依據民眾的搜尋，關鍵字的產生應該是依據比如報紙，就是新聞怎麼報導這個法案，它就使用這個關鍵字，我覺得這樣比較合理。
主席：沒關係，我想這個我們還是會原則性地寫，真的遇到類似剛剛的狀態的時候，再來比較細部的處理。這一題這樣子的話，大家還有什麼意見嗎？沒有的話，也是一樣",495,"## 會議記錄整理

### 出現人物  
- 曾柏瑜 - 討論參與者 / 關鍵字產生觀點提出者 - 提出關鍵字應依據新聞報導（如報紙如何報導法案）而非民眾搜尋行為，認為這樣更合理，強調關鍵字應反映媒體語境，而非民眾潛意識中的歧視性用語。  
- 主席 - 會議主持人 / 原則性規範建議者 - 主導討論，提出應原則性地規範關鍵字避免歧視性內容（如「同婚法案」、「反同」等可能涉及歧視的詞語），並強調在實際操作中應避免將歧視性文字納入標籤，呼籲建立原則性規範以確保內容中立與安全。  

（本段中未提及其他具體人物姓名）

### 核心要點  
1. 原則性避免使用可能涉及歧視的關鍵字（如「同婚法案」、「反同」等）－為防止觸及敏感議題與歧視性言論，應在標籤規範中明確排除可能引發歧視的詞彙，確保內容中立與安全。  
2. 關鍵字應以新聞報導為依據，而非民眾搜尋行為－關鍵字的產生應參考媒體對法案或議題的實際報導方式，以反映公共討論的真實語境，而非基於民眾潛意識或情緒化搜尋。

### 決策事項  
- 原則性地在關鍵字標籤中避免使用可能涉及歧視的詞彙（如「同婚法案」相關的反同言論），即使民眾可能搜尋到這些詞彙，也應在設計原則中明確強調避開歧視性文字。  
- 關鍵字的產生應以新聞報導（如報紙）的實際用語為基礎，而非直接依據民眾的搜尋行為。  

（此兩項決策屬於中高層級原則性決策，涵蓋內容篩選與關鍵字產生邏輯，具備指導後續執行與評估之意義。）

### 行動項目  
- 原則性強調關鍵字應避免使用可能涉及歧視的詞彙（如「同婚法案」、「反同」等），並明確規範在標籤中不得出現歧視性文字 - 主席（提出原則性建議）  
- 考慮關鍵字產生應以新聞報導為基礎，而非民眾搜尋行為，未來關鍵字設定應參考報紙或媒體的實際用語 - 曾柏瑜（提出建議）  
- 在後續執行中，若出現類似「特模糊或超模糊」關鍵字的爭議情境，應進行細部討論與處理，並建立原則性指引 - 主席（提出後續處理機制）  

（緊急程度：中等；時間要求：無明確期限，屬原則性建構，需於未來政策設計中納入）

### 總結  
會議核心結論為：應原則性避免在關鍵字中使用可能涉及歧視的模糊或超模糊詞彙，並以新聞報導為關鍵字產生依據，而非民眾搜尋行為。",2025-09-24 23:25:08,會議討論關鍵字設計原則，強調應避免歧視性詞彙；建議關鍵字來源以新聞報導等公開語彙為基準，細部處理留待後續執行階段。,,
47,"那就請「便於人民參與的國會」這一組的人，接著就是進入濃縮的文字還有表格化吧！好。
再來是「國會識讀教育」，請開放文化基金會耿璐說明。
耿璐：大家好，我們是最後一組、關於識讀教育，檔案連結有給，大家應該可以看到，我們綜合民眾跟委員的意見，然後歸納了四個主題。第一個是關於國會運作科普說明方案，基本上民眾的第一層意見都在於他們不理解現在法案是怎麼進行的。關於法案的過程這部分，比如立法院已經有那個圖了，剛才不論是「便於人民參與的國會」、開放資料或者「數位化的國會」分組，其實都一直提到要讓國會現在的公告資訊更加優化等等。我們這邊想的是，除了硬的資料公開之外，不知道國會這邊會不會有一個比較科普說明的方案，這個科普說明的方案基本上可能就包括法案流程、立委職責和委員會、預算怎麼看、立法院內部行政部門運作機制，比如就這四個部分會不會出一套比較完整的科普說明？科普說明之後，它的說明跟素材CC釋出，讓民間自己去做，之前大家提到是不是做成桌遊、手遊、線上遊戲，民眾會更為瞭解，可是我覺得這部分，如果我們把素材開放授權釋出的話，就是讓民間自己發揮吧！所以頂多第一步看看，除了已經放到官網上的一個簡單的圖",494,"## 會議記錄整理

### 出現人物  
- 耿璐 - 開放文化基金會代表 / 識讀教育專案負責人 - 主要貢獻或發言重點：提出「國會運作科普說明方案」，針對民眾對法案流程、立委職責、委員會運作及預算理解不足的問題，建議發展一套包含法案流程、立委職責、預算解析與內部行政機制的科普內容；並強調將相關素材以CC授權方式開放，鼓勵民間創作者自行開發如桌遊、手遊或線上遊戲等互動形式，以提升民眾對國會運作的理解與參與。

### 核心要點  
1. 推出國會運作科普說明方案 - 結合民眾與委員意見，針對法案流程、立委職責、預算理解及內部運作機制設計易懂的科普內容，並以CC授權開放素材，鼓勵民間開發桌遊、手遊或線上遊戲等創新形式提升公眾識讀。  
2. 科普素材開放授權，促進民間參與與創意發展 - 透過開放資料與創作素材，讓民間團體、教育單位或創作者自主設計互動式學習工具，深化民眾對國會運作的理解與參與感。

### 決策事項  
- 探討是否推動「國會運作科普說明方案」，內容涵蓋法案流程、立委職責、委員會運作及預算理解等四個核心主題，並規劃將相關說明與素材以CC授權方式開放釋出，鼓勵民間自主開發如桌遊、手遊或線上遊戲等教育形式。  
（此為初步建議與探討性決策，尚未形成最終決議，屬中層級決策，重點在於確認是否啟動該方案，並決定素材開放授權的範圍與方式）  

> 說明：會議中未明確表達「同意」或「否決」該方案，僅提出建議與討論方向，因此此決策為「探討性決策」，屬於中層重要性，尚未達成具體行動決議。若後續會議有進一步確認，將

### 行動項目  
- 推動「國會運作科普說明方案」，涵蓋法案流程、立委職責、委員會運作及預算理解等四個主題，並評估是否建立完整科普內容與素材 - 「國會識讀教育」團隊（開放文化基金會耿璐負責）  
（緊急程度：中等；時間要求：尚未明確，建議於下次會議前完成初步規劃與內容架構設計）

### 總結  
會議聚焦於推動「國會識讀教育」，建議發展一套開放授權的科普說明方案，涵蓋法案流程、立委職責、預算理解與內部運作，並鼓勵民間運用桌遊、手遊等創新形式進行轉化與普及。",2025-09-24 23:25:40,國會識讀教育組提出，除現有資料公開外，應建立完整科普方案，解釋法案流程、委員職責、預算與內部運作，並將素材 CC 授權釋出，讓民間以桌遊、手遊等方式推廣。,,
48,"是不是針對比如剛才那四項各有一份科普的說明，然後就授權釋出？
第二個是現有頻道優化跟推廣，優化的話其實比較像是其他組別的，推廣則比較像是，如果其他組別決定要優化，那我們應該要怎麼樣宣傳優化後的系統，或者是現在國會圖書館及現有頻道已經有不錯的材料，而我們要怎麼宣傳？所以這一組比較注重的應該是怎麼樣宣傳推廣。民眾的意見有很多，比如我們就是先列民眾意見的話，他是說臺南市議會當地的電視台都會有跑馬燈顯示現在議會正在進行哪個法案，但我不太確定有需要放在第一屆這一輪嗎？不過這一項就比較像是主動告知更多國會所正在進行的，不是在國會現有的頻道，而是跟比如公共電視、新聞台有合作，然後直接在跑馬燈裡面顯示現在立法院做到什麼程度了，像這樣之類的。所以主要就是現有資訊怎麼樣推廣的部分，我們這邊想到的是其實有很多可以做，包括現在國會有app，只是不知道用的程度或大家知不知道這個app，所以我們想到的應該是跟秘書處的公共關係事務室討論有沒有比較好推廣現有國會資源的方式，當然這個推廣可能變成要等第二輪，等於剛才前幾組提到的建置優化或是資料統整完之後，可能才會進到推廣這一步，比如如果有系統介面要改，我們也不會現在就開始",501,"## 會議記錄整理

### 出現人物  
- 會議參與者（未具體命名） - 會議討論者 / 建議提出者 - 提出四項科普說明的授權釋出問題，並討論現有頻道優化與推廣策略；針對民眾意見提出建議，例如在公共電視或新聞台的跑馬燈中顯示議會法案進度，強調應結合現有國會資源（如APP）進行推廣，並指出推廣應在系統優化或資料統整完成後才進行，屬於主動宣傳與資訊擴散的策略建議。  

（註：會議記錄中未提及具體個人姓名，僅以「我們」、「這邊」、「剛才那四項」等語氣描述群體討論內容，因此無法確認為特定個人，僅能歸納為會議參與者群體，其角色為政策建議與溝通策略的提出與討論。）  

本段無具體人物提及

### 核心要點  
1. 推廣現有國會資源（如APP、跑馬燈合作）需與秘書處公共關係事務室協調，重點提升民眾對國會資訊透明度的認識，尤其透過公共電視、新聞台等平台擴大曝光。  
2. 推廣行動應待系統優化或資料統整完成後（如第二輪）再實施，避免過早推動導致資源不完整或成效不佳。

### 決策事項  
- 針對四項議題各自製作一份科普說明，並授權釋出。  
- 明確區分「現有頻道優化」與「推廣」兩大方向：  
  - 優化部分視為其他組別責任，本組聚焦於「推廣」，即如何宣傳優化後的系統或現有資源。  
  - 提出應與國會圖書館及現有頻道的材料結合，並考慮與公共電視、新聞台合作，在其跑馬燈中顯示議會法案進度，以主動告知民眾議會進行狀況。  
  - 建議評估現有國會APP的使用程度與民眾認知，並與秘書處公共關係事務室討論推廣現有國會資源的可行性。  
- 決定推廣行動應待系統優化或資料統整完成後

### 行動項目  
- 與秘書處公共關係事務室討論現有國會資源（如APP）的推廣方式 - 公共關係事務室（執行單位）  
（時間要求：待第二輪建置優化或資料統整完成後進行，屬中長期推廣行動）  
- 探討與公共電視、新聞台合作，在其跑馬燈中顯示議會法案進行狀況的可行性與執行方式 - 推廣小組（執行單位）  
（時間要求：需進一步評估後決定，屬中度優先，非立即執行）  
- 梳理民眾對議會資訊透明度的意見，特別是關於議會進行法案的即時顯示需求 - 推廣小組（執行單位）  
（時間要求：可於近期完成，屬中度緊急，作為推廣策略參考）  

> 備註：會議

### 總結  
本會議核心聚焦於國會資訊的推廣策略，特別是如何透過合作媒體（如公共電視）擴大民眾對議會議程與現有資源（如APP）的認識，並強調推廣應在系統優化完成後才進行。",2025-09-24 23:26:19,識讀教育組第二點聚焦於「現有頻道優化與推廣」，建議強化國會資訊宣傳方式，如合作媒體跑馬燈、推廣國會 App 等，並由公共關係事務室協助，以提升民眾對國會運作的認知。,,
49,"所以第二個比較是接續之前的做完之後，我們怎麼樣統整成一個整體國會宣傳的推廣方案。
第三個是多元溝通管道建立，其實也是會跟便於人民參與的國會這一組有相關，主要是因為有很多民眾意見提到成人教育、學生教育、青年教育，其實我們一開始也想說比如科普說明的方案，會不會一開始就要針對不同年齡層的族群，還有包括其他需求的人特製，但是我覺得這是需要再討論的，有可能不是這4年就可以完成這麼多版本，但是我們應該在做任何管道溝通、任何方案的時候，都應該想到會有不同需求的人。下面的委員意見就提得比較清楚，我們有想到不同需求的人，其中一個比較特別的是公務體系的人員，其實很多公務體系的人員也對立法程序不熟悉，所以他們是不是需要另外一套版本的科普說明方案，讓整個臺灣不論是公務體系或是各個不同部門方向的人，都可以比較知道他們做的事情到底跟法案立法這些有什麼關聯，因為最終可能真的都會連繫到法案，所以就是統整一些比如語言的不同族群，或是聾人或其他需求版本，然後不同年齡層、不同性別、族群，最後則是特別提到公務體系的人員。
最後一個其實是關於公民教育系統，因為我們現在做的很多都是對大眾或是公開擺在那，但是其實如果要講到教育的話",500,"## 會議記錄整理

### 出現人物  
- 未明確提及具體人物姓名 - 會議主持人/議程推動者 - 提出國會宣傳推廣方案的整體架構，包括統整國會宣傳、多元溝通管道建立與公民教育系統的討論，並引導團隊思考不同年齡層、族群、性別及公務體系人員的溝通需求。  
- 未明確提及具體人物姓名 - 委員 - 提出關於民眾意見的觀察，特別強調成人教育、學生教育、青年教育的相關性，並建議針對不同需求群體（如公務體系人員）設計專屬的科普說明方案，強調立法程序與實際工作之間的關聯性。  

### 說明  
本段會議記錄中並未出現具體的個人姓名，所有發言皆以「我們」、「我們一開始也想說」、「委員意見」等語氣呈現，屬於群體討論與政策規劃過程，因此無法確認為特定個人。雖提及「公務體系人員」、「不同年齡層」、「聾人」等對象，但這些是討論內容，非人物姓名。  

故最終識別結果為：  
**本段無具體人物提及**

### 核心要點  
1. 建立多元溝通管道與差異化科普方案 - 需針對不同年齡層、性別、語言、障礙族群（如聾人）及公務體系人員設計專屬的立法程序說明內容，確保各群體都能理解法案與自身工作的關聯，提升參與度與透明度。  
2. 將國會宣傳納入公民教育系統 - 除大眾化推廣外，應系統性地將立法知識融入教育體系，特別是針對學生、青年及公務人員，強化長期公民意識與制度理解。

### 決策事項  
- 在建立國會宣傳推廣方案時，應將多元溝通管道與人民參與機制結合，特別針對不同年齡層（如成人、學生、青年）、不同性別、語言族群、聾人等特殊需求群體，設計具備包容性的科普說明方案。  
- 應針對公務體系人員設計一套專門的立法程序科普說明版本，以提升其對立法過程的理解，並強化公務人員與法案之間的連結。  
- 在未來的公民教育系統設計中，需超越僅對大眾公開的模式，轉向更具系統性與深度的教育體系，以促進全民對國會與立法程序的認識。  

（上述決策內容均基於會議中明確提出的建議與方向，雖未以「決議」或「投票」形式表達，但已形成具體行動

### 行動項目  
- 統整國會宣傳推廣方案，將先前成果接續整合為整體國會宣傳策略 - 專案小組（負責單位未明確指定）  
- 設計針對不同年齡層（如成人、學生、青年）的多元科普說明方案，並考量各族群需求（如語言、性別、族群） - 專案小組  
- 開發專門針對公務體系人員的立法程序科普說明版本，以提升其對法案與業務關聯的理解 - 專案小組  
- 探討並規劃符合不同特殊需求者（如聾人）的溝通版本，確保國會資訊可及性與包容性 - 專案小組  
- 建立公民教育系統，強化對大眾與公務人員的長期教育影響力 - 專案小組

### 總結  
會議核心聚焦於建立涵蓋多元族群、年齡層及公務體系人員的國會宣傳與科普方案，強調在溝通設計中必須考量不同需求，並推動公民教育系統的深化與實踐。",2025-09-24 23:27:06,推廣方案需統整國會宣傳並建立多元溝通管道，針對不同年齡層、族群及公務體系設計科普教育版本，加強公民教育系統。,,
50,"，照理來說就是學校教育的公民教育體系是不是就應該要融入科普的素材部分。這部分其實也有分很多階段，比如教育部其實每年都有比較專題的學程，那會不會在有開放國會計畫之後，跟教育部合作開放國會專題學程，不論是在通識課、實習或其他的參訪上面，都會比較系統化。
另外要提到的是，現在國會也有開放旁聽、旁觀，基本上有些公民老師可能就會申請帶學生來，可是這都很零星，那是不是能讓教育體制內的師生有系統地參與旁聽國會議程這件事情比較有系統化，甚至考量到不是臺北市學校的狀況，或者甚至是開線上的……，比如在第一次的開放國會計畫裡面，如果線上頻道優化做得好，甚至之前還有提到是不是在youtube上面有國會達人頻道，就是它可以比較簡單的講解，像這些優化後的頻道，是不是就可以正式納入高中、大學甚至是國中，是不是他們在公民課上就可以藉由看這些頻道來實際感受到議會的狀況，而不是必須要申請來到現場才能感受到，這部分也有提在裡面。
另外一個委員的意見我覺得其實也是滿有趣的，基本上有很多公民組織在登記成為法人的時候，都有主管機關，那是不是有一套必讀清單或是什麼樣的教學內容可以在法人組織登記成法人的時候，可以提供給他，讓公民團體也可以知道他要怎麼樣加入國會",514,"## 會議記錄整理

### 出現人物  
- 教育部 - 教育主管機關 - 提出每年設有專題學程，並建議在開放國會計畫下與教育部合作推動國會專題學程，納入通識課、實習或參訪等教學情境，強調系統化整合。  
- 國會 - 政治機構（未具體命名） - 提出開放旁聽與旁觀機制，並建議將此機制系統化，擴展至國中、高中及大學，並考慮線上參與方式，如優化YouTube國會達人頻道，作為公民課教學資源。  
- 公民老師 - 教學實務工作者 - 提出現有學生參與國會旁聽多為零星申請，建議建立更系統化的參與機制，以提升學生對議會運作的實際理解。  
- 公民組織 - 非營利法人代表（未具體命名） - 提出在登記成為法人時，應有主管機關提供的必讀清單或教學內容，以協助公民團體了解如何合法、有效參與國會，並融入公民教育體系。  

（註：會議記錄中未提及具體個人姓名，僅以職務或角色描述出現，因此以職位或角色代稱，並依語境推論其貢獻與發言重點。）

### 核心要點  
1. 建議將國會開放旁聽與線上資源系統化納入公民教育體系 — 透過與教育部合作，發展專題學程，讓學生能透過通識課、實習或線上觀看國會達人頻道等方式，更便捷、普及地認識議會運作，突破地理與時間限制。  
2. 推動公民組織登記時提供標準化教學清單 — 在法人登記流程中融入公民教育內容，幫助公民團體理解如何合法參與國會，提升社會參與的專業性與系統性。

### 決策事項  
- 在開放國會計畫推動下，與教育部合作開發「國會專題學程」，並納入通識課、實習或參訪等教學情境，以實現國會教育的系統化。  
- 建議建立師生參與國會旁聽的系統化機制，不僅限於臺北市學校，亦應擴及全國，並考慮發展線上參與模式，例如透過優化國會線上頻道（如YouTube國會達人頻道）作為公民課教學資源。  
- 探討在公民組織登記為法人時，提供一套「必讀清單」或標準化教學內容，作為公民團體參與國會的入門指引與知識基礎。  

（註：上述決策內容皆基於會議中提出的具體建議與方向，雖未以「正式決議」形式出現，但已具備明確行動

### 行動項目  
- 與教育部合作開發「開放國會專題學程」，並納入通識課、實習、參訪等教學情境 - 教育部、國會辦公室（協同執行）  
- 建立系統化國會旁聽機制，包含臺北市以外學校的參與方案，並推動線上參與管道的發展 - 國會辦公室、教育單位（負責人待定）  
- 优化國會YouTube頻道（如「國會達人」頻道）內容，並正式納入高中、大學及國中公民課教學資源 - 國會辦公室、教育單位（教學資源組）  
- 設計並推出「公民組織登記為法人時的必讀清單」或教學內容，作為公民團體入會前的指引文件 - 國會辦公室、公民教育推廣單位

### 總結  
會議核心建議是將國會開放計畫與公民教育系統化結合，透過線上資源、專題學程及法人登記教學清單，讓師生能更便捷、深入地認識議會運作。",2025-09-24 23:27:51,建議將國會科普融入學校公民教育，透過專題學程、旁聽及線上頻道系統化推廣，並提供法人組織必讀清單以強化公民參與。,國會科普融入公民教育、NGO教材與資源協調、國會頻道多元優化與整體規劃、行動方案原則範圍與逐步執行,
51,"而不是說他關心這個議題，但覺得怎麼立法院離他很遠，不知道該怎麼進行。其實現在可能已經有很多管道和資料，只是一般公民團體甚至不知道說他要跟委員反映這件事，或是去找委員的時候他要登記遊說法，他要怎樣怎樣的時候，他應該有請願的流程。所以是不是有一套教材或guideline是法人登記為法人的時候，就可以發給NGO的。好，那就統整到這裡。
主席：好，大家有任何意見，請發言。
耿璐：我補充一下。就是可能不見得這一輪開放國會計畫都會寫進去，因為其實包含滿多，有可能會先盤點現在的資源，然後跟秘書處公共關係事務室討論完後，才知道有哪幾點是現階段可以做的。
主席：對，因為東西看起來還滿多的，但是我想等到把它跟相關的局處以及對應到表格化、濃縮以後，它會出現在的時間以及先後，應該都會有一些變化。每一個小組應該是這樣啦！都是這樣。
耿璐：然後就是不論哪一點，尤其是像第二點或是第三點，甚至第四點，也都是要等別組的優化方案出來之後，可能才知道怎麼樣去幫他們推。
主席：好，ok。請恭岳發言。
趙恭岳：我想那天在討論的時候，其實大家對於國會頻道的期待很深，可是我們想像如果是一般人，你看到其他公部門的頻道，例如不管是客語、原住民或什麼，其實他們都有非常好的節目",520,"## 會議記錄整理

### 出現人物  
- 耿璐 - 參與議程討論的專家/代表 - 提出關於國會開放計畫的資源盤點與優化流程，強調需先與秘書處公共關係事務室討論，並指出各項議題（如第二、三、四點）需待其他小組優化方案後才能進一步推動，強調計畫的實際執行需依賴跨部門協調與表格化整理。  
- 趙恭岳 - 參與議程討論的代表 - 說明公眾對國會頻道的期待，並以其他公部門（如客語、原住民頻道）的節目為例，呼應國會應建立類似多元語言與文化內容的頻道，提升一般民眾的參與與理解。  
- 主席 - 會議主持人 - 負責引導討論流程，確認各議題的先後順序與執行時程，並鼓勵參與者發言，強調計畫內容需經過與局處對接、表格化濃縮後才會有明確時間表與執行方向。  

（註：會議中提及的「他」為泛指，未具體命名，故不列入人物識別。）

### 核心要點  
1. 需建立一套針對NGO的「法人遊說與請願操作教材」，簡化公民團體與立法院互動流程，提升透明度與可操作性。  
2. 國會開放計畫內容將依資源盤點與跨單位協調後逐步調整，現階段無法立即全面實施，需分階段優化與推動。

### 決策事項  
- 統整並發展一套針對法人登記後可發給NGO的教材或指引（guideline），以協助一般公民團體了解如何向委員反映議題或進行請願，並清楚說明登記遊說法的流程與要件。  
（此為中層決策，屬於具體行動方向的確認，旨在提升公民參與的可及性與透明度。）  

> 補充說明：會議中雖有討論國會頻道、資源盤點、各小組優化方案等議題，但均未形成明確的決議或行動指令。僅耿璐提出「可能不見得這一輪開放國會計畫都會寫進去」、「需先盤點資源」、「待其他小組優化方案出來後再決定」等觀點，屬策略性討論，非具體決策。趙恭岳關於

### 行動項目  
- 統整並發展一套針對法人登記後可發給NGO的請願流程教材或指南 - 負責單位：未明確指派（可能由公共關係事務室或相關小組負責）  
- 盤點現有開放國會計畫相關資源，並與秘書處公共關係事務室討論可行性與優先順序 - 負責單位：未明確指派（可能由耿璐或相關小組負責）  
- 評估國會頻道的建置需求，並參考其他公部門（如客語、原住民頻道）節目內容，提出具體規劃建議 - 負責單位：趙恭岳（建議提出）  

（緊急程度：中等；時間要求：未明確，需依資源盤點與小組優化方案進度調整）

### 總結  
會議核心為討論如何建立一套簡明易懂的「國會參與指南」，協助NGO與公民團體了解並有效向立法院反映意見，並強調需先盤點資源、協調內部流程後再逐步推動。",2025-09-24 23:28:29,討論是否提供NGO教材指引以利參與，需盤點資源並與相關單位協調；各組方案優化後再推進，國會頻道亦被寄予厚望。,,
52,"但是國會頻道基本上只有會議室轉播，所以對一般人來講，它在增加知識能量的這種可行性相對不高，所以我們其實在這裡頭怎麼樣讓國會頻道優化，甚至國會頻道如果有可能去製作一些節目，當然我想細節上可以再進行討論，但是譬如未來它可能有一些方式能夠讓開放國會委員會這些不同的同仁，以這樣的方式能夠去強化做一些節目，也許像Discovery或者是歷史頻道那種方式，然後去讓一般的人透過這種比較好的節目來做吸收，我想這個方式可能讓民眾對於知識上面的增加會更有可行性，謝謝。
主席：大家還有沒有什麼意見要補充？
耿璐：基本上我覺得這樣聽完5題之後，應該是說一開始國會頻道優化是一個很大的題目，當然有可能是因為它牽涉到5組還是幾組，所以反而沒有1組是特別提到國會頻道優化這個工作，所以不知道這種要怎麼加進去。因為可能國會頻道優化要想好多方面，不見得是哪一組可以全包，以至於我覺得剛剛聽完5組，好像沒有關於這個部分，當然對於國會頻道，大家之前是滿有共識，無論是要加不同語言字幕，或是是不是應該要標註現在它在議事的哪一個階段，就是大家都不斷有提到，所以它應該是有一張表格必須被寫進去國會頻道要做什麼事，但是只是沒有分在哪個組別。",500,"## 會議記錄整理

### 出現人物  
- 耿璐 - 国会频道优化议题的讨论参与者 / 建议推动者 - 提出國會頻道優化缺乏明確分工與組別承擔的問題，強調國會頻道應有明確的行動表格，並指出過去已有共識如增加多語言字幕、標註議事階段等，但尚未在各組別中具體落實與分配責任，呼籲建立清晰的執行框架。

### 核心要點  
1. 國會頻道需系統性優化並明確規劃內容策略 - 現有轉播僅限會議室直播，知識傳播成效有限；應參考Discovery或歷史頻道模式，製作具吸引力的節目，並透過開放委員會同仁參與，提升公眾對議事內容的理解與吸收。  
2. 需建立具體行動表格釐清責任分工 - 當前國會頻道優化議題雖有共識（如加註語言字幕、標示議事階段），但缺乏明確的執行架構與組別分工，應制定一張清晰的行動表格，明確歸屬各組別負責事項，以推動實際落實。

### 決策事項  
- 應建立一份明確的「國會頻道優化工作表」，明確列出國會頻道應推動的各項改善事項，例如增加不同語言字幕、標註議事階段等，以確保相關工作能被系統性規劃與落實。  
- 建議國會頻道未來可參考Discovery或歷史頻道等模式，製作具知識性與可觀看性的節目，以提升一般民眾對議事內容的理解與知識吸收能力。  
- 因國會頻道優化涉及多組單位，需進一步釐清各組責任分工，並將相關事項明確分配至具體組別，避免因跨單位協作而導致執行落空。  

（此決策事項屬中高層級，涉及制度設計與跨單位協調，具備實際執行與政策推動意義。）

### 行動項目  
- 建立國會頻道優化專項工作表，明確列出需執行的改善項目（如增加多語言字幕、標註議事階段等） - 全體相關單位（或由議事組、資訊組協調執行）  
（緊急程度：中等；時間要求：需於下次會議前完成初步規劃，建議在未來1個月內完成草擬）  

- 探討國會頻道製作類似Discovery或歷史頻道風格的知識性節目，並評估可行性與內容方向 - 議事組與內容發展小組（或由資訊與公共事務組主導）  
（緊急程度：低至中；時間要求：建議在3個月內提出初步節目概念與執行架構）  

- 明確分配國會頻道優化相關事項至各負責單位，避免跨組重複

### 總結  
國會頻道應優化並製作類似Discovery或歷史頻道的知識節目，以提升大眾知識吸收的可行性，並需建立明確的分工表格將相關改善項目納入各組職責。",2025-09-24 23:29:04,國會頻道需優化並製作多元節目提升知識性，包含字幕、多語言與議事進度標註，應跨組別統整規劃列入表格化工作。,,
53,"吳處長慧玲：對不起，我不知道我講的會不會提供大家答案，不過我稍微提一下，就是國會頻道現在的確有在做國會頻道2.0，大家知道國會頻道有兩個數位電視臺21、22，加上有線的123、124，的確他們現在有就國會頻道的內涵，就是剛剛講的要怎麼樣去強化，他們有提出短中長期的計畫，所以我想也許下週公報處長在的話，會講得更清楚，有助於這邊看是要放在什麼地方，那一塊他們現在已經有一些計畫在做了。
主席：剛才像我們前面提到，哪一題是要放在便於取得利用的國會資訊以及數位化國會，還有國會識讀都要註記的是是關於那個版權的嘛，對不對？我們現在關於這個包括國會頻道以及國會網站的優化，我們是不是把它註記？至少我們要知道有這件事，然後我們再來……還是我們現在就要直接分，看是哪一組。
吳銘軒：我的想法是，從剛剛的五組聽下來，其實有滿多是重複的或者是概念很像的，再加上剛剛有說，如果每件事都要另外開個會的話，好像就不能照原本的分組，所以我另外的建議是，不去管現在的分組，而是把這些事合併，合併以後再重分。這是提議，也不一定要這樣，但是我覺得裡面好像有很多概念是很相近的。
主席：剛剛還有誰舉手？
簡信昌：我現在的問題是",496,"## 會議記錄整理

### 出現人物  
- 吳慧玲 - 處長 - 提出國會頻道2.0的發展計畫，說明目前已有短中長期規劃，並建議由公報處長進一步說明相關細節，以釐清國會資訊數位化與利用的落實方向。  
- 吳銘軒 - 會議參與者 - 提議將原本五組議題進行整合，認為各議題存在重複或概念相近之處，建議不再依現行分組，而是合併後重新分配，以提升效率與一致性。  
- 簡信昌 - 會議參與者 - 在主席詢問後提出問題，但未明確說明問題內容，僅顯示其參與討論並表達疑問。  

（註：吳慧玲與吳銘軒為不同人物，雖同姓「吳」，但姓名與職稱可區分；簡信昌僅出現於發言片段，未明確提及職位，故以參與者標註。）

### 核心要點  
1. 國會頻道正推動「國會頻道2.0」計畫，包含短中長期策略，強化數位內容內涵與資訊可及性，未來將由公報處長進一步說明細節。  
2. 會議建議暫停現行分組，將重複或概念相近的議題整合後重新分組，以提升效率並避免議題碎片化。

### 決策事項  
- 合並目前五組相關議題，不再依原分組進行，而是將內容整合後重新分組，以避免重複與概念相近的議題分散處理。  
（此為中層決策，屬流程與組織安排之調整，具備明確行動方向與決策依據，基於效率與整合性考量提出，並獲得主席場上討論後採納為建議方向。）  

> 補充說明：會議中雖提及國會頻道2.0、數位化國會、版權註記等內容，但均屬討論性質，未形成具體決策。關於是否將國會頻道與網站優化納入版權註記，亦僅提出「應註記」之建議，尚未有明確決策。因此，唯一具體且明確的決策為「整合議題並重新分組

### 行動項目  
- 請公報處長於下週補充說明國會頻道2.0的短中長期計畫內容，以釐清相關工作應如何定位與落實 - 公報處（預計時間：下週）  
- 將國會頻道與國會網站的數位化、資訊可取得性、國會識讀及版權相關議題進行整合，並提出合併後的分組建議，避免重複作業 - 吳銘軒（建議提出者，無明確負責單位）  
- 明確確認國會頻道與網站優化中關於版權的註記與處理方向，作為後續規劃基礎 - 主席（需確認議題範疇與後續分工）  

（註：部分行動項目前期為建議或討論，尚未確立具體執行單位與時間點，僅依會議內容推

### 總結  
會議核心聚焦於整合重複議題，建議暫停現行分組，將國會頻道數位化、資訊可及性與版權等相關議題合併統籌，以提升效率並明確後續推動方向。",2025-09-24 23:29:41,國會頻道已推動2.0並有短中長期計畫，建議相關優化與網站改進納入整體規劃，重複議題可合併後再重新分組。,,
54,"至少我們「便於取得利用的國會資訊」這一組當初討論時是根據vTaiwan提供的那些問卷結果，而我剛才聽到「數位化國會」這一組也是比較會採問卷結果，也就是民眾的許願。可是有些東西可能比較像是原則性的，比如說開放的資訊其實就會像是第一組在討論的，理論上原則應該是所有都開放，除了某些限制之外，所以我們接下來的討論是要根據這次的結果嗎？還是接下來要怎麼做？比如說，如果數位化國會在網站優化這件事情上是根據之前vTaiwan所提供的民眾許願，那我覺得接下來失敗的可能性就還是滿大的，至少我們自己做網站的時候其實還是需要一些por typing，讓一般人決定這個東西到底是好或是不好，而不是把大家的許願都丟進來成為一整個雜燴，所以我比較想要知道的是，接下來的action item應該要怎麼定義。
吳銘軒：我補充一下，我的想像應該是要等到我們確定了行動方案之後，進入執行的時候要從這個地方開始對不對？至於有沒有確定要做這件事、這件事應該要涵蓋哪些範圍，則是這個階段的行動方案要決定的事情，是吧？
比方說行動方案決定我們要改善剛剛說的國會頻道，在我們蒐集到的意見原則中，有哪些事情需要被解決？為什麼要做這件事？這個是行動方案，可是等到行動方案通過以後開始要執行的時候，亦即在這兩年或三年之間",538,"## 會議記錄整理

### 出現人物  
- 吳銘軒 - 行動方案推動者 / 討論參與者 - 提出行動方案應在執行前確立，強調在確定了行動方案後才應從民眾意見中出發進行執行；並以「國會頻道改善」為例，說明行動方案應明確回答「哪些問題需要解決」、「為什麼要做」，強調執行階段需有具體的範圍與判斷標準，避免僅依賴民眾許願導致結果混亂或失敗。

### 核心要點  
1. 接下來的行動方案應以「確立明確目標與範圍」為基礎，而非直接採納民眾許願作為執行依據——需先界定何種議題應被優先處理，避免將多元許願堆疊成無結構的雜燴。  
2. 國會資訊的開放原則應區分「理論上的開放性」與「實際執行的可行性」，未來行動需在原則與實際需求間取得平衡，並透過民眾參與與試驗驗證其有效性。

### 決策事項  
- 關於「數位化國會」相關行動方案的推動，應在確立行動方案後，再進入執行階段，且行動方案需明確回答「是否要做這件事」以及「該事項應涵蓋哪些範圍」。  
- 行動方案的內容應基於蒐集到的民眾意見原則（如開放資訊、網站優化等），並需明確界定需解決的問題、執行理由與範圍，而非直接將民眾許願結果作為執行依據。  
- 建議在執行階段前，應透過「por typing」（即讓一般民眾實際參與評估與判斷）的方式，讓民眾能參與判斷政策或網站設計的好壞，以避免僅依賴民眾許願形成雜亂無章的決策結果。  

（此為中層決策，屬於行動方案設計與執行邏輯的關鍵

### 行動項目  
- 明確定義「數位化國會」行動方案的執行範圍與目標（如改善國會頻道） - 吳銘軒（提出建議）  
- 確認行動方案是否應基於vTaiwan民眾許願結果，或需結合專業判斷與民眾參與的平衡機制 - 全體討論參與者（含吳銘軒）  
- 在行動方案通過後，針對蒐集到的意見原則，釐清哪些問題需被解決、何為執行動機與必要性 - 吳銘軒（主導提出）  
- 設計網站優化時的「por typing」機制，讓一般民眾能有效評估與參與，避免僅將許願內容直接堆疊為雜燴 - 吳銘軒（提出建議）  

（註：上述項目中，部分為概念

### 總結  
會議核心議題為：在制定「數位化國會」行動方案時，應以民眾許願為基礎，但需結合專業判斷與實際可行性，避免僅依賴問卷結果導致執行失敗，並強調行動方案須明確界定目標、範圍與執行邏輯。",2025-09-24 23:30:16,討論問卷結果僅能作為參考，行動方案需明確定義原則與範圍，再依計畫逐步執行，如國會頻道優化等。,,
55,"就要去研究怎麼把這件事情做好、要有哪些步驟。所以我們的確也不是直接把最後要做成什麼樣子，或者是這個網站最後應該要設計成什麼樣子，在這個階段做完，對吧？
簡信昌：就剛剛討論的內容來看，比如我們這一組在討論的，像是有些陽光法案內容要加進來，這個是民眾許的願，但他們可能不知道這些東西到底是在監察院還是在立法院，這是比較原則性的東西，至少以我自己來講，我比較同意剛剛Freddy講的，「便於取得利用的國會資訊」這組應該要討論的就是剛剛LuLu講的，在這個流程裡面有哪些東西應該要被開放，而不是我們要做一個mugshot的網站，讓大家來填國會助理的基本資料，或把他開了什麼公司都納進來，所以我們在這裡應該要討論須開放哪些資料出去。
主席：如果把國際事務小組和秘書處做的「工作歷程、前言、章程統整」加進來，其實總共就有六組，我想剛剛講的前言這一塊就沒有統整的必要，但其他的部分有沒有統整合併的需求？
王向榮：有關剛剛的關鍵字和我手寫的部分，經過第二組和第四組的討論後，應該就是轉由第四組來做後續，也就是要寫成一個方案。
主席：如果要合併的話，大家有什麼合併的想法嗎？或是說，另外一個方式當然就是把雷同的組別約在同樣的時間開會",507,"## 會議記錄整理

### 出現人物  
- 簡信昌 - 討論參與者 / 小組成員 - 提出應聚焦於「便於取得利用的國會資訊」，強調應討論哪些資料應被開放，反對過度設計如建立國會助理個人資料網站，主張內容應以公開透明與實際使用為導向。  
- 主席 - 會議主持人 / 協調者 - 提出將國際事務小組與秘書處的「工作歷程、前言、章程統整」納入討論，並提出合併建議，包括是否統整前言部分或調整組別開會時間，以提升效率與協調性。  
- 王向榮 - 小組成員 / 討論參與者 - 說明關鍵字與相關內容經第二組與第四組討論後，將由第四組承接並撰寫成方案，顯示其在內容分工與流程安排上的角色。  

（註：會議中提及的「Freddy」與「LuLu」未提供完整姓名或職位資訊，且無明確發言內容或角色描述，故未列入正式識別。）

### 核心要點  
1. 資料開放範圍應以「便於取得利用的國會資訊」為核心，聚焦於公開哪些內容，而非過度設計具體網站功能（如填報國會助理資料），強調原則性與實用性。  
2. 多組議題應依內容雷同性進行合併或協調時程，例如將國際事務小組與秘書處的「工作歷程、章程統整」整合，提升效率並避免重複作業。

### 決策事項  
- 將「工作歷程、前言、章程統整」中除「前言」外的內容納入統整，並確認其他部分有無統整合併的需求。  
- 第四組負責承接第二組與第四組討論後的關鍵字內容，並撰寫成正式方案。  
- 若有合併需求，可考慮將雷同組別安排於相同時間開會，作為替代方案。  

（註：上述決策為會議中明確提出之結論或行動方向，屬中層決策，涉及工作分工與流程調整，具備可執行性與責任歸屬。）

### 行動項目  
- 討論並釐清應開放哪些國會資訊，以建立「便於取得利用的國會資訊」的內容框架 - 簡信昌（主導）  
- 將國際事務小組與秘書處的「工作歷程、前言、章程統整」內容進行檢視，評估是否需統整或合併 - 主席（提出建議）  
- 由第四組負責將第二組與第四組討論後的關鍵字內容整理成正式方案 - 王向榮（指派）  
- 考慮將雷同組別安排於相同時間開會，以提升效率與協調 - 全體成員（建議性後續行動）  

（註：上述行動項目中，「討論應開放資訊」與「整理方案」為具體任務，「統整與合併」為需進一步

### 總結  
會議核心聚焦於釐清應開放哪些國會資訊，並建議整合重複組別或由第四組主導制定方案，避免過度設計具體網站功能。",2025-09-24 23:30:52,行動方案階段應聚焦於資料開放原則與範圍，而非網站設計細節；組別間若內容雷同，建議整合協作以提升效率。,行動方案以資料開放原則為核心、跨組整合與統一格式、OGP範本簡化應用、Excel彙整行為討論與回饋、逐步收斂避免過早複雜化,
56,"這當然又是另外一個部分，這是在工作上的合併而不是直接在小組上的合併。
曾柏瑜：就是我覺得因為現在這些包括寫的方式還沒有一個固定的格式，所以我覺得雖然有很多雷同的地方，但是因為還沒有放進action item裡面，我覺得要直接把組融合或重分或依照題目做分組可能以現階段來講還有一點抽象，我建議是不是我們現在先把譬如剛剛講的國會頻道分到某個小組裡面，現在這個小組會議先把action item分出來，接下來每一個組交上來的格式都長的一模一樣之後，我們再依據每個action item重新做分組、做跨組別的討論，這樣是不是會更聚焦一點？
耿璐：有同意阿Fi講的，因為剛剛又想像譬如寫在那個表格裡面就很像是大家寫的東西再N次貼，再做grouping note，就會比較清楚。
于顥：不好意思！我後續補充一下，剛剛阿Fi提到的那個部分是表格的部分，我建議我們等一下就立刻確認一下那個表格是不是長這樣。另外，我建議國會頻道2.0的部分直接分給第三組，就是參與的部分，因為那可能會包含多語言的部分，後續如果有跟行政單位接觸，……
主席：這一組其實是便於人民參與的國會。
于顥：對，就是包含多語言的部分，我自己的建議是給第三組啦！現在我們是不是就來討論一下那個表格？是不是接下來大家的意見都可以直接先收攏進去？",547,"## 會議記錄整理

### 出現人物  
- 曾柏瑜 - 工作小組成員 / 建議提出者 - 提出應先明確制定行動項目（action item）的格式，建議先將國會頻道分入特定小組並完成action item的整理，再根據內容重新分組，以提升討論的聚焦性與實務性。  
- 耿璐 - 工作小組成員 / 認同與補充者 - 認同曾柏瑜的觀點，強調將意見整理成表格可避免重複貼文，並有助於清晰歸納與分組（grouping note），提升會議效率。  
- 于顥 - 工作小組成員 / 建議提出者 - 補充說明表格格式的確立，並建議將「國會頻道2.0」直接分給第三組，理由是該議題涉及多語言與行政單位接觸，強調此分組有助於後續執行。同時提出應立即確認表格格式，並建議將所有意見先統整進表格中。  
- 主席 - 會議主持人 / 職責引導者 - 明確指出「這一組是便於人民參與的國會」，作為分組背景說明，協助釐清小組定位與議題範疇，提供討論的框架與方向

### 核心要點  
1. 先統一行動項目（action item）的呈現格式 - 建議先以標準表格收錄各小組意見，確保內容結構一致，再依內容重新分組，提升討論聚焦與效率。  
2. 國會頻道2.0建議由第三組承接 - 因其涉及多語言與人民參與，符合第三組專長，應立即確認並分配給該組負責。

### 決策事項  
- 將「國會頻道2.0」的部分直接分給第三組，該組負責包含多語言內容的參與相關工作。  
- 確認並統一各小組提交的行動項目（action item）格式，建議以表格形式呈現，確保內容結構一致，以便後續進行分組與跨組討論。  
- 在各組提交格式統一後，再依據實際的action item進行重新分組與跨組別討論，以提升會議聚焦性與效率。  

（上述決策涵蓋中層與操作層級，其中「分組給第三組」為具體任務指派，「統一表格格式」與「後續依action item調整分組」為流程性決策，屬於中高層級決策，具備可執行性與明確目標。）

### 行動項目  
- 確認國會頻道2.0相關行動項目之表格格式 - 于顥（負責提出建議並推動確認）  
- 將國會頻道2.0部分分派給第三組（負責參與及多語言相關內容） - 于顥（建議並指派）  
- 每個小組在會議後提交格式統一的action item，作為未來分組與跨組討論的基礎 - 曾柏瑜（提出建議）  
- 將各組提交的意見統一收納至表格中，並進行grouping note整理 - 耿璐（提出建議）  

（緊急程度：中等，需於會議後立即確認表格格式並分派任務；後續行動需在小組會議後依序執行）

### 總結  
會議決議先統一行動項目（action item）的表格式範本，並將國會頻道2.0交由第三組負責，以提升後續分組與討論的聚焦與效率。",2025-09-24 23:31:31,建議先由各組產出統一格式的 action item，再依內容重新分組討論；國會頻道2.0 可分配至第三組「便於人民參與的國會」。,,
57,"畫面可以開一下那個紀錄表嗎？
我在那個紀錄表最下面有放它的原型，它的原型是出自於OGP行動方案承諾使用的範本，對於欄位，我大致上都沒有做變動，我只是把它改成是我們分組討論的彙整表，就是各組討論出來的一些項目。現在我們先依照這個順序說明，「現況與挑戰」的部分也就是目前有哪裡是不足的，還有民眾在使用這些系統或是在參與國會時覺得哪些部分窒礙難行；在「主要目標」的部分，我想就是我們要列一下個別小組要達到哪些目標，譬如資訊更好蒐集，譬如資訊的系統平台可以整合，譬如資訊可以更即時被開放，我想這些期待和目標就是放在「主要目標」；在「風險評估」的部分，我想就是依據我們自己提出來的這些方案做風險評估，我覺得這也算是對我們提出的方案自我檢討，就是包含開放到什麼樣的程度有可能會有滲透的風險，我們把類似這樣的東西放進來，或是助理的資料公布會不會涉及到違反個資法的規定；我覺得我們有這三個項目在裡面應該就有滿完整的小組的section可以出現了。
至於OGP原則的部分，包含取得資訊、課責、公民參與、技術創新部分，我是依照那個原型表格放的，如果我們不放那個，我也覺得OK，因為我不太確定放那個的功能是什麼，但是開放大家討論。",504,"## 會議記錄整理

### 出現人物  
- 會議參與者（未具體命名） - 記錄表設計與內容規劃者 - 主導說明紀錄表的結構與內容安排，提出「現況與挑戰」、「主要目標」、「風險評估」三大欄位的設計邏輯，並說明其來源為OGP行動方案承諾範本，強調欄位內容反映分組討論成果，包含對系統使用困難、資訊整合與個資風險的考量，同時提出OGP原則的應用與開放討論空間。  

（註：會議記錄中未提及具體個人姓名，僅以「我」作為發言主體，無法確認為特定人物姓名，故以「會議參與者（未具體命名）」表示。）  

---  
本段無具體人物提及

### 核心要點  
1. 以OGP行動方案原型為基礎建立分組討論彙整表，維持欄位結構但調整內容，涵蓋「現況與挑戰」「主要目標」「風險評估」三大核心部分，確保議程完整且具實務可操作性。  
2. 在風險評估中明確檢視資訊開放程度與個資保護間的衝突，特別關注助理資料公開可能違反個資法的潛在風險，強化方案的合法性與責任意識。

### 決策事項  
- 依據OGP行動方案承諾使用的範本，將分組討論的結果整理為「現況與挑戰」、「主要目標」、「風險評估」三個部分，作為各小組彙整表的內容結構。  
- 「現況與挑戰」部分用於說明目前系統或國會參與中民眾認為窒礙難行之處；  
- 「主要目標」部分用於列舉各小組期望達成的目標，例如資訊更好蒐集、系統平台整合、資訊即時開放等；  
- 「風險評估」部分用於針對所提方案進行自我檢討，包含開放到何程度可能產生滲透風險、助理資料公開是否違反個資法等問題。  
- OGP原則（取得資訊、課責、公民參與、技術創新）可依原型表格納入，但此部分為開放討論項目，尚未

### 行動項目  
- 製作並開放「OGP行動方案承諾紀錄表」的原型文件（含現況與挑戰、主要目標、風險評估三大欄位） - 負責人：未明確指派（由提出者負責）  
（緊急程度：中等；時間要求：無明確期限，建議於會議後立即啟動）  
- 根據各小組討論內容，填入「現況與挑戰」部分，彙整民眾使用系統或參與國會時的窒礙難行處 - 負責單位：各小組成員（需協調後由小組長統籌）  
（緊急程度：中等；時間要求：會議後1週內完成）  
- 設定並填寫「主要目標」欄位，明確列出各小組希望達成的目標，例如資訊蒐集

### 總結  
本次會議確認以「現況與挑戰」「主要目標」「風險評估」三大欄位構建分組討論彙整表，並保留OGP原則作為參考，強調方案的可行性與風險控管。",2025-09-24 23:32:08,討論決定以 OGP 行動方案的範本為基礎，紀錄表涵蓋「現況與挑戰」「主要目標」「風險評估」三部分，方便自我檢討與方案規劃；OGP 原則欄位則開放討論是否保留。,,
58,"現在是不是先確定一下我們是不是接下來要用這個表格去記錄？
周韻采：這個表格其實要經過很多的淬鍊，譬如風險評估，有些是要有法律背景或是有某一些背景才能做出來，我覺得這樣等於大家都還沒有廣泛討論，就是由幾個工作人員直接這樣做，其實裡面的東西像「現況與挑戰」都還滿複雜的，我們剛剛看到各組討論都是一些比較行為式的作法，我會建議是不是我們先不要用這個，先用excel表把各組委員討論或是民眾的反映，就是可以變成一個具體行為的部分先臚列出來，然後就是大家剛剛討論的，整理出來以後會再有一個excel表，去看看各組有沒有錯字或者是重複的部分，大家再來看有沒有需要調整或重新分工的部分。因為這個很像是你最後要寫IRM的時候才需要用到的，已經做到這麼細的工，我覺得其實對於哪些item，甚至excel表出來以後，才能去看說，當我們跟立法院的同仁在溝通的時候，哪些item是可以先做，哪些item是要放中間，哪些item可能不用做了。對，這個部分好像已經變成有點是在寫整體的評估報告，我們不是要委外給民間人士寫嗎？就算不是IRM，但是真的已經有點像是一個很長的報告。
曾柏瑜：IRM是要評估我們整個程序做得怎麼樣，那這份報告，就是周老師剛剛所說的這份很長的報告就是要從MSF出來",530,"## 會議記錄整理

### 出現人物  
- 周韻采 - 工作人員 / 建議者 - 建議暫不直接使用現有的表格進行風險評估，強調應先以Excel表整理各組委員討論與民眾反映的具體行為內容，再進行錯字、重複檢視與分工調整，認為此過程更符合實際操作需求，並指出該做法已接近IRM報告的層次，應先建立基礎資料再進行後續評估與與立法院溝通。  
- 曾柏瑜 - 工作人員 / 補充說明者 - 說明IRM的本質是評估整體程序的品質，並指出周韻采所提及的長報告內容，實際上正是從MSF（Members' Stakeholder Feedback）出發，屬於IRM評估的前期準備與內容基礎。

### 核心要點  
1. 先以Excel表格整理各組討論與民眾反映的具體行為項目，避免過早進行複雜風險評估或法律敏感內容的定義，確保內容實用且可操作。  
2. 當前表格設計過於精細，已接近完整評估報告（如IRM）的範疇，建議暫緩使用，改為先建立行為層級的清單，再逐步整合與調整，以符合與立法院溝通的實際需求。

### 決策事項  
- 不立即使用現有的表格來記錄「現況與挑戰」等複雜內容，因該內容需經過風險評估且需具備法律或專業背景，目前尚無廣泛討論基礎；  
- 先以 Excel 表格整理各組委員討論結果或民眾反映的「具體行為部分」，作為初步資料收集工具；  
- 在完成行為層面的整理後，再透過另一個 Excel 表格進行內容檢視，包括檢查錯字、重複項目，並依據檢視結果進行調整或重新分工；  
- 此流程應視為未來撰寫 IRM（整體評估報告）前的前置步驟，而非直接進入報告撰寫階段，以確保內容可操作、可調整，並能有效支持與立法院溝通時的項目優先排序與取捨。  

（決策層級

### 行動項目  
- 先使用Excel表格整理各組委員討論內容及民眾反映的具體行為項目 - 周韻采（建議提出）  
- 在Excel表中檢視各組是否有錯字或重複項目，並進行調整與重新分工 - 全體工作小組（執行單位）  
- 根據整理後的Excel內容，判斷哪些項目可先執行、哪些需延後或可省略，作為與立法院溝通的依據 - 周韻采（主導建議）  
- 明確區分此工作為「整體評估報告」的前期準備，非直接進入IRM撰寫階段 - 曾柏瑜（補充說明）  

（緊急程度：中等；時間要求：需在下次會議前完成初步整理與討論）

### 總結  
會議認為應先以Excel表格整理各組討論與民眾反映的具體行為，避免過早進入需法律與專業背景的風險評估，以免過度複雜化，並為後續IRM或評估報告提供清晰、可調整的基礎。",2025-09-24 23:32:46,目前建議暫不直接套用完整OGP表格，而是先用Excel彙整各組行為式討論與民眾回饋，去除錯字與重複，再依輕重緩急分工；OGP格式與完整評估報告則留待IRM或MSF階段使用。,,
59,"我們並不是只做一個原則性的列點，然後交由別人去寫，這整篇報告就是要從這個MSF裡面產生。
周韻采：下禮拜要繳交，這個也許是再後來、再後來、再後來，不是我們一下要跳好幾個步驟去做這個事情。
曾柏瑜：我們當然可以先討論這個表格要長得怎麼樣。
吳銘軒：這個表格應該是針對一件事情對不對？所以這個上面好像沒有標題，這是第一個，就是你可能針對一個行動方案是要填一個表格。對啊！所以我們最後發布那個行動方案，就是12月底的那個，就是以這個方式呈現，就是第一個你要做的事情是什麼，然後是你會承諾的這個事項、主責單位、啟動時間、完成時間這些。所以它實際應該要完成的時間點上次是說12月是不是？
于顥：11月9日。
吳銘軒：11月9日，然後中間還包含要公開，然後再徵詢其他意見，對不對？所以這個主要其實不是要寫成一份報告，而是這個表格你就把它想成是一個A4的表格，就是在這一頁A4裡面要儘量把它簡化，然後完成。比方說我們剛剛談國會頻道，那就是在這裡，第一頁。
周韻采：我的意思是這不是下禮拜……
吳銘軒：不，但它不會變成一個報告，它就是一件事情一頁。
周韻采：剛剛于顥的意思是說要用這個當作我們再converge、再重新grouping的基礎，我是說這樣子真的太複雜了",525,"## 會議記錄整理

### 出現人物  
- 周韻采 - 會議參與者 / 報告負責人 - 提出報告製作不宜過於複雜，強調應避免僅做原則性列點，並質疑表格內容是否需跳過多個步驟，認為當前規劃過於繁瑣，需重新思考結構與執行時程。  
- 曾柏瑜 - 會議參與者 / 表格設計討論者 - 提出可先討論表格的格式與結構，顯示對表格內容設計有參與意願，關注如何具體規劃表格的外觀與內容安排。  
- 吳銘軒 - 會議參與者 / 行動方案設計主導者 - 明確提出表格應針對單一行動方案設計，強調表格應具備明確標題、項目（如行動事項、主責單位、啟動與完成時間），並說明最終行動方案將於12月底發布，且表格應簡化為單頁A4格式，作為實際執行與公開的基礎。  
- 于顥 - 會議參與者 / 時程確認者 - 明確指出行動方案的實際完成時間點為11月9日，並補充說明該時間點包含公開與徵詢意見的流程，強調時間節點的具體性與流程完整性。

### 核心要點  
1. 報告核心是建立「一事一頁」的行動方案表格，而非傳統原則性列點或長篇報告 —— 每個行動方案應以A4單頁簡化呈現，包含事項、承諾內容、主責單位、啟動與完成時間等關鍵欄位。  
2. 表格需作為後續協調與整合的基礎，於11月9日前完成並公開，再徵詢意見，強調其作為實際執行與溝通工具的功能，而非僅為形式文件。

### 決策事項  
- 本次報告將基於MSF內容產生具體行動方案表格，而非僅作為原則性列點交由他人撰寫。  
- 行動方案表格應以「一事一頁」為原則，每頁A4紙僅呈現一個行動方案，包含：第一個要做的事情、承諾事項、主責單位、啟動時間與完成時間。  
- 行動方案的完成時間點為11月9日（非12月），並包含公開與徵詢其他意見的流程。  
- 該表格將作為後續收斂（converge）與重新分組（grouping）的基礎，用以整合與優化內容。  

（上述決策涵蓋結構設計、時間節點、內容範圍與用途，屬中高層級決策，明確定義了報告的實質內容與執行路

### 行動項目  
- 設計並完成一份針對單一行動方案的A4表格，包含待辦事項、承諾事項、主責單位、啟動時間與完成時間等欄位 - 吳銘軒（主導設計）  
- 確認行動方案表格的最終完成時間為11月9日 - 于顥（提供時間點）  
- 以該表格作為後續收斂與重新分組的基礎，簡化內容結構，避免過度複雜化 - 周韻采（提出簡化需求）  
- 該表格將作為12月底行動方案發布的呈現方式，需在11月9日前完成初稿並公開徵詢意見 - 吳銘軒、于顥（共同負責）  

（緊急程度：中高，因時間點明確為11月9日

### 總結  
本次會議核心決議是：報告不以原則性列點為主，而是以「一事一頁」的簡化行動表格為基礎，明確行動項目、承諾事項、主責單位與時間軸，並於11月9日前完成初步表格，作為後續協調與公開的基礎。",2025-09-24 23:33:31,討論確認這份表格應作為行動方案的具體工具，每項議題各填一頁A4，內容簡化包含目標、主責單位與時程，非完整報告；周韻采提醒不宜過早複雜化，建議先聚焦於彙整與收斂。,,
60,"等於你一開始就要去做完所有的風險評估等等實質的東西，還有「現況與挑戰」，這其實都需要一些更深入的瞭解才有辦法寫出來。
主席：我想「現況與挑戰」大概是跟現在的局處要一起開會才會有的一個描述，「風險評估」也是類似，大概就是我們剛剛講的幾個項目，如果跟個資有關的或是什麼，應該不用特別很細緻的去講它可能跟那些法律有什麼樣的問題，但是要稍微提到。
我剛剛跟于顥確認了一下我們的進度，原則上我們9月底應該就要有一個可以上網給民眾再回饋一些意見的版本，對不對？我們那個9月底上網的版本會是怎麼樣？
于顥：我想要先回應剛剛周老師提出的問題，有關於「現況與挑戰」的部分，其實並不是要說哪些我們寫出來的東西會沒有辦法執行，應該是說現在民眾在使用我們的國會頻道，或者是在參與國會的時候，他們覺得哪個部分很困難，那個現況講的是這個，就是目前國會哪裡做得還不夠，所以它其實是一個problem，然後「主要目標」應該是比較接近一個solution，是這樣子分類的邏輯啦！所以其實依照大家現在已經整理出來的民眾意見，跟有些組已經有列出他們覺得哪些東西可以往哪個方向來改善，這其實應該是已經可以填進去這個表格的狀態。另外，因為大家列資訊和列他們所寫東西的方式跟邏輯都不一樣",521,"## 會議記錄整理

### 出現人物  
- 周老師 - 主席 - 提出「現況與挑戰」及「風險評估」的內容框架，強調需與局處協調討論，並指出應聚焦於民眾使用國會頻道時的實際困難，作為現況描述，而「主要目標」則應作為解決方案（solution），釐清兩者之間的邏輯關係。  
- 于顥 - 進度負責人 / 專案執行者 - 回應周老師關於「現況與挑戰」的問題，說明其本質是反映民眾在使用國會頻道或參與國會時所遇到的困難，並強調現有民眾意見與各組改善建議已具備填入表格的基礎；同時指出各組在資訊整理與邏輯呈現上存在差異，需進一步統一。  

（註：「周老師」與「于顥」為會議中提及的具體人物，雖未提供全名，但根據語境與角色定位可明確識別其身份與貢獻。）

### 核心要點  
1. 「現況與挑戰」應基於民眾實際使用國會頻道時的困難與反饋，聚焦於現有服務的問題點，而非可行性或執行細節，是理解民眾需求的關鍵基礎。  
2. 9月底將推出可上網徵求民眾意見的版本，內容應整合現有民眾意見與各組提出的改善方向，並以「問題—解決方案」邏輯結構化呈現，確保內容具實務關聯性與可操作性。

### 決策事項  
- 原則上於9月底完成一個可以上網供民眾回饋意見的版本。  
- 「現況與挑戰」部分應聚焦於民眾在使用國會頻道或參與國會過程中的實際困難，反映現行服務中的問題（problem），而非評估內容是否可執行。  
- 「主要目標」應定位為對應解決上述問題的具體改善方向（solution），並依據已整理的民眾意見及各組提出的改善建議填入相關表格。  
- 風險評估部分應簡要提及與個資相關的項目，並說明其與法律規範的關聯，但無需過度細緻說明。  

（上述決策涵蓋進度目標、內容框架與重點分工，屬中高層級決策，明確定義了時間點、內容性質與分工邏輯。）

### 行動項目  
- 整理並填入「現況與挑戰」內容，基於民眾對國會頻道或參與國會過程中的實際困難與意見，由各組根據已整理的民眾意見進行彙整與歸納 - 各組負責人（無明確指定）  
- 完成「風險評估」內容，針對與個資相關項目進行簡要提及，不需過度細節涉及法律問題，但需反映相關風險 - 各組負責人（無明確指定）  
- 制定並完成9月底可上網供民眾回饋意見的版本，作為國會頻道改善計畫的初步公開版本 - 于顥（負責進度確認與版本規劃）  
（緊急程度：中高，因9月底上網有明確時間要求，且需民眾回饋，屬關鍵時程）

### 總結  
會議確認「現況與挑戰」應聚焦於民眾使用國會頻道時的實際困難，作為「主要目標」（解決方案）的基礎，並預計於9月底推出可上網徵求意見的版本。",2025-09-24 23:34:11,「現況與挑戰」聚焦民眾使用國會頻道與參與困難，「主要目標」則為解決方向；9月底須完成可供民眾回饋的版本。,行動方案格式統一與提交時程、國會頻道優化歸入便於人民參與組、網站優化跨組協作待定、9月底完成回饋版本,
61,"所以現在我們才更急切地需要有個統一的格式，讓大家可以依照這個一貫的邏輯去把各組的東西都填進去，這樣我們後續在做收攏跟彙整的時候，才有辦法做到，不然這個東西如果到後面才做的話，我們就來不及了。
周韻采：我主要concern的是，這樣的作法其實會先耗一些工，因為每一個item，我們break down之後，可能到最後其實有些item還是要drop掉的，那就變成現在在這個paperwork上反而是耗了一些工，我只是覺得這是不夠efficient的作法，但是如果大家堅持或是主席也裁示的話，我們就follow，反正耗工是大家一起耗。
耿璐：我補充一下，我覺得這個表格只是提供大家整理資料的方式，以我來說，我可能就不會花很多時間把它填到很完美，我不知道的部分我不填就好了。其實最主要就是把我們現在討論的東西，比如說「主要目標」就是把我們要做什麼事填進去，如果有好幾張表格都填了優化國會，我們就知道這三張表格要合在一起。至於有些我暫時沒有辦法回答的，我並不會在這個階段花太多工，所以我可能只會針對我現在有寫的內容把它填進去，就是先把它當成一個N次貼，只是不要再用各種不同的模式去整理資料，這是我看到這張表格時沒有覺得它很難的原因，因為我覺得就是把現有的東西填進去而已。",530,"## 會議記錄整理

### 出現人物  
- 周韻采 - 提案與質疑者 - 主要貢獻或發言重點：提出對現行資料整理格式效率的擔憂，認為將每個項目細分後仍可能需要刪除，導致紙張工作耗時且不具效率；強調若團隊堅持此做法，則會接受，但需承認耗工問題。  
- 耿璐 - 補充與實務操作者 - 主要貢獻或發言重點：補充說明表格僅作為資料整理的框架，強調實際操作中可選擇性填寫，不需追求完美；認為重點在於明確記錄「主要目標」，如「優化國會」等關鍵內容，以實現資料整合與歸類；建議避免使用多種不同模式整理，應統一方式，將表格視為「N次貼」的簡單填寫工具。

### 核心要點  
1. 需建立統一格式以確保資料一致性與後續彙整效率 - 為避免資料分散、難以整合，會議強調必須採用一致的表格格式，讓各組依邏輯填入內容，提升收攏與分析效率。  
2. 表格僅作為資料整理工具，非強制完美填寫 - 各成員可依實際掌握程度填寫，暫無答案者可選擇不填，重點在統一結構而非精細完成，以減少無效勞動與時間消耗。

### 決策事項  
- 建議建立統一的資料整理格式，以確保各組資料能依照一致邏輯填入，以便後續收攏與彙整；若無此格式，將導致時間不足而無法完成。  
- 承認該格式可能增加初期工作負擔，但若經由主席裁示或團隊一致同意，將遵循此作法。  
- 明確確認表格僅作為資料整理的工具，不強求填寫完整或精確，對於暫時無法回答的項目可選擇不填，重點在於將現有內容整合，避免使用多樣化、不一致的整理模式。  
- 強調應將多張表格中重複出現的主題（如「優化國會」）進行合併與對齊，以提升資料整合效率。  

（此決策層級包含策略性方向設定與

### 行動項目  
- 建立統一的資料填報格式，以確保各組資料能依照一致邏輯填入，提升後續收攏與彙整效率 - 全體團隊（含周韻采、耿璐）  
（緊急程度：中高，因涉及後續彙整時程，需盡快落實）  
- 遵循統一格式填寫各項內容，避免使用多樣化、不一致的整理模式，確保資料可整合與對照 - 全體團隊（含周韻采、耿璐）  
（緊急程度：中，為確保資料一致性，需在會議後立即執行）  
- 對於無法立即回答或無明確內容的項目，不強求填寫完整，僅填入現有明確內容，以降低作業負擔 - 耿璐（個人執行）

### 總結  
會議核心結論為：應建立統一資料格式以提升後續彙整效率，雖存在填表耗工之憂，但為確保資料一致性與可比性，仍建議採用並遵循該格式。",2025-09-24 23:34:50,需建立統一格式以利彙整，各組先依邏輯填入主要目標等現有內容，暫無法回答的部分可留白，避免浪費過多時間。,,
62,"主席：我還是要再確定一下9月底我們要公布上網的東西會是怎麼樣，按照之前開會的內容，我記得並不是要鉅細靡遺的東西嘛，對不對？如果我們要公布的東西就是類似這樣子彙整出來的東西的話，那好像的確現在就要開始彙整了。
吳銘軒：我的期待是9月底啦，就是把我們這段時間所有蒐集來的意見，包括我們是怎麼把它分組、怎麼把它收攏的那個結論公布出去，以及哪些意見在這個過程當中並沒有被……就是我們會整理另外一個，像我們上次說的，有一些其實完全不是立法院能做的事情，這些我們會把它列出來。
主席：你說9月底會公布的應該是我們過去做到現在的一個歷程，以及現在產出的內容，而產出的內容可能就是類似這個表格的比較完整版以及沒有放進去的原因，對不對？
吳銘軒：對，所以現在的問題是，我們現在是各組彙整了嘛，今天大家報告是各組彙整的，接下來我們是要把這些再用一個比較統一的wording的方式，不管是要用這個表格還是什麼樣，總而言之就是要用比較統一的方式再merge一次，然後最後出來的是一個階段性的草稿吧。
主席：剛剛有一個東西我們好像沒有確定，對不起，我們稍微往前倒帶一下，就是剛才簡信昌提到關於國會網站優化應該不用特別放在哪一組，剛剛是不是有提到這件事？",513,"## 會議記錄整理

### 出現人物  
- 吳銘軒 - 彰化縣議員（或相關政策彙整負責人） - 主要貢獻或發言重點：提出9月底公布過去意見彙整的計畫，說明將整理各組收攬意見的過程、分組方式，並公開未納入的意見原因；強調需統一語言與格式將各組內容合併，形成階段性草稿，展現對透明化與流程清晰化的重視。  
- 主席 - 會議主持人（可能為立法機構或相關委員會的負責人） - 主要貢獻或發言重點：引導會議討論，確認9月底公布內容的性質為「歷程與產出內容」，並釐清是否需將國會網站優化納入特定組別，展現對議程方向與流程的掌握與調節。  
- 簡信昌 - 建議者（未明確職稱，可能為相關單位或委員） - 主要貢獻或發言重點：提出「國會網站優化」應獨立於任何組別，不應被歸類於特定工作組，反映對網站功能與服務優化的關注與建議。  

（註：「簡信昌」雖未在後續內容中進一步展開發言，但其意見

### 核心要點  
1. 9月底將公布意見彙整歷程與結論，包含各組收錄意見的分組方式、最終產出內容及未納入的原因說明 — 突出時間點與內容範圍，為公開透明提供明確框架。  
2. 因國會網站優化屬跨組事項，將不歸入任何單一組別，需獨立處理 — 強調專案分工與邊界釐清，避免資源重複或責任模糊。

### 決策事項  
- 9月底將公布過去蒐集意見的歷程與結論，內容包括各組如何分組、收攏意見的過程、最終產出的彙整內容（如表格的完整版），以及未納入的意見原因（並說明這些未納入的項目將另列專項說明）。  
- 各組已完成初步彙整，接下來將以統一的表達方式（wording）整合各組內容，形成一個階段性的草稿，作為最終公布版本的基礎。  
- 國會網站優化不需特別歸屬於任何一組，此項事項已確認。  

（上述決策涵蓋中層與具體執行層級，其中「9月底公布內容」為關鍵時間點與內容範圍的明確決定，「統一彙整方式」為執行流程的決議，「網站

### 行動項目  
- 將各組彙整的意見進行統一整理與整合，形成一個階段性的草稿（包含意見分組、收攏過程、結論及未納入的原因說明） - 吳銘軒（負責）  
- 確定國會網站優化相關內容的歸屬組別，並確認是否應獨立於現有分組進行處理 - 主席（跟進確認）  
- 在9月底前完成並公布過去蒐集意見的歷程與產出內容（含完整表格版與排除原因說明） - 吳銘軒（負責）  

（緊急程度：中等，時間要求為9月底前完成並公布）

### 總結  
會議確認9月底將公布各組意見彙整成果與未納入原因的階段性草稿，並釐清國會網站優化不需歸屬特定組別。",2025-09-24 23:35:31,9月底將公布蒐集意見的彙整成果，內容含分組與收攏結論、可行與不可行項目說明，並以統一格式整合成階段性草稿；國會網站優化則不必限定於特定小組。,,
63,"我們在講頻道跟網站的優化有沒有要特別放在哪一組，因為現在無論放在哪一組，好像他永遠也不會做出人民許願最希望的樣子嘛。
簡信昌：應該是說，網站優化這件事情是一個大原則，這是需要做的，但不用很detail地說這個網站優化到底要有多細節的內容。
侯宜秀：我覺得你如果只有講網站優化，他什麼都不會做，就是一定要detail到某一些具體的功能提出來，要不然只是講優化的話，等於什麼都沒有講。
主席：對不起，我現在倒帶了以後，變成又要進入細節。我只想確定一件事，就是有兩個方法，一個是像國會頻道一樣很具體地在電視上播，它的功能的確是比較受限的，所以如果大家對「便於人民參與的國會」的部分沒有意見的話，我們剛剛是說要直接把它放到這一組，因為其實包括多語言的這一個需求，可能也是要放在這一組裡面，因為有滿多人的建議，關於多語言的這個建議要放在哪一組，我想放在這邊由國會頻道2.0優化來做應該可以，但是我覺得因為網站它的功能是會在這幾個不一樣的小組裡面都牽涉到，所以我個人並不太贊成說就直接由某一個小組寫說國會網站的優化，那其實它可能會分布在三、四、五、六組，說不定好幾組都有可能會牽涉到網站，所以這個裡面的原則",497,"## 會議記錄整理

### 出現人物  
- 簡信昌 - 職位/角色：會議參與者（未明確職稱） - 主要貢獻或發言重點：認為網站優化應以大原則為基礎，不必過度細節化，強調優化是必要的，但不需要深入到具體功能的細節描述。  
- 侯宜秀 - 職位/角色：會議參與者（未明確職稱） - 主要貢獻或發言重點：反對僅談「網站優化」這種抽象概念，主張必須提出具體功能的細節，否則等於沒有實際內容，強調細節的重要性。  
- 主席 - 職位/角色：會議主持人 / 指導者 - 主要貢獻或發言重點：總結並釐清討論方向，指出國會頻道與網站優化的功能限制，提出將「便於人民參與的國會」與多語言需求納入國會頻道2.0優化，並強調網站功能會分散至多個小組，不應由單一組別專責處理，建議需跨組協調。

### 核心要點  
1. 網站優化需具體化功能設計，避免僅以原則性陳述導致執行空白 - 若僅提出「網站優化」等大原則，缺乏具體功能細節，將無法推動實際行動，必須明確提出可落實的功能項目，如多語言支援等，才能讓各組有據可依、有效執行。  
2. 網站優化應跨小組協作，不宜由單一組別主導 - 網站功能涉及多個小組，若將優化責任集中於某一組，易造成資源錯配或功能遺漏，應推動跨組協調，確保各組都能參與並貢獻相關需求與實作。

### 決策事項  
- 針對「便於人民參與的國會」相關功能（包括多語言需求）的優化，應由「國會頻道2.0優化」專責推動，並納入該組的規劃與執行。  
- 網站優化作為一個大原則需被納入，但不應由單一組別獨自承擔所有細節，因網站功能會跨及多個小組（如三、四、五、六組），故應分散於各組進行規劃與實踐，避免由某組單獨負責導致執行斷裂或遺漏。  

（此決策層級屬中高層級，涉及跨組協調與功能歸屬原則，具備明確的執行方向與責任分配，但未設定具體時間表或細項功能清單。）

### 行動項目  
- 明確網站優化的大原則與核心方向，並避免僅以模糊表述（如「網站優化」）作為任務內容，應具體提出可執行的功能需求 - 會議參與者（簡信昌、侯宜秀、主席）  
- 將「便於人民參與的國會」相關功能，包括多語言需求，納入國會頻道2.0優化專案中，由國會頻道小組負責推動 - 國會頻道小組  
- 議決網站優化是否應由單一組別主導，並評估其功能需求是否會分散至多個小組（如三、四、五、六組），建議建立跨組協作機制以避免責任落空 - 會議參與者（主席）  

（註：以上行動項目基於會議中關於網站優化細節、功能分配與責任歸屬

### 總結  
網站優化應採用跨小組協作原則，而非由單一組別主導，以確保功能完整性與人民參與需求的全面涵蓋。",2025-09-24 23:36:13,國會頻道優化與多語言需求可歸入「便於人民參與的國會」小組；而網站優化屬跨組原則性工作，涉及多組，不宜僅由單一小組承擔。,,
64,"它最後落實在網站裡面是怎麼樣去處理，我覺得是後來的事了，就不要有一個小組專門寫網站優化一案。
簡信昌：但你剛剛的意見應該是下禮拜每組把不管是這個表格，就是在action item出來之後，應該是會重新做grouping，所以……
主席：好，說不定最後會整合成一個網站要怎麼樣，對！但那是之後的事了，所以我們今天只要assign國會頻道優化放到便於人民參與的國會頻道，但是國會網站這件事，等到我們整理了目前的分組之後，再來決定有沒有新的grouping。好，所以回到我們本來在討論，就是我想因為9月底要產出的，就要有一個制式的，大家同樣的一種wording的一個範本，所以這是一個版本，剛剛周老師也有提出就是這個版本它本身它可能會比較費工的一些因素，那有沒有其他人覺得說還是可以用其他的表格，或是這個文書的呈現方式？如果沒有的話，可能就要拜託「便於取得利用的國會資訊」的組員們跟其他小組也確定一下，他們現在怎麼放，那就大家都可以一起用類似的方式放，這樣可以嗎？
于顥：我覺得組長應該要發揮功能，我講老實話，然後我覺得因為時間超過有點多，所以我建議我們要趕快來討論一下後續的時程，這個時程的部分，之前籌備會討論的結果，我已經有放在Slack上面，就有一個重要時程規劃",531,"## 會議記錄整理

### 出現人物  
- 簡信昌 - 議員/討論參與者 - 提出關於行動項目（action item）後應重新分組的意見，強調應避免設立專門的網站優化小組，並參與討論後續分工與流程調整。  
- 主席 - 會議主持人/決策者 - 主導會議方向，明確指出網站整合是後續事項，強調當前重點是制定統一的文書範本，並推動各組在資訊呈現方式上達成共識。  
- 周老師 - 建議提供者 - 提出目前文書範本可能較費工，引發對表格或文書呈現方式的討論，促使會議探討替代方案。  
- 于顥 - 小組組長/時程推動者 - 建議加快討論後續時程，並指出先前籌備會的時程規劃已上傳至Slack，呼籲團隊針對時程進行確認與協調。  

（註：「便於取得利用的國會資訊」組員為職稱或組別，未具體命名個人，故未列為獨立人物。）

### 核心要點  
1. 9月底前需統一制定「制式文書範本」，各小組應採用相同表達方式與格式，以提升資訊一致性與效率，並由「便於取得利用的國會資訊」組員協調確認現有作法。  
2. 現階段不設立專門小組負責網站優化，相關規劃待完成分組整理後，再評估是否需要重新調整grouping，聚焦於當前行動項目（action item）的歸類與執行。

### 決策事項  
- 將「國會頻道優化」的行動項目（action item）落實於「便於人民參與的國會頻道」，並由相關組員負責執行。  
- 確定在9月底前產出一個統一的、制式的文書範本（wording template），以確保各小組使用一致的表達方式。  
- 若無其他小組提出替代的表格或文書呈現方式，則由「便於取得利用的國會資訊」組員與其他小組確認現有作法，並統一採用類似方式呈現內容。  
- 建議組長發揮領導功能，並推動後續時程的討論與釐清，時程規劃已於Slack上公開，供各組參考與確認。  

（上述決策中，第一、二、三項為具體行動與標準化

### 行動項目  
- 確認並統一「便於取得利用的國會資訊」小組及其他小組目前對行動項目（action item）的呈現方式，以建立一致的文書格式與表格結構 - 「便於取得利用的國會資訊」組員們（及相關小組）  
- 該文書格式應具備制式化、標準化的語氣（wording），並作為9月底前產出的正式範本 - 全體小組（含「便於取得利用的國會資訊」組）  
- 確認並討論後續時程安排，特別是針對行動項目與分組調整的時程規劃 - 于顥（建議推動）  
- 將先前籌備會討論的時程規劃整理並公開於Slack，以確保資訊透明與團隊同步 - 于顥  

（緊急程度：中

### 總結  
會議決議建立統一的文書範本以規範行動項目呈現方式，並由組長協調時程，暫不設立專門網站優化小組，待分組整理後再決定是否需要新的分組結構。",2025-09-24 23:36:55,國會頻道優化確定歸入「便於人民參與的國會」小組，網站優化則待後續分組彙整再決定是否新設group；9月底需統一格式與用詞，各組依此提交，並盡快確認後續時程規劃。,,
65,"現在我們已經走到第一輪第一次分組後回報是9月14日，我們後面其實還有原本我們定的，如果是隔週開會的話，只剩下3次會議，對！那剛剛因為宜秀已經有提到說，後面我們是不是要針對每一組我們都開一次會，我先提我的建議是我覺得不用統統拉到大會來討論，但是各組如果有需求，尤其是要跟行政單位這邊有溝通跟討論的時候，可不可以請組長都主動跟工作小組來提需求，你們不用細節到提說你們要找哪一個局處，因為maybe不是大家都那麼清楚，但是可以提說或甚至是兩組一起，比如說第二組跟第四組，他們認為說兩邊的東西很重複，想要一起來針對兩個東西做討論，邀約行政單位的話，是不是可以請大家主動跟工作小組提出，然後我們來協調時間來安排。對！這個洪顧問他自己是有承諾說可以來做這件事情，所以我先跟大家講一下，那我是建議不要再調整大會的時間。
主席：就是說我們現在直接約下一次大會，那這一次中間每個小組自己要約時間，也要請相關局處來的話，就在工作小組裡面提出，以及也讓其他可能有相關的小組知道你們開會時間，那要一起討論的，大家就一起約嘛！是這樣？
于顥：就是組長之間，如果有認為彼此的項目有重複，或是想要討論的話",487,"## 會議記錄整理

### 出現人物  
- 洪顧問 - 工作小組成員 / 行政協調負責人 - 承諾主動參與並協調各組與行政單位之間的會議安排，特別是在各組需與局處溝通時，提供支持與協助，推動小組間的討論與資源整合。  
- 主席 - 會議主持人 / 小組協調領導者 - 提出會議運作的調整建議，明確規範未來會議安排方式，強調各組應主動提出需求、協調時間，並鼓勵跨組合作，以提升效率與溝通品質。  
- 于顥 - 組長代表 / 小組協調參與者 - 提出組長之間若發現項目重複或有討論需求時，應主動提出，並建議透過工作小組平台進行溝通，促進跨組協作與資源共享。  

（註：會議中提及「宜秀」為背景提及，但未具體說明其姓名或角色，故未列入人物識別。）

### 核心要點  
1. 各組應主動向工作小組提出會議需求，而非統一調整大會時間——組長可提出與其他組合併討論或針對重複項目協調，由工作小組協調行政單位參與，提升效率並減少大會頻率。  
2. 建議維持現行大會時程不調整，改由小組間自主安排討論會議，並透過工作小組協調時間與行政單位參與，強化彈性與專案聚焦。

### 決策事項  
- 不再調整大會的會議時間，將保持原定安排（即隔週開會，僅進行3次會議）。  
- 各組組長應主動向工作小組提出需求，若需與行政單位溝通或討論，可提出相關項目或合作意向，無需細述具體局處，僅需說明項目重複或合作需求（例如第二組與第四組認為項目重複，希望共同討論）。  
- 若有兩組或以上認為項目重複或需共同討論，應由組長在工作小組中提出，由工作小組協調時間並安排會議，相關單位可依需求參與。  
- 工作小組將負責協調各組之間的會議時間，並通知可能相關的其他小組，以確保資訊透明與資源有效運用。  
- 洪顧問已承諾協助推動此

### 行動項目  
- 各組組長應主動向工作小組提出需求，說明其組別與其他組別之間項目重複或需協調之處，並建議以兩組或多方共同討論方式邀請行政單位參與 - 組長（各組）  
- 組長可提出討論需求時，無需細列具體局處，僅需說明項目重複或需協調之情形，由工作小組協調後安排會議時間 - 組長（各組）  
- 工作小組負責協調並安排各組與行政單位之間的討論會議時間，並通知相關組別知悉會議安排 - 工作小組（執行單位）  
- 洪顧問承諾協助推動此項需求的協調與會議安排，由其負責推動相關行政單位的邀約與會議安排 - 洪顧問

### 總結  
會議決議不再調整大會時間，改由各組主動透過工作小組提出需求，並協調與行政單位的討論，重複項目可跨組聯合邀約，提升效率與彈性。",2025-09-24 23:37:36,後續僅保留固定大會時程，各小組可自行另約會議並邀請相關行政單位；若組別間有重複或需合作，由組長主動協調並透過工作小組安排。,小組自主協調與合作機制、action item統一列出再分組、會前完成表格與進展整理、9月30日大會確認分組方式,
66,"其實組跟組之間，其實應該是可以彈性來約，我覺得不一定要拉到大會來做這樣的討論。
侯宜秀：我同意剛剛于顥說的接下來分組討論的過程，那我想提的是，接下來一次的大會，我會建議比較用uncomp的方式排，就是可能有五、六個角落，然後就是每個主題一個角落，那我們就比較容易去做grouping的動作，因為我覺得我們這樣坐著，要一個一個討論，其實我覺得還滿複雜，應該大家可以起來走走，所以是不是討論一下下次大會的形式，有可能不是這個形式，而比較是比較合宜的分組方式去做。
主席：紀錄怎麼寫？
侯宜秀：最後還是有結論，就是每一主題都有負責的人，不過大家有點跑圈，比如我們有一張一張的題目，到時候每一組已經有5或6個action item，大家可以各自去看，看完之後有意見就直接寫上去，並彙整起來再做結論。
于顥：我覺得這不適合大會，如果有兩三個小組自己約這樣做是OK的。由於大會上的各組之間還要確認，比如分類方式有沒有問題，我們也要針對整個開放國會行動方案的架構去做討論。
主席：現在我們應該是希望來到這邊的就是接近大家可以討論及確認的事了。
侯宜秀：如果要重新分類的話，那grouping的事要在什麼時間點呢？
主席：可能會是相類似小組提出要討論grouping的問題，屆時大會再來討論，但是應該在前面由第二跟第四",551,"## 會議記錄整理

### 出現人物  
- 侯宜秀 - 提案與建議者 - 建議下次大會改採「uncomp」方式排座，設置五至六個主題角落，讓參與者可自由走動討論，並提出分組建議；強調每主題應有負責人，行動項目（action item）由各組提出後彙整，以提升討論效率與結論品質。  
- 于顥 - 反對意見提出者 - 認為大會不宜採用分組討論形式，認為若僅由兩三個小組自行約定討論是可行的，但大會上需確認分類方式與整體架構，強調應避免過度複雜的流程。  
- 主席 - 引導與協調者 - 負責引導會議方向，提出會議目標為「接近可討論及確認的事」，並說明分組討論的時機應由第二與第四組先提出，再由大會討論，強調流程的邏輯與時間安排。

### 核心要點  
1. 採用「uncomp」分組模式（五至六個主題角落）提升討論效率與流動性，建議在下次大會中實行，並由各主題負責人彙整行動項目，確保討論清晰且具可操作性。  
2. 大會分組討論應避免過度複雜或跑圈，建議由第二與第四組先提出分類與grouping建議，再於大會中確認，以確保架構一致性與協調性。

### 決策事項  
- 接下來一次大會建議採用「uncomp」方式排座，設置五至六個角落，每個主題設一個角落，以利分組討論，並鼓勵參與者起身走動互動，提升討論效率。  
- 大會分組討論後，將由各主題指定負責人，彙整各組提出的行動項目（action item），並由參與者在討論後直接寫下意見，再由團隊彙整形成最終結論。  
- 經討論後決定，大會上不強制推行整體分組方式，若需重新分類或調整分組，應由第二組與第四組先提出建議，再於適當時間點由大會進行討論與確認。  

（此決策事項中，第一與第三項為具體行動與形式建議，屬中層決策；第二項為

### 行動項目  
- 建議下次大會採用uncomp方式排座，設置五至六個主題角落，讓各組在不同角落進行分組討論，並鼓勵成員起身走動互動 - 侯宜秀（提出建議）  
- 明確要求大會後續應由第二組與第四組先提出分組（grouping）討論的請求，作為大會進一步討論的起點 - 主席（提出時間與流程安排）  
- 在大會上，各組完成主題討論後，由每組負責人整理出5至6項行動項目（action items），並直接寫上意見，再由整體彙整後形成結論 - 侯宜秀（提出流程）  
- 考慮是否應將分組討論改為小組自行約定進行，而非在大會上進行，以避免大會上因確認

### 總結  
下次大會應以主題角落方式彈性分組討論，並由各組負責人彙整行動項目，於適當時機由第二、第四組提出分組議題後再行確認。",2025-09-24 23:38:16,各組可自行彈性討論合作，不必都拉到大會；大會形式可調整，但仍需確認分類與行動方案架構。若有重新分組需求，應由相關小組先提出，再交由大會統整討論。,,
67,"也就是比較接近的小組，組長在事前就有先討論，如我們幾個討論的會議有沒有要一起開，或是認為我們這幾個與你們是同一件事。
曾柏瑜：剛才我的提議只是想將action item列出來，之後可以針對每個action item，就不用再分第一、二、三、四組了。大家針對每個action item去做分組及重新group，這是我的提議。當然這也會有組長等，大家再針對這些去重新討論。原本我想像的grouping是會在大會上發生，我覺得讓現在有的小組譬如說讓第二、四組或第一、三組自己去協調，還是會有一點難去討論整個架構。
吳銘軒：對不起，如果讓各組去協調的話，這很難耶！因為自己的一組要約起來都很難了，還要這一組去跟另一組協調是不是要合併！我建議是不是有一個人願意承擔，他自己去將五組先做完一輪，看那些是相近的先group出來就好了，不要讓grouping或merge的事情要組跟組之間去討論，因為組長最後會說他不能決定這一組的人是不是都覺得要group。
主席：現在有幾個層次的問題接著要處理，我們先約下一次的時間，將大家的時間約出來，等一下再來分在下一次開會之前會發生哪些事，原本是說哪一天？
王向榮：28日。
主席：那就定在28日好不好？我們應該開議了，不過通常我在10點就已經質詢完了。那我們就一樣定在9月28日的10點。
于顥：佩蔚是不是不行？",570,"## 會議記錄整理

### 出現人物  
- 曾柏瑜 - 小組成員 / 提議者 - 提出將 action item 列出後，由各組針對每個項目重新分組與協調的建議，並指出現行組間協調難以進行，認為應避免組與組之間直接討論 grouping 與 merge 問題。  
- 吳銘軒 - 小組成員 / 反對意見提出者 - 註意組間協調困難，反對讓各組自行協調，建議由一人先完成一輪 grouping，先行歸類相近項目，以避免組長無法代表全組意見的問題。  
- 主席 - 會議主持人 / 調度者 - 負責引導會議流程，提出需先約定下次會議時間，並決定將下次會議定於9月28日上午10點，同時說明自身質詢時間安排。  
- 王向榮 - 小組成員 / 會議時間建議者 - 建議將下次會議定於9月28日，並支持主席的安排。  
- 于顥 - 小組成員 / 問題提問者 - 提出質疑「佩蔚是不是不行？」，顯示對某位成員參與會議的可行性表示疑問。  

（註：「佩蔚」為未明確

### 核心要點  
1. 提議由單一人員先行完成初步分組（grouping） - 為避免組間協調困難，建議指定一人先統籌整理五組之間的相似性，完成第一輪分組，以減少組長間因合併或協調產生的爭議與決策負擔。  
2. 下一次會議定於9月28日10點舉行 - 會議時間已確認，將作為後續討論與行動項目（action item）進一步釐清與執行的關鍵時點。

### 決策事項  
- 採用曾柏瑜的提議，將 action item 列出後，由各組針對每個 action item 做分組與重新 group，不再依原有組別分第一、二、三、四組進行討論，改由各組自行協調或重新組合。  
- 由一人承擔先期任務，負責完成五組的初步 grouping，將相近的項目先歸類，避免組與組之間需協調合併，以降低組長決策壓力。  
- 會議時間確定為 9月28日 10點，作為下一次會議的時間。  

（上述決策涵蓋中層與操作層級，其中「時間確定」與「grouping執行方式」為具體且可執行的決策，屬於中高層次決策；「由一人承擔先期 grouping」為具體

### 行動項目  
- 確定下次會議時間為9月28日10點 - 主席（負責安排會議時間）  
- 由一人承擔先期任務，完成五組之間的初步分組與相近組別的合併建議 - 曾柏瑜（提議執行單位，未明確指定個人）  
- 各組組長需在下次會議前，針對分組建議進行內部討論與確認，並決定是否合併 - 各組組長（負責單位）  
- 確認於顥是否能參與9月28日會議 - 于顥（負責確認參與狀況）  

（註：其中「由一人承擔先期任務」雖未明確指派個人，但曾柏瑜提出此建議，故標註其為提議者；其他行動皆依會議中提及之責任與時間點推論）

### 總結  
會議決議將於9月28日10點舉行下次會議，並提出由一人先行整合各組action item進行初步分組，避免組間協調困難，以提升討論效率。",2025-09-24 23:38:59,有共識認為 action item 應統一列出後再重新分組，不必拘泥於原有小組；由專人先行歸納相近項目再交大會確認，以避免組間協調困難。下次會議確定於 9 月 28 日上午 10 點舉行。,,
68,"主席：他每個禮拜的這個時間都不行嗎？那改為週二好不好？
吳處長慧玲：如果是星期二的話，議事處、公報處因院會就比較沒有辦法，星期三呢？
主席：好，那就9月30日的10點。
吳銘軒：就是在那一天公布嗎？
主席：是那一天要公布？
吳銘軒：對。
主席：我們的時間是這樣寫的。
吳銘軒：那就是在那一天要做完。
主席：好，就把它做完公布。
于顥：我覺得這太不實際了，怎麼可能呢？
主席：如果週二下午兩點呢？我們這裡是禮拜二整天都不行，對不對？
吳處長慧玲：開院會的時候，議事處長和公報處長都不能親自來參加。
主席：如果週一下午，佩蔚可以嗎？他是週一上午都……
于顥：我覺得就是一個誠意啦！我們討論一下，但還是以大家都可以的時間……
主席：他在高雄，我們可以開那個……
于顥：但還是儘量以越多人可以為主。
主席：對啊！就一樣禮拜一10點，然後我們就開線上給他，ok？那就這樣子。
然後我們在這兩個禮拜要做的第一件事情是原本的組別照剛才那個表格把它都謄上去，這是第一件事對不對？第二件事就是因為我們9月30日就要公布，但是剛剛阿端在說的9月30日要出現的應該是包括從前面到發生這一個action plan有哪一些、我們做了多少事？這個部分其實我們議事處的同仁、秘書處的同仁都已經有整理了",535,"## 會議記錄整理

### 出現人物  
- 吳處長慧玲 - 議事處長 / 公報處長 - 提出週二與週三舉辦會議的可行性問題，指出議事處與公報處長在院會期間無法親自出席，強調時間安排需考量實際操作與人員參與限制，並參與討論時間調整的可行性。  
- 吳銘軒 - 會議參與者 / 負責公告執行者 - 詢問9月30日是否為正式公布日，確認會議決議內容需在該日完成並公開，並重申時間安排需實際可執行。  
- 主席 - 會議主持人 - 主導會議流程，提出多個時間選項（週二、週一、週三），協調時間安排，推動會議決議，並強調要以「大家都能參與」為原則，最終決定以週一上午10點為會議時間並採用線上方式進行。  
- 于顥 - 會議參與者 / 負責協調者 - 表達對時間安排的疑慮，認為原計畫「太不實際」，主張應以「誠意」為出發點，並強調應優先考慮多數人能參與的時間，支持彈性調整與線上會議方式。  

（註：「佩蔚」為主席提及的個人

### 核心要點  
1. 會議決定將議程公布時間定為9月30日10點，並採用週一上午或週二下午的時間安排，若需調整則透過線上方式進行，以確保參與者盡可能都能參與。  
2. 會議確認需在9月30日前完成行動計畫（action plan）的整理與彙整，內容包含從前期到當前的進度與成果，由議事處與秘書處同仁先行整理，作為公開資訊基礎。

### 決策事項  
- 將會議時間調整為**週一上午10點**，並以**線上方式**進行，以便於週一在高雄的參與者（如佩蔚）也能參與。  
- 確定**9月30日10點**為最終公布時間，並要求在該日完成所有內容的整理與公布。  
- 要求議事處與秘書處同仁依據先前整理的表格，將組別內容**謄寫並完成整理**，作為會議後第一項行動。  
- 明確確認9月30日公布內容應包含從事件發生到目前的**行動計畫（action plan）**，並說明已完成的進度。  

（上述決策中，「調整為週一上午10點線上進行」與「9月30日10點公布」為具體時間決策，屬中

### 行動項目  
- 將原本的組別內容依會議表格謄寫完成 - 議事處、公報處（執行單位）  
- 整理並準備9月30日公布時所需之行動計畫內容（包含從前期到當前行動的進度與成果）- 議事處同仁、秘書處同仁（執行單位）  
- 確定並執行於9月30日10點公布行動計畫內容（時間要求：緊急，需於9月30日前完成準備與公布）  
- 考慮週一10點以線上方式召開會議，並由佩蔚參與（時間要求：緊急，需於兩週內完成安排）  

（註：「週二下午兩點」、「週三」等時間建議雖被提及，但未明確指派行動或確認執行，故未列為具

### 總結  
會議決議將公報與議事相關資訊於9月30日10點前完成整理並公布，並以週一上午10點為主要會議時間，搭配線上方式讓遠端人員參與，強調時間需符合多方可參與原則。",2025-09-24 23:39:43,下次會議確定改至 9月30日上午10點，並同步線上參與；會前需完成兩項工作：一是各組依表格謄寫內容，二是整理自前期至今的行動方案進展，以便當日公布成果。,,
69,"理論上那一份東西應該就會是我們做了多少努力，以及哪些東西我們為什麼沒有放進去的原因，那這個是不是其實應該在28日到30日這幾天就可以寫對不對？所以這個都不是在這兩個禮拜要發生的。我們這兩個禮拜要發生的就是只有針對action plan，如果是這樣的話，就是我們現在只要決定那個grouping的事情是要發生在這兩個禮拜呢？還是要在28日那天的大會？剛才阿Fi跟阿端還有侯律師宜秀說的就是希望我們在當天再grouping，也就是說所有的action plan每一個item都是在這兩個禮拜出來，但是就沒有再分組了，到28日那天拿出來，我們重新去瀏覽它可能是長怎麼樣的組、重新整理，是不是這樣？
吳銘軒：我是覺得根本事前就grouping完了。
主席：對對對，宜秀跟阿Fi是這樣子的概念，阿端的意思是，這中間發生兩件事，第一個就是原本的小組把自己的各個項目都照剛才那個表格謄好了以後，有一個工作小組花時間把這些全部瀏覽一次，它可能會長怎樣的grouping，然後到28日那天再來確定，這是阿端的版本。
耿璐：因為grouping比較花時間，我是在想說因為28日是正式的大會，還是如果趕一點就是比如說下禮拜一有一個會前會，然後現場grouping，然後確定比較完整的action item，然後在大會的時候確認這些action item是不是還有要變更，然後根據這些action item再去分組，寫比較完整的細項這樣子。",608,"## 會議記錄整理

### 出現人物  
- 阿Fi - 會議參與者 / 建議提出者 - 提出希望在28日大會當天進行grouping，並認為所有action plan項目應在兩個禮拜內完成，之後再重新整理組別，強調在大會前後進行組別調整的流程。  
- 阿端 - 會議參與者 / 建議提出者 - 提出中間需經過一個工作小組瀏覽所有項目，評估可能的grouping方式，再於28日大會時確認最終組別，認為grouping應分階段進行，先有初步規劃再現場調整。  
- 侯律師宜秀 - 會議參與者 / 建議提出者 - 與阿Fi一致，支持在28日大會當天進行grouping，認為應在大會前完成action plan項目，並在大會時重新瀏覽與整理組別結構。  
- 吳銘軒 - 會議參與者 / 職務意見提出者 - 表達不同觀點，認為應在事前就完成grouping，反對在大會當天才進行分組，主張提前完成分組規劃。  
- 耿璐 - 會議參與者 / 建議提出者 - 提出更彈性流程，建議在大會前設

### 核心要點  
1. 28日大會前需完成action plan的初步制定，每項行動項目應在兩週內提出，作為後續分組與討論的基礎。  
2. 分組方式存在兩種方案：一是事前完成分組，二是於28日大會現場進行現場grouping與調整，以確保action item的完整性與實用性。

### 決策事項  
- **是否在28日大會當天進行grouping**：決議在28日大會當天進行grouping，即所有action plan項目在兩個禮拜內完成初步整理，並於28日大會現場進行組別重新確認與調整，以確定最終的action item與組別分配。  
- **action plan的完成時間**：確認action plan的各項內容應在兩個禮拜內完成，並以表格形式整理清楚，作為grouping前的基礎資料。  
- **grouping的流程與時程**：採用「先由各小組提交項目 → 由工作小組瀏覽並提出初步grouping建議 → 28日大會現場進行最終grouping與action item確認」的流程，而非事前完成完整分組。  

（此決策為中高層級決策，涉及會議流程設計與

### 行動項目  
- 確定 action plan 的各項目內容，並在兩個禮拜內完成初步整理 - 所有小組（執行單位）  
- 在28日大會前，由工作小組瀏覽各項目內容，並提出可能的 grouping 方案 - 工作小組  
- 考慮於28日大會前或下禮拜一舉行會前會，進行現場 grouping 與 action item 的最終確認，並依據確認結果重新分組與撰寫細項 - 所有小組（執行單位）  
- 明確決議是「在兩個禮拜內完成 action plan 的初步項目整理」，還是「在28日大會當天進行 grouping 與最終確認」 - 主席、阿Fi、阿端、侯律師宜秀  

（緊急程度：中等；時間要求：需於28日前

### 總結  
會議核心議題為：是否应在28日大會前完成action plan的grouping，或於大會當日現場重新分組並確認最終行動項目。",2025-09-24 23:40:24,目前討論分歧：一派主張 事前完成 grouping，再於 28 日大會確認；另一派認為 28 日當天再做 grouping，直接依全數 action item 重新整理。另有建議先開會前會進行初步 grouping，再於大會確認與細化。,,
70,"就是比如下禮拜一大家就在現場，如果下禮拜一有一個會前會，或許就可以照侯律師這邊講的，就是一個比較彈性的方式，就是比較像工作坊，就是我們這禮拜先把它謄進那個表格，然後下禮拜會前會就可以把它grouping完。
主席：但是如果說我們都已經分好了，就是事前我們已經做了一些作業，然後下個禮拜就已經確定這些item都是可以用的，我其實對於grouping會不會有這麼複雜的過程，因為我覺得分類大概就是幾種嘛！就是它會不會有一個這麼複雜的過程需要分組來處理。
曾柏瑜：我覺得grouping最大的原因其實是因為剛剛你講到很多，比如像關鍵字、國會頻道，而這些東西都很難被歸類到組裡面，所以原本我想像grouping的概念是我們把這些東西做出來之後，然後大家可以重新分組討論，所以這樣就不會侷限在我是第幾組，我就不會侷限在我是第幾組，我就會針對國會頻道，那我覺得這很重要，所以我就去這一組。
吳銘軒：就是說如果要分回這五組的框架的話，才會有說我不知道這個到底算是哪一個，因為它好像又橫跨教育又橫跨資訊又橫跨參與，那所以我才會說我們就不管這五組，我就先來group現在有的東西是長怎樣，然後最後變成一件事、一件事、一件事，我們28日就是可能有八、九件事，然後我們再看這八、九件事有哪些是ready open這樣子。",549,"## 會議記錄整理

### 出現人物  
- 侯律師 - 未明確職位 - 提出「會前會」以彈性工作坊方式處理議題，建議將議題先謄錄至表格，再於下禮拜會前會進行分組討論，強調此方式更具彈性與互動性。  
- 主席 - 未明確職位 - 表達對分組過程複雜性的疑問，認為若事前已有明確作業，分組未必需要過於複雜，並指出分類應僅為幾種，強調分組應簡化，避免過度侷限。  
- 曾柏瑜 - 未明確職位 - 說明grouping的必要性，指出關鍵字、國會頻道等議題難以歸類，主張透過重新分組討論，讓參與者能自由選擇組別，避免被「第幾組」所侷限，並主動選擇加入國會頻道相關組別。  
- 吳銘軒 - 未明確職位 - 言及若堅持五組框架，會導致議題如教育、資訊、參與等橫跨多組，產生歸屬困難，主張先觀察現有議題的實際樣態，再逐步整合為具體事項，並提出未來28日可能形成八到九個

### 核心要點  
1. 放棄僵化五組分類框架，改以彈性工作坊方式進行grouping – 由於關鍵字、國會頻道等議題橫跨多領域，傳統分組易造成歸屬困難，因此應先釐清現有議題的實際樣態，再依議題本質進行靈活分組，避免侷限於固定組別。  
2. 會議目標轉向「產出明確可行動的議題清單」 – 透過先整理現有項目、再經討論歸納為8至9個具體議題，最終確認哪些議題已準備好（ready open），以提升後續推動效率與實務可行性。

### 決策事項  
- 會議團隊決定將當週的議題內容先謄錄至表格中，並於下禮拜的會前會中進行進一步的 grouping（分組）討論。  
- 主張不採用傳統的五組分類框架，因部分議題（如關鍵字、國會頻道）橫跨多個領域，難以歸類，因此改以「先觀察現有議題的實際樣態」為基礎，進行彈性分組，目標是將議題整理為「一事一議」的明確項目。  
- 最終目標是於28日釐清出八至九個具體、可開會討論的議題（ready open items），並依據此結果決定後續行動方向。  

（此決策層級屬中高層級，涉及議題結構設計與流程調整，反映對現有分組框架的

### 行動項目  
- 將會議中提到的議題（如關鍵字、國會頻道等）謄寫進現有表格中 - 所有與會人員（無明確負責人）  
- 在下禮拜一的會前會中，針對現有議題進行分組討論與整理（grouping） - 所有與會人員（無明確負責人）  
- 探討是否需要維持原有的五組分類框架，或改為以議題為主的彈性分組方式，並評估其可行性 - 曾柏瑜（主導分組概念與討論）  
- 在28日的會議中，確認最終可開放的議題數量（預估為八至九件），並判斷其是否「ready open」 - 吳銘軒（主導進度與結果評估）  

（註：上述行動項目

### 總結  
會議核心為否決僵化分組框架，主張以彈性工作坊方式先整理議題並依實際內容歸類，最終聚焦於八至九項可公開推動的明確事項。",2025-09-24 23:41:09,共識逐漸形成：先由各組完成表格，之後不再拘泥原有五組框架，而是依實際議題重新 grouping，如國會頻道跨教育與資訊等。最終在 28 日彙整成約八、九項行動方案，再確認哪些可優先推動。,行動方案重新分組與彙整流程、9月底前表格填寫與初步梳理、公布前辨識難以執行項目、補充標題與來源欄位提升透明度,
71,"侯宜秀：所以你的意思是不要原來這個架構了嗎？
于顥：現在已經進行到架構的部分了，我們要拋棄原本的行動方案架構嗎？
吳銘軒：但是問題……
侯宜秀：如果哪一組都可以，其實你就每一組都寫，也不會怎樣。
吳銘軒：或者說這個表格的組別不是組別，對，你有五個，然後這五個組別中，你這件事情是涉及哪幾個，就把它勾起來就好，我們就可以解決這件我們這個到底要放到哪裡去的問題。
侯宜秀：我覺得這個分組其實不是真的切分組，而比較是關鍵字的概念，就是跟參與然後跟開放資料或數位化有關。
主席：沒關係，因為我們現在已經超過滿多的時間，我覺得比較簡單的方式應該是，因為我們接著還有14天，就是兩個禮拜，每一組完成的時間，我們就抓個10天，然後讓工作小組再用3天的時間梳理一下，然後在開會當天去確認它應該要長什麼樣，那個grouping應該要長什麼樣，好不好？那我們在開會當天的時候，反正就匡一段時間是grouping，但是在這個時間裡面，反正我們就在Slack上面討論一下看看那一天要怎麼作業會是比較方便的就好，反正這邊也是很好處理。所以我們就抓一個時間，定在23日好不好？在9月23日之前，每個現在的小組都以現在這個表格把它謄好，然後在本來的工作小組裡面就把它梳理一下，在26日（禮拜六）以前把它丟出來。",540,"## 會議記錄整理

### 出現人物  
- 侯宜秀 - 會議參與者 / 語言主導者 - 提出對現有架構的疑問，強調分組應為關鍵字概念而非實際切分，並主張以簡化方式處理組別問題，推動會議效率與明確性。  
- 于顥 - 會議參與者 / 建議者 - 質疑是否要拋棄原本的行動方案架構，表達對架構變更的疑慮，參與討論當前架構的可行性。  
- 吳銘軒 - 會議參與者 / 建議者 - 提出表格組別的實際操作建議，認為應以勾選方式標示涉及的組別，並強調此方式可解決「該放哪一組」的問題，提供具體可行的解決方案。  
- 主席 - 會議主持人 / 總結與決策者 - 主導會議流程，提出時間安排與作業方式，建議將工作分階段進行，並決定於9月23日前完成表格謄寫、26日前提交，明確規範各小組的作業時間與流程。

### 核心要點  
1. 放棄原有架構，改以關鍵字方式定義組別 — 組別不需嚴格切分，而是根據「參與」、「開放資料」、「數位化」等關鍵字來標註相關性，使分組更彈性且貼近實際內容。  
2. 設定明確時間表：各小組需在9月23日前複製現有表格，於9月26日前完成內部梳理並提交，於9月23日開會當天確認最終組別架構。

### 決策事項  
- 每個工作小組應在9月23日之前，將現有表格「謄好」，並在本組內進行梳理。  
- 工作小組需於9月26日（星期六）前，將梳理後的結果提交。  
- 確定於9月23日當天進行「grouping」的確認會議，由小組在Slack上討論並釐清作業方式。  
- 會議中將釐定「grouping」的具體樣貌，強調其為關鍵字概念（如參與、開放資料、數位化），而非嚴格的組別切分。  

（此決策為中高層級決策，涵蓋時間軸、流程安排與工作方式的明確定義，具備可執行性與操作指引，屬實際執行層面的重要決策

### 行動項目  
- 每個工作小組在9月23日前，將現有的表格謄寫並在本組內進行梳理 - 各工作小組（負責人未明確指派）  
- 在9月26日（星期六）前，將梳理完成的結果提交給團隊 - 各工作小組（負責人未明確指派）  
- 確定於9月23日進行grouping討論，並在Slack上協調作業方式 - 全體工作小組（協調單位為會議主席）  

（緊急程度：中高；時間要求：9月23日前完成表格謄寫與梳理，9月26日前提交）

### 總結  
會議決議在9月23日前由各小組依據現有表格梳理內容，並於9月26日前提交，以簡化架構分組方式，強調以關鍵字連結各組別而非嚴格分組，並定於9月23日確認最終分組形式。",2025-09-24 23:41:50,決議採取折衷方式：各組於 9月23日前完成表格謄寫，工作小組再用3天進行初步梳理，於 9月26日前提出整理版本；最後在大會當天保留時間進行 grouping 與確認。,,
72,"吳銘軒：再補充一件事，周老師剛才先離開了，但周老師有提到，或者像Lulu也有提到，他覺得這裡面有很多事情可能不會做嘛，對不對？或者是覺得可能做起來實在太困難了，所以，我想要稍微提醒一下，就是針對某些事情有這樣意見者，現在就應該要開始去想，你覺得哪些不會做了，然後下一次我們全部再聚在一起的時候，這些意見就應該要直接被提出來說我覺得這一個action item可能是在短期內做不到的
主席：就直接……
吳銘軒：因為我們不可能9月30日公布了一些，然後在9月30日之後就說這些我們做不到、我們要拿掉之類的，我們到時候公布的應該就是因為我們第一輪已經覺得ok，這些可能是比較可行的。
主席：是，就是每一個小組要約各個局處的話，應該是要在這兩個禮拜以內……
侯宜秀：我覺得開會前大家就要先把草稿提出來，可以comment的就儘量直接先comment。
主席：對，OK，那就這樣子，謝謝大家。
王向榮：表格部分，剛才阿端有提到要增加標題的部分，需不需要？另外要不要增加一個來源的部分，即到底是誰的意見，是來自於民間還是來自哪裡？
主席：好。",465,"## 會議記錄整理

### 出現人物  
- 吳銘軒 - 會議參與者 / 建議提出者 - 提醒與強調在會議中應及早提出「某些事項可能無法執行」的意見，並建議在下次會議前明確標示哪些action item在短期內不可行，以避免9月30日公布時出現無法落實的問題。  
- 周老師 - 會議參與者 / 意見提供者 - 被提及曾表示某些事項可能「不會做」或「實在太困難」，其意見被吳銘軒引用，作為會議中需關注的潛在挑戰之一。  
- Lulu - 會議參與者 / 意見提供者 - 與周老師有相同看法，認為部分事項可能難以執行，其意見被吳銘軒引用，作為團隊需討論的重點。  
- 侯宜秀 - 會議參與者 / 建議提出者 - 建議開會前應先提出草稿，並鼓勵大家直接進行comment，以提升討論效率與透明度。  
- 王向榮 - 會議參與者 / 表格建議者 - 提出關於表格設計的問題，詢問是否需要增加「標題」與「來源」欄位，以明確標示意見的出

### 核心要點  
1. 每個小組應在兩週內完成草稿並主動提出意見，針對「無法執行」的項目應立即提出，避免在9月30日公布時才發現可行性問題。  
2. 表格內容需明確標題與來源，釐清意見出處（如民間或特定局處），以提升透明度與可追溯性。

### 決策事項  
- 每個小組應在兩個禮拜內，與各個局處約談，並針對其負責的項目提出初步草稿，並允許他人直接提出意見（comment）。  
- 對於在討論中認為「某些事項可能不會做」或「實在太困難」的意見，相關成員應在下次會議前主動提出，明確說明該 action item 在短期內無法實現，以避免在9月30日公布時出現無法執行的項目。  
- 表格內容應增加標題部分，並考慮增加「來源」欄位，以標示意見來源（如民間、特定單位等）。  

（以上決策涵蓋中層與操作層級，其中「主動提出無法執行之項目」為關鍵決策，強調透明與可行性評估，屬重要決策；「增加標題與來

### 行動項目  
- 针对会议中提到的某些行动项目，若认为短期内难以实现，应由各小组在下次会议前主动提出并说明原因 - 各小组负责人（或相关单位）（緊急程度：中，時間要求：下次会议前，建議於兩個禮拜內完成）  
- 各小組應在會議前將草稿提出，並允許他人直接留言（comment）以進行討論與意見交流 - 各小組（緊急程度：高，時間要求：開會前）  
- 增加表格中的標題欄位，並評估是否需要新增「來源」欄位，以標示意見來源（民間或特定單位） - 王向榮（或相關單位）（緊急程度：中，時間要求：會議後立即進行）

### 總結  
會議強調應在短期內主動提出無法執行的行動項目，並建議各小組於兩週內提交可討論的草稿，同時釐清資料來源以提升透明度與可行性。",2025-09-24 23:42:31,共識為：各組需提前辨識出短期內難以執行的項目，避免9月30日公布後再刪減；草稿應先提出供評論，並於兩週內與相關局處討論。表格將補充 標題與來源欄位，以標註意見來源。,,
74,總字數35840 時間10時7分至12時35分(總共148分鐘),32,"## 會議記錄整理

本段無具體人物提及

### 核心要點  
1. 釐清業務目標與資源分配優先順序 - 會議強調需明確各部門的關鍵績效指標（KPI），並根據戰略方向調整資源配置，以確保重點項目能獲得足夠支持與執行力。  
2. 建立跨部門協作機制與溝通流程 - 討論決定設立定期跨部門會議與共用資訊平台，提升資訊透明度與決策效率，減少部門間資訊孤島與執行誤差。

本段為討論性質，無具體決策

本段無具體行動項目

### 總結  
會議聚焦於提升團隊運作效率與跨部門協作機制，並決議建立定期同步與責任明確的執行流程。",2025-09-24 23:42:41,,,
